project,version,trial,seed,original_tests,sample_size,universe_elements,covered_elements,retention_percent
attrs,24.1.0,1,20260915,1334,190,4400,3425,77.8409090909091
attrs,24.1.0,2,20260915,1334,190,4400,3175,72.1590909090909
attrs,24.1.0,3,20260915,1334,190,4400,3298,74.95454545454545
attrs,24.1.0,4,20260915,1334,190,4400,3449,78.38636363636364
attrs,24.1.0,5,20260915,1334,190,4400,3155,71.70454545454545
attrs,24.1.0,6,20260915,1334,190,4400,3253,73.93181818181819
attrs,24.1.0,7,20260915,1334,190,4400,2996,68.0909090909091
attrs,24.1.0,8,20260915,1334,190,4400,3209,72.93181818181819
attrs,24.1.0,9,20260915,1334,190,4400,3428,77.9090909090909
attrs,24.1.0,10,20260915,1334,190,4400,3218,73.13636363636364
attrs,24.1.0,11,20260915,1334,190,4400,3303,75.06818181818181
attrs,24.1.0,12,20260915,1334,190,4400,3060,69.54545454545455
attrs,24.1.0,13,20260915,1334,190,4400,3443,78.25
attrs,24.1.0,14,20260915,1334,190,4400,3344,76.0
attrs,24.1.0,15,20260915,1334,190,4400,3332,75.72727272727273
attrs,24.1.0,16,20260915,1334,190,4400,3226,73.31818181818181
attrs,24.1.0,17,20260915,1334,190,4400,3273,74.38636363636364
attrs,24.1.0,18,20260915,1334,190,4400,3250,73.86363636363636
attrs,24.1.0,19,20260915,1334,190,4400,3452,78.45454545454545
attrs,24.1.0,20,20260915,1334,190,4400,3172,72.0909090909091
attrs,24.1.0,21,20260915,1334,190,4400,3373,76.6590909090909
attrs,24.1.0,22,20260915,1334,190,4400,3077,69.93181818181819
attrs,24.1.0,23,20260915,1334,190,4400,3273,74.38636363636364
attrs,24.1.0,24,20260915,1334,190,4400,3386,76.95454545454545
attrs,24.1.0,25,20260915,1334,190,4400,3532,80.27272727272727
attrs,24.1.0,26,20260915,1334,190,4400,3495,79.43181818181819
attrs,24.1.0,27,20260915,1334,190,4400,3445,78.29545454545455
attrs,24.1.0,28,20260915,1334,190,4400,3224,73.27272727272727
attrs,24.1.0,29,20260915,1334,190,4400,3213,73.02272727272727
attrs,24.1.0,30,20260915,1334,190,4400,3131,71.1590909090909
attrs,24.1.0,31,20260915,1334,190,4400,3346,76.04545454545455
attrs,24.1.0,32,20260915,1334,190,4400,3078,69.95454545454545
attrs,24.1.0,33,20260915,1334,190,4400,3386,76.95454545454545
attrs,24.1.0,34,20260915,1334,190,4400,3331,75.70454545454545
attrs,24.1.0,35,20260915,1334,190,4400,3250,73.86363636363636
attrs,24.1.0,36,20260915,1334,190,4400,3227,73.3409090909091
attrs,24.1.0,37,20260915,1334,190,4400,3294,74.86363636363636
attrs,24.1.0,38,20260915,1334,190,4400,3351,76.1590909090909
attrs,24.1.0,39,20260915,1334,190,4400,3243,73.70454545454545
attrs,24.1.0,40,20260915,1334,190,4400,3322,75.5
attrs,24.1.0,41,20260915,1334,190,4400,3276,74.45454545454545
attrs,24.1.0,42,20260915,1334,190,4400,3215,73.06818181818181
attrs,24.1.0,43,20260915,1334,190,4400,3185,72.38636363636364
attrs,24.1.0,44,20260915,1334,190,4400,3264,74.18181818181819
attrs,24.1.0,45,20260915,1334,190,4400,3206,72.86363636363636
attrs,24.1.0,46,20260915,1334,190,4400,3263,74.1590909090909
attrs,24.1.0,47,20260915,1334,190,4400,3200,72.72727272727273
attrs,24.1.0,48,20260915,1334,190,4400,3259,74.06818181818181
attrs,24.1.0,49,20260915,1334,190,4400,3155,71.70454545454545
attrs,24.1.0,50,20260915,1334,190,4400,3349,76.11363636363636
attrs,24.1.0,51,20260915,1334,190,4400,3260,74.0909090909091
attrs,24.1.0,52,20260915,1334,190,4400,3287,74.70454545454545
attrs,24.1.0,53,20260915,1334,190,4400,3234,73.5
attrs,24.1.0,54,20260915,1334,190,4400,3385,76.93181818181819
attrs,24.1.0,55,20260915,1334,190,4400,3241,73.6590909090909
attrs,24.1.0,56,20260915,1334,190,4400,3220,73.18181818181819
attrs,24.1.0,57,20260915,1334,190,4400,3330,75.68181818181819
attrs,24.1.0,58,20260915,1334,190,4400,3426,77.86363636363636
attrs,24.1.0,59,20260915,1334,190,4400,3078,69.95454545454545
attrs,24.1.0,60,20260915,1334,190,4400,3093,70.29545454545455
attrs,24.1.0,61,20260915,1334,190,4400,3203,72.79545454545455
attrs,24.1.0,62,20260915,1334,190,4400,3312,75.27272727272727
attrs,24.1.0,63,20260915,1334,190,4400,3362,76.4090909090909
attrs,24.1.0,64,20260915,1334,190,4400,3193,72.56818181818181
attrs,24.1.0,65,20260915,1334,190,4400,3296,74.9090909090909
attrs,24.1.0,66,20260915,1334,190,4400,3133,71.20454545454545
attrs,24.1.0,67,20260915,1334,190,4400,3420,77.72727272727273
attrs,24.1.0,68,20260915,1334,190,4400,3134,71.22727272727273
attrs,24.1.0,69,20260915,1334,190,4400,3133,71.20454545454545
attrs,24.1.0,70,20260915,1334,190,4400,3208,72.9090909090909
attrs,24.1.0,71,20260915,1334,190,4400,3189,72.47727272727273
attrs,24.1.0,72,20260915,1334,190,4400,3130,71.13636363636364
attrs,24.1.0,73,20260915,1334,190,4400,3251,73.88636363636364
attrs,24.1.0,74,20260915,1334,190,4400,3188,72.45454545454545
attrs,24.1.0,75,20260915,1334,190,4400,3438,78.13636363636364
attrs,24.1.0,76,20260915,1334,190,4400,3235,73.52272727272727
attrs,24.1.0,77,20260915,1334,190,4400,3135,71.25
attrs,24.1.0,78,20260915,1334,190,4400,3321,75.47727272727273
attrs,24.1.0,79,20260915,1334,190,4400,3382,76.86363636363636
attrs,24.1.0,80,20260915,1334,190,4400,3349,76.11363636363636
attrs,24.1.0,81,20260915,1334,190,4400,3235,73.52272727272727
attrs,24.1.0,82,20260915,1334,190,4400,3163,71.88636363636364
attrs,24.1.0,83,20260915,1334,190,4400,3141,71.38636363636364
attrs,24.1.0,84,20260915,1334,190,4400,3213,73.02272727272727
attrs,24.1.0,85,20260915,1334,190,4400,3388,77.0
attrs,24.1.0,86,20260915,1334,190,4400,3334,75.77272727272727
attrs,24.1.0,87,20260915,1334,190,4400,3153,71.6590909090909
attrs,24.1.0,88,20260915,1334,190,4400,3261,74.11363636363636
attrs,24.1.0,89,20260915,1334,190,4400,3302,75.04545454545455
attrs,24.1.0,90,20260915,1334,190,4400,3262,74.13636363636364
attrs,24.1.0,91,20260915,1334,190,4400,3175,72.1590909090909
attrs,24.1.0,92,20260915,1334,190,4400,3266,74.22727272727273
attrs,24.1.0,93,20260915,1334,190,4400,3146,71.5
attrs,24.1.0,94,20260915,1334,190,4400,3312,75.27272727272727
attrs,24.1.0,95,20260915,1334,190,4400,3398,77.22727272727273
attrs,24.1.0,96,20260915,1334,190,4400,3183,72.3409090909091
attrs,24.1.0,97,20260915,1334,190,4400,3295,74.88636363636364
attrs,24.1.0,98,20260915,1334,190,4400,3216,73.0909090909091
attrs,24.1.0,99,20260915,1334,190,4400,3303,75.06818181818181
attrs,24.1.0,100,20260915,1334,190,4400,3227,73.3409090909091
attrs,24.1.0,101,20260915,1334,190,4400,3265,74.20454545454545
attrs,24.1.0,102,20260915,1334,190,4400,3345,76.02272727272727
attrs,24.1.0,103,20260915,1334,190,4400,3218,73.13636363636364
attrs,24.1.0,104,20260915,1334,190,4400,3375,76.70454545454545
attrs,24.1.0,105,20260915,1334,190,4400,3198,72.68181818181819
attrs,24.1.0,106,20260915,1334,190,4400,3266,74.22727272727273
attrs,24.1.0,107,20260915,1334,190,4400,3218,73.13636363636364
attrs,24.1.0,108,20260915,1334,190,4400,3215,73.06818181818181
attrs,24.1.0,109,20260915,1334,190,4400,3199,72.70454545454545
attrs,24.1.0,110,20260915,1334,190,4400,3256,74.0
attrs,24.1.0,111,20260915,1334,190,4400,3234,73.5
attrs,24.1.0,112,20260915,1334,190,4400,3065,69.6590909090909
attrs,24.1.0,113,20260915,1334,190,4400,3160,71.81818181818181
attrs,24.1.0,114,20260915,1334,190,4400,3196,72.63636363636364
attrs,24.1.0,115,20260915,1334,190,4400,3281,74.56818181818181
attrs,24.1.0,116,20260915,1334,190,4400,3331,75.70454545454545
attrs,24.1.0,117,20260915,1334,190,4400,3406,77.4090909090909
attrs,24.1.0,118,20260915,1334,190,4400,3339,75.88636363636364
attrs,24.1.0,119,20260915,1334,190,4400,3228,73.36363636363636
attrs,24.1.0,120,20260915,1334,190,4400,3282,74.5909090909091
attrs,24.1.0,121,20260915,1334,190,4400,3354,76.22727272727273
attrs,24.1.0,122,20260915,1334,190,4400,3198,72.68181818181819
attrs,24.1.0,123,20260915,1334,190,4400,3277,74.47727272727273
attrs,24.1.0,124,20260915,1334,190,4400,3214,73.04545454545455
attrs,24.1.0,125,20260915,1334,190,4400,3157,71.75
attrs,24.1.0,126,20260915,1334,190,4400,3353,76.20454545454545
attrs,24.1.0,127,20260915,1334,190,4400,3231,73.43181818181819
attrs,24.1.0,128,20260915,1334,190,4400,3179,72.25
attrs,24.1.0,129,20260915,1334,190,4400,3351,76.1590909090909
attrs,24.1.0,130,20260915,1334,190,4400,3297,74.93181818181819
attrs,24.1.0,131,20260915,1334,190,4400,3380,76.81818181818181
attrs,24.1.0,132,20260915,1334,190,4400,3316,75.36363636363636
attrs,24.1.0,133,20260915,1334,190,4400,3152,71.63636363636364
attrs,24.1.0,134,20260915,1334,190,4400,3295,74.88636363636364
attrs,24.1.0,135,20260915,1334,190,4400,3186,72.4090909090909
attrs,24.1.0,136,20260915,1334,190,4400,3236,73.54545454545455
attrs,24.1.0,137,20260915,1334,190,4400,3389,77.02272727272727
attrs,24.1.0,138,20260915,1334,190,4400,3291,74.79545454545455
attrs,24.1.0,139,20260915,1334,190,4400,3231,73.43181818181819
attrs,24.1.0,140,20260915,1334,190,4400,3261,74.11363636363636
attrs,24.1.0,141,20260915,1334,190,4400,3363,76.43181818181819
attrs,24.1.0,142,20260915,1334,190,4400,3203,72.79545454545455
attrs,24.1.0,143,20260915,1334,190,4400,3259,74.06818181818181
attrs,24.1.0,144,20260915,1334,190,4400,3422,77.77272727272727
attrs,24.1.0,145,20260915,1334,190,4400,3356,76.27272727272727
attrs,24.1.0,146,20260915,1334,190,4400,3218,73.13636363636364
attrs,24.1.0,147,20260915,1334,190,4400,3261,74.11363636363636
attrs,24.1.0,148,20260915,1334,190,4400,3391,77.06818181818181
attrs,24.1.0,149,20260915,1334,190,4400,3334,75.77272727272727
attrs,24.1.0,150,20260915,1334,190,4400,3274,74.4090909090909
attrs,24.1.0,151,20260915,1334,190,4400,3231,73.43181818181819
attrs,24.1.0,152,20260915,1334,190,4400,3345,76.02272727272727
attrs,24.1.0,153,20260915,1334,190,4400,3395,77.1590909090909
attrs,24.1.0,154,20260915,1334,190,4400,3114,70.77272727272727
attrs,24.1.0,155,20260915,1334,190,4400,3408,77.45454545454545
attrs,24.1.0,156,20260915,1334,190,4400,3274,74.4090909090909
attrs,24.1.0,157,20260915,1334,190,4400,3366,76.5
attrs,24.1.0,158,20260915,1334,190,4400,3262,74.13636363636364
attrs,24.1.0,159,20260915,1334,190,4400,3172,72.0909090909091
attrs,24.1.0,160,20260915,1334,190,4400,3347,76.06818181818181
attrs,24.1.0,161,20260915,1334,190,4400,3422,77.77272727272727
attrs,24.1.0,162,20260915,1334,190,4400,3229,73.38636363636364
attrs,24.1.0,163,20260915,1334,190,4400,3098,70.4090909090909
attrs,24.1.0,164,20260915,1334,190,4400,3316,75.36363636363636
attrs,24.1.0,165,20260915,1334,190,4400,3141,71.38636363636364
attrs,24.1.0,166,20260915,1334,190,4400,3201,72.75
attrs,24.1.0,167,20260915,1334,190,4400,3515,79.88636363636364
attrs,24.1.0,168,20260915,1334,190,4400,3295,74.88636363636364
attrs,24.1.0,169,20260915,1334,190,4400,3254,73.95454545454545
attrs,24.1.0,170,20260915,1334,190,4400,3243,73.70454545454545
attrs,24.1.0,171,20260915,1334,190,4400,3273,74.38636363636364
attrs,24.1.0,172,20260915,1334,190,4400,3275,74.43181818181819
attrs,24.1.0,173,20260915,1334,190,4400,3119,70.88636363636364
attrs,24.1.0,174,20260915,1334,190,4400,3219,73.1590909090909
attrs,24.1.0,175,20260915,1334,190,4400,3256,74.0
attrs,24.1.0,176,20260915,1334,190,4400,3226,73.31818181818181
attrs,24.1.0,177,20260915,1334,190,4400,3149,71.56818181818181
attrs,24.1.0,178,20260915,1334,190,4400,3303,75.06818181818181
attrs,24.1.0,179,20260915,1334,190,4400,3132,71.18181818181819
attrs,24.1.0,180,20260915,1334,190,4400,3287,74.70454545454545
attrs,24.1.0,181,20260915,1334,190,4400,3196,72.63636363636364
attrs,24.1.0,182,20260915,1334,190,4400,3345,76.02272727272727
attrs,24.1.0,183,20260915,1334,190,4400,3269,74.29545454545455
attrs,24.1.0,184,20260915,1334,190,4400,3253,73.93181818181819
attrs,24.1.0,185,20260915,1334,190,4400,3257,74.02272727272727
attrs,24.1.0,186,20260915,1334,190,4400,3332,75.72727272727273
attrs,24.1.0,187,20260915,1334,190,4400,3319,75.43181818181819
attrs,24.1.0,188,20260915,1334,190,4400,3141,71.38636363636364
attrs,24.1.0,189,20260915,1334,190,4400,3111,70.70454545454545
attrs,24.1.0,190,20260915,1334,190,4400,3253,73.93181818181819
attrs,24.1.0,191,20260915,1334,190,4400,3320,75.45454545454545
attrs,24.1.0,192,20260915,1334,190,4400,3149,71.56818181818181
attrs,24.1.0,193,20260915,1334,190,4400,3358,76.31818181818181
attrs,24.1.0,194,20260915,1334,190,4400,3238,73.5909090909091
attrs,24.1.0,195,20260915,1334,190,4400,3178,72.22727272727273
attrs,24.1.0,196,20260915,1334,190,4400,3335,75.79545454545455
attrs,24.1.0,197,20260915,1334,190,4400,3512,79.81818181818181
attrs,24.1.0,198,20260915,1334,190,4400,3160,71.81818181818181
attrs,24.1.0,199,20260915,1334,190,4400,3352,76.18181818181819
attrs,24.1.0,200,20260915,1334,190,4400,3234,73.5
attrs,24.1.0,201,20260915,1334,190,4400,3302,75.04545454545455
attrs,24.1.0,202,20260915,1334,190,4400,3412,77.54545454545455
attrs,24.1.0,203,20260915,1334,190,4400,3242,73.68181818181819
attrs,24.1.0,204,20260915,1334,190,4400,3366,76.5
attrs,24.1.0,205,20260915,1334,190,4400,3421,77.75
attrs,24.1.0,206,20260915,1334,190,4400,3324,75.54545454545455
attrs,24.1.0,207,20260915,1334,190,4400,3423,77.79545454545455
attrs,24.1.0,208,20260915,1334,190,4400,3188,72.45454545454545
attrs,24.1.0,209,20260915,1334,190,4400,3072,69.81818181818181
attrs,24.1.0,210,20260915,1334,190,4400,3222,73.22727272727273
attrs,24.1.0,211,20260915,1334,190,4400,3251,73.88636363636364
attrs,24.1.0,212,20260915,1334,190,4400,3070,69.77272727272727
attrs,24.1.0,213,20260915,1334,190,4400,3109,70.6590909090909
attrs,24.1.0,214,20260915,1334,190,4400,3320,75.45454545454545
attrs,24.1.0,215,20260915,1334,190,4400,3230,73.4090909090909
attrs,24.1.0,216,20260915,1334,190,4400,3216,73.0909090909091
attrs,24.1.0,217,20260915,1334,190,4400,3311,75.25
attrs,24.1.0,218,20260915,1334,190,4400,3483,79.1590909090909
attrs,24.1.0,219,20260915,1334,190,4400,3223,73.25
attrs,24.1.0,220,20260915,1334,190,4400,3330,75.68181818181819
attrs,24.1.0,221,20260915,1334,190,4400,3195,72.61363636363636
attrs,24.1.0,222,20260915,1334,190,4400,3385,76.93181818181819
attrs,24.1.0,223,20260915,1334,190,4400,3392,77.0909090909091
attrs,24.1.0,224,20260915,1334,190,4400,3279,74.52272727272727
attrs,24.1.0,225,20260915,1334,190,4400,3143,71.43181818181819
attrs,24.1.0,226,20260915,1334,190,4400,3351,76.1590909090909
attrs,24.1.0,227,20260915,1334,190,4400,3046,69.22727272727273
attrs,24.1.0,228,20260915,1334,190,4400,3268,74.27272727272727
attrs,24.1.0,229,20260915,1334,190,4400,3276,74.45454545454545
attrs,24.1.0,230,20260915,1334,190,4400,3230,73.4090909090909
attrs,24.1.0,231,20260915,1334,190,4400,3374,76.68181818181819
attrs,24.1.0,232,20260915,1334,190,4400,3444,78.27272727272727
attrs,24.1.0,233,20260915,1334,190,4400,3211,72.97727272727273
attrs,24.1.0,234,20260915,1334,190,4400,3320,75.45454545454545
attrs,24.1.0,235,20260915,1334,190,4400,3204,72.81818181818181
attrs,24.1.0,236,20260915,1334,190,4400,3227,73.3409090909091
attrs,24.1.0,237,20260915,1334,190,4400,3239,73.61363636363636
attrs,24.1.0,238,20260915,1334,190,4400,3174,72.13636363636364
attrs,24.1.0,239,20260915,1334,190,4400,3415,77.61363636363636
attrs,24.1.0,240,20260915,1334,190,4400,3297,74.93181818181819
attrs,24.1.0,241,20260915,1334,190,4400,3333,75.75
attrs,24.1.0,242,20260915,1334,190,4400,3288,74.72727272727273
attrs,24.1.0,243,20260915,1334,190,4400,3413,77.56818181818181
attrs,24.1.0,244,20260915,1334,190,4400,3353,76.20454545454545
attrs,24.1.0,245,20260915,1334,190,4400,3345,76.02272727272727
attrs,24.1.0,246,20260915,1334,190,4400,3248,73.81818181818181
attrs,24.1.0,247,20260915,1334,190,4400,3406,77.4090909090909
attrs,24.1.0,248,20260915,1334,190,4400,3069,69.75
attrs,24.1.0,249,20260915,1334,190,4400,3218,73.13636363636364
attrs,24.1.0,250,20260915,1334,190,4400,3289,74.75
attrs,24.1.0,251,20260915,1334,190,4400,3410,77.5
attrs,24.1.0,252,20260915,1334,190,4400,3425,77.8409090909091
attrs,24.1.0,253,20260915,1334,190,4400,3218,73.13636363636364
attrs,24.1.0,254,20260915,1334,190,4400,3080,70.0
attrs,24.1.0,255,20260915,1334,190,4400,3218,73.13636363636364
attrs,24.1.0,256,20260915,1334,190,4400,3146,71.5
attrs,24.1.0,257,20260915,1334,190,4400,3290,74.77272727272727
attrs,24.1.0,258,20260915,1334,190,4400,3194,72.5909090909091
attrs,24.1.0,259,20260915,1334,190,4400,3421,77.75
attrs,24.1.0,260,20260915,1334,190,4400,3139,71.3409090909091
attrs,24.1.0,261,20260915,1334,190,4400,3187,72.43181818181819
attrs,24.1.0,262,20260915,1334,190,4400,3250,73.86363636363636
attrs,24.1.0,263,20260915,1334,190,4400,3309,75.20454545454545
attrs,24.1.0,264,20260915,1334,190,4400,3366,76.5
attrs,24.1.0,265,20260915,1334,190,4400,3340,75.9090909090909
attrs,24.1.0,266,20260915,1334,190,4400,3196,72.63636363636364
attrs,24.1.0,267,20260915,1334,190,4400,3262,74.13636363636364
attrs,24.1.0,268,20260915,1334,190,4400,3194,72.5909090909091
attrs,24.1.0,269,20260915,1334,190,4400,3288,74.72727272727273
attrs,24.1.0,270,20260915,1334,190,4400,3221,73.20454545454545
attrs,24.1.0,271,20260915,1334,190,4400,3379,76.79545454545455
attrs,24.1.0,272,20260915,1334,190,4400,3193,72.56818181818181
attrs,24.1.0,273,20260915,1334,190,4400,3285,74.6590909090909
attrs,24.1.0,274,20260915,1334,190,4400,3180,72.27272727272727
attrs,24.1.0,275,20260915,1334,190,4400,3345,76.02272727272727
attrs,24.1.0,276,20260915,1334,190,4400,3189,72.47727272727273
attrs,24.1.0,277,20260915,1334,190,4400,3474,78.95454545454545
attrs,24.1.0,278,20260915,1334,190,4400,3309,75.20454545454545
attrs,24.1.0,279,20260915,1334,190,4400,3328,75.63636363636364
attrs,24.1.0,280,20260915,1334,190,4400,3309,75.20454545454545
attrs,24.1.0,281,20260915,1334,190,4400,3363,76.43181818181819
attrs,24.1.0,282,20260915,1334,190,4400,3327,75.61363636363636
attrs,24.1.0,283,20260915,1334,190,4400,3236,73.54545454545455
attrs,24.1.0,284,20260915,1334,190,4400,3401,77.29545454545455
attrs,24.1.0,285,20260915,1334,190,4400,3206,72.86363636363636
attrs,24.1.0,286,20260915,1334,190,4400,3416,77.63636363636364
attrs,24.1.0,287,20260915,1334,190,4400,3347,76.06818181818181
attrs,24.1.0,288,20260915,1334,190,4400,3159,71.79545454545455
attrs,24.1.0,289,20260915,1334,190,4400,3293,74.8409090909091
attrs,24.1.0,290,20260915,1334,190,4400,3264,74.18181818181819
attrs,24.1.0,291,20260915,1334,190,4400,3342,75.95454545454545
attrs,24.1.0,292,20260915,1334,190,4400,3176,72.18181818181819
attrs,24.1.0,293,20260915,1334,190,4400,3215,73.06818181818181
attrs,24.1.0,294,20260915,1334,190,4400,3397,77.20454545454545
attrs,24.1.0,295,20260915,1334,190,4400,3377,76.75
attrs,24.1.0,296,20260915,1334,190,4400,3206,72.86363636363636
attrs,24.1.0,297,20260915,1334,190,4400,3225,73.29545454545455
attrs,24.1.0,298,20260915,1334,190,4400,3329,75.6590909090909
attrs,24.1.0,299,20260915,1334,190,4400,3313,75.29545454545455
attrs,24.1.0,300,20260915,1334,190,4400,3221,73.20454545454545
attrs,24.1.0,301,20260915,1334,190,4400,3287,74.70454545454545
attrs,24.1.0,302,20260915,1334,190,4400,3206,72.86363636363636
attrs,24.1.0,303,20260915,1334,190,4400,3085,70.11363636363636
attrs,24.1.0,304,20260915,1334,190,4400,3357,76.29545454545455
attrs,24.1.0,305,20260915,1334,190,4400,3221,73.20454545454545
attrs,24.1.0,306,20260915,1334,190,4400,3272,74.36363636363636
attrs,24.1.0,307,20260915,1334,190,4400,3223,73.25
attrs,24.1.0,308,20260915,1334,190,4400,3354,76.22727272727273
attrs,24.1.0,309,20260915,1334,190,4400,3375,76.70454545454545
attrs,24.1.0,310,20260915,1334,190,4400,3235,73.52272727272727
attrs,24.1.0,311,20260915,1334,190,4400,3030,68.86363636363636
attrs,24.1.0,312,20260915,1334,190,4400,3426,77.86363636363636
attrs,24.1.0,313,20260915,1334,190,4400,3265,74.20454545454545
attrs,24.1.0,314,20260915,1334,190,4400,3376,76.72727272727273
attrs,24.1.0,315,20260915,1334,190,4400,3452,78.45454545454545
attrs,24.1.0,316,20260915,1334,190,4400,3291,74.79545454545455
attrs,24.1.0,317,20260915,1334,190,4400,3157,71.75
attrs,24.1.0,318,20260915,1334,190,4400,3240,73.63636363636364
attrs,24.1.0,319,20260915,1334,190,4400,3322,75.5
attrs,24.1.0,320,20260915,1334,190,4400,3226,73.31818181818181
attrs,24.1.0,321,20260915,1334,190,4400,3155,71.70454545454545
attrs,24.1.0,322,20260915,1334,190,4400,3291,74.79545454545455
attrs,24.1.0,323,20260915,1334,190,4400,3453,78.47727272727273
attrs,24.1.0,324,20260915,1334,190,4400,3114,70.77272727272727
attrs,24.1.0,325,20260915,1334,190,4400,3231,73.43181818181819
attrs,24.1.0,326,20260915,1334,190,4400,3333,75.75
attrs,24.1.0,327,20260915,1334,190,4400,3257,74.02272727272727
attrs,24.1.0,328,20260915,1334,190,4400,3238,73.5909090909091
attrs,24.1.0,329,20260915,1334,190,4400,3451,78.43181818181819
attrs,24.1.0,330,20260915,1334,190,4400,3203,72.79545454545455
attrs,24.1.0,331,20260915,1334,190,4400,3366,76.5
attrs,24.1.0,332,20260915,1334,190,4400,3254,73.95454545454545
attrs,24.1.0,333,20260915,1334,190,4400,3277,74.47727272727273
attrs,24.1.0,334,20260915,1334,190,4400,3213,73.02272727272727
attrs,24.1.0,335,20260915,1334,190,4400,3241,73.6590909090909
attrs,24.1.0,336,20260915,1334,190,4400,3429,77.93181818181819
attrs,24.1.0,337,20260915,1334,190,4400,3197,72.6590909090909
attrs,24.1.0,338,20260915,1334,190,4400,3442,78.22727272727273
attrs,24.1.0,339,20260915,1334,190,4400,3350,76.13636363636364
attrs,24.1.0,340,20260915,1334,190,4400,3301,75.02272727272727
attrs,24.1.0,341,20260915,1334,190,4400,3267,74.25
attrs,24.1.0,342,20260915,1334,190,4400,3299,74.97727272727273
attrs,24.1.0,343,20260915,1334,190,4400,3362,76.4090909090909
attrs,24.1.0,344,20260915,1334,190,4400,3218,73.13636363636364
attrs,24.1.0,345,20260915,1334,190,4400,3309,75.20454545454545
attrs,24.1.0,346,20260915,1334,190,4400,3130,71.13636363636364
attrs,24.1.0,347,20260915,1334,190,4400,3144,71.45454545454545
attrs,24.1.0,348,20260915,1334,190,4400,3292,74.81818181818181
attrs,24.1.0,349,20260915,1334,190,4400,3302,75.04545454545455
attrs,24.1.0,350,20260915,1334,190,4400,3144,71.45454545454545
attrs,24.1.0,351,20260915,1334,190,4400,3407,77.43181818181819
attrs,24.1.0,352,20260915,1334,190,4400,3305,75.11363636363636
attrs,24.1.0,353,20260915,1334,190,4400,3191,72.52272727272727
attrs,24.1.0,354,20260915,1334,190,4400,3329,75.6590909090909
attrs,24.1.0,355,20260915,1334,190,4400,3235,73.52272727272727
attrs,24.1.0,356,20260915,1334,190,4400,3297,74.93181818181819
attrs,24.1.0,357,20260915,1334,190,4400,3145,71.47727272727273
attrs,24.1.0,358,20260915,1334,190,4400,3363,76.43181818181819
attrs,24.1.0,359,20260915,1334,190,4400,3322,75.5
attrs,24.1.0,360,20260915,1334,190,4400,3385,76.93181818181819
attrs,24.1.0,361,20260915,1334,190,4400,3207,72.88636363636364
attrs,24.1.0,362,20260915,1334,190,4400,3187,72.43181818181819
attrs,24.1.0,363,20260915,1334,190,4400,3243,73.70454545454545
attrs,24.1.0,364,20260915,1334,190,4400,3270,74.31818181818181
attrs,24.1.0,365,20260915,1334,190,4400,3180,72.27272727272727
attrs,24.1.0,366,20260915,1334,190,4400,3259,74.06818181818181
attrs,24.1.0,367,20260915,1334,190,4400,3349,76.11363636363636
attrs,24.1.0,368,20260915,1334,190,4400,3304,75.0909090909091
attrs,24.1.0,369,20260915,1334,190,4400,3119,70.88636363636364
attrs,24.1.0,370,20260915,1334,190,4400,3216,73.0909090909091
attrs,24.1.0,371,20260915,1334,190,4400,3409,77.47727272727273
attrs,24.1.0,372,20260915,1334,190,4400,3472,78.9090909090909
attrs,24.1.0,373,20260915,1334,190,4400,3359,76.3409090909091
attrs,24.1.0,374,20260915,1334,190,4400,3204,72.81818181818181
attrs,24.1.0,375,20260915,1334,190,4400,3304,75.0909090909091
attrs,24.1.0,376,20260915,1334,190,4400,3217,73.11363636363636
attrs,24.1.0,377,20260915,1334,190,4400,3322,75.5
attrs,24.1.0,378,20260915,1334,190,4400,3322,75.5
attrs,24.1.0,379,20260915,1334,190,4400,3284,74.63636363636364
attrs,24.1.0,380,20260915,1334,190,4400,3326,75.5909090909091
attrs,24.1.0,381,20260915,1334,190,4400,3307,75.1590909090909
attrs,24.1.0,382,20260915,1334,190,4400,3048,69.27272727272727
attrs,24.1.0,383,20260915,1334,190,4400,3175,72.1590909090909
attrs,24.1.0,384,20260915,1334,190,4400,3239,73.61363636363636
attrs,24.1.0,385,20260915,1334,190,4400,3331,75.70454545454545
attrs,24.1.0,386,20260915,1334,190,4400,3205,72.8409090909091
attrs,24.1.0,387,20260915,1334,190,4400,3253,73.93181818181819
attrs,24.1.0,388,20260915,1334,190,4400,3334,75.77272727272727
attrs,24.1.0,389,20260915,1334,190,4400,3239,73.61363636363636
attrs,24.1.0,390,20260915,1334,190,4400,3242,73.68181818181819
attrs,24.1.0,391,20260915,1334,190,4400,3142,71.4090909090909
attrs,24.1.0,392,20260915,1334,190,4400,3352,76.18181818181819
attrs,24.1.0,393,20260915,1334,190,4400,3086,70.13636363636364
attrs,24.1.0,394,20260915,1334,190,4400,3393,77.11363636363636
attrs,24.1.0,395,20260915,1334,190,4400,3181,72.29545454545455
attrs,24.1.0,396,20260915,1334,190,4400,3222,73.22727272727273
attrs,24.1.0,397,20260915,1334,190,4400,3288,74.72727272727273
attrs,24.1.0,398,20260915,1334,190,4400,3244,73.72727272727273
attrs,24.1.0,399,20260915,1334,190,4400,3185,72.38636363636364
attrs,24.1.0,400,20260915,1334,190,4400,3143,71.43181818181819
attrs,24.1.0,401,20260915,1334,190,4400,3442,78.22727272727273
attrs,24.1.0,402,20260915,1334,190,4400,3180,72.27272727272727
attrs,24.1.0,403,20260915,1334,190,4400,3266,74.22727272727273
attrs,24.1.0,404,20260915,1334,190,4400,3203,72.79545454545455
attrs,24.1.0,405,20260915,1334,190,4400,3204,72.81818181818181
attrs,24.1.0,406,20260915,1334,190,4400,3333,75.75
attrs,24.1.0,407,20260915,1334,190,4400,3326,75.5909090909091
attrs,24.1.0,408,20260915,1334,190,4400,3157,71.75
attrs,24.1.0,409,20260915,1334,190,4400,3317,75.38636363636364
attrs,24.1.0,410,20260915,1334,190,4400,3394,77.13636363636364
attrs,24.1.0,411,20260915,1334,190,4400,3345,76.02272727272727
attrs,24.1.0,412,20260915,1334,190,4400,3277,74.47727272727273
attrs,24.1.0,413,20260915,1334,190,4400,3217,73.11363636363636
attrs,24.1.0,414,20260915,1334,190,4400,3415,77.61363636363636
attrs,24.1.0,415,20260915,1334,190,4400,3343,75.97727272727273
attrs,24.1.0,416,20260915,1334,190,4400,3369,76.56818181818181
attrs,24.1.0,417,20260915,1334,190,4400,3225,73.29545454545455
attrs,24.1.0,418,20260915,1334,190,4400,3324,75.54545454545455
attrs,24.1.0,419,20260915,1334,190,4400,3370,76.5909090909091
attrs,24.1.0,420,20260915,1334,190,4400,3383,76.88636363636364
attrs,24.1.0,421,20260915,1334,190,4400,3192,72.54545454545455
attrs,24.1.0,422,20260915,1334,190,4400,3034,68.95454545454545
attrs,24.1.0,423,20260915,1334,190,4400,3353,76.20454545454545
attrs,24.1.0,424,20260915,1334,190,4400,3569,81.11363636363636
attrs,24.1.0,425,20260915,1334,190,4400,3338,75.86363636363636
attrs,24.1.0,426,20260915,1334,190,4400,3370,76.5909090909091
attrs,24.1.0,427,20260915,1334,190,4400,3443,78.25
attrs,24.1.0,428,20260915,1334,190,4400,3078,69.95454545454545
attrs,24.1.0,429,20260915,1334,190,4400,3301,75.02272727272727
attrs,24.1.0,430,20260915,1334,190,4400,3211,72.97727272727273
attrs,24.1.0,431,20260915,1334,190,4400,3171,72.06818181818181
attrs,24.1.0,432,20260915,1334,190,4400,3478,79.04545454545455
attrs,24.1.0,433,20260915,1334,190,4400,3208,72.9090909090909
attrs,24.1.0,434,20260915,1334,190,4400,3383,76.88636363636364
attrs,24.1.0,435,20260915,1334,190,4400,3268,74.27272727272727
attrs,24.1.0,436,20260915,1334,190,4400,3389,77.02272727272727
attrs,24.1.0,437,20260915,1334,190,4400,3473,78.93181818181819
attrs,24.1.0,438,20260915,1334,190,4400,3311,75.25
attrs,24.1.0,439,20260915,1334,190,4400,3212,73.0
attrs,24.1.0,440,20260915,1334,190,4400,3257,74.02272727272727
attrs,24.1.0,441,20260915,1334,190,4400,3367,76.52272727272727
attrs,24.1.0,442,20260915,1334,190,4400,3276,74.45454545454545
attrs,24.1.0,443,20260915,1334,190,4400,3141,71.38636363636364
attrs,24.1.0,444,20260915,1334,190,4400,3363,76.43181818181819
attrs,24.1.0,445,20260915,1334,190,4400,3303,75.06818181818181
attrs,24.1.0,446,20260915,1334,190,4400,3312,75.27272727272727
attrs,24.1.0,447,20260915,1334,190,4400,3413,77.56818181818181
attrs,24.1.0,448,20260915,1334,190,4400,3255,73.97727272727273
attrs,24.1.0,449,20260915,1334,190,4400,3228,73.36363636363636
attrs,24.1.0,450,20260915,1334,190,4400,3276,74.45454545454545
attrs,24.1.0,451,20260915,1334,190,4400,3370,76.5909090909091
attrs,24.1.0,452,20260915,1334,190,4400,3346,76.04545454545455
attrs,24.1.0,453,20260915,1334,190,4400,3309,75.20454545454545
attrs,24.1.0,454,20260915,1334,190,4400,3403,77.3409090909091
attrs,24.1.0,455,20260915,1334,190,4400,3263,74.1590909090909
attrs,24.1.0,456,20260915,1334,190,4400,3098,70.4090909090909
attrs,24.1.0,457,20260915,1334,190,4400,3202,72.77272727272727
attrs,24.1.0,458,20260915,1334,190,4400,3399,77.25
attrs,24.1.0,459,20260915,1334,190,4400,3249,73.8409090909091
attrs,24.1.0,460,20260915,1334,190,4400,3292,74.81818181818181
attrs,24.1.0,461,20260915,1334,190,4400,3196,72.63636363636364
attrs,24.1.0,462,20260915,1334,190,4400,3328,75.63636363636364
attrs,24.1.0,463,20260915,1334,190,4400,3491,79.3409090909091
attrs,24.1.0,464,20260915,1334,190,4400,3281,74.56818181818181
attrs,24.1.0,465,20260915,1334,190,4400,3353,76.20454545454545
attrs,24.1.0,466,20260915,1334,190,4400,3358,76.31818181818181
attrs,24.1.0,467,20260915,1334,190,4400,3356,76.27272727272727
attrs,24.1.0,468,20260915,1334,190,4400,3350,76.13636363636364
attrs,24.1.0,469,20260915,1334,190,4400,3490,79.31818181818181
attrs,24.1.0,470,20260915,1334,190,4400,3071,69.79545454545455
attrs,24.1.0,471,20260915,1334,190,4400,3165,71.93181818181819
attrs,24.1.0,472,20260915,1334,190,4400,3129,71.11363636363636
attrs,24.1.0,473,20260915,1334,190,4400,3101,70.47727272727273
attrs,24.1.0,474,20260915,1334,190,4400,3306,75.13636363636364
attrs,24.1.0,475,20260915,1334,190,4400,3357,76.29545454545455
attrs,24.1.0,476,20260915,1334,190,4400,3295,74.88636363636364
attrs,24.1.0,477,20260915,1334,190,4400,3317,75.38636363636364
attrs,24.1.0,478,20260915,1334,190,4400,3253,73.93181818181819
attrs,24.1.0,479,20260915,1334,190,4400,3297,74.93181818181819
attrs,24.1.0,480,20260915,1334,190,4400,3215,73.06818181818181
attrs,24.1.0,481,20260915,1334,190,4400,3182,72.31818181818181
attrs,24.1.0,482,20260915,1334,190,4400,3231,73.43181818181819
attrs,24.1.0,483,20260915,1334,190,4400,3260,74.0909090909091
attrs,24.1.0,484,20260915,1334,190,4400,3203,72.79545454545455
attrs,24.1.0,485,20260915,1334,190,4400,3312,75.27272727272727
attrs,24.1.0,486,20260915,1334,190,4400,3188,72.45454545454545
attrs,24.1.0,487,20260915,1334,190,4400,3236,73.54545454545455
attrs,24.1.0,488,20260915,1334,190,4400,3368,76.54545454545455
attrs,24.1.0,489,20260915,1334,190,4400,3333,75.75
attrs,24.1.0,490,20260915,1334,190,4400,3179,72.25
attrs,24.1.0,491,20260915,1334,190,4400,3308,75.18181818181819
attrs,24.1.0,492,20260915,1334,190,4400,3211,72.97727272727273
attrs,24.1.0,493,20260915,1334,190,4400,3237,73.56818181818181
attrs,24.1.0,494,20260915,1334,190,4400,3158,71.77272727272727
attrs,24.1.0,495,20260915,1334,190,4400,3336,75.81818181818181
attrs,24.1.0,496,20260915,1334,190,4400,3420,77.72727272727273
attrs,24.1.0,497,20260915,1334,190,4400,3339,75.88636363636364
attrs,24.1.0,498,20260915,1334,190,4400,3371,76.61363636363636
attrs,24.1.0,499,20260915,1334,190,4400,3367,76.52272727272727
attrs,24.1.0,500,20260915,1334,190,4400,3193,72.56818181818181
attrs,24.1.0,501,20260915,1334,190,4400,3322,75.5
attrs,24.1.0,502,20260915,1334,190,4400,3499,79.52272727272727
attrs,24.1.0,503,20260915,1334,190,4400,3388,77.0
attrs,24.1.0,504,20260915,1334,190,4400,3325,75.56818181818181
attrs,24.1.0,505,20260915,1334,190,4400,3243,73.70454545454545
attrs,24.1.0,506,20260915,1334,190,4400,3324,75.54545454545455
attrs,24.1.0,507,20260915,1334,190,4400,3321,75.47727272727273
attrs,24.1.0,508,20260915,1334,190,4400,3290,74.77272727272727
attrs,24.1.0,509,20260915,1334,190,4400,3269,74.29545454545455
attrs,24.1.0,510,20260915,1334,190,4400,3385,76.93181818181819
attrs,24.1.0,511,20260915,1334,190,4400,3253,73.93181818181819
attrs,24.1.0,512,20260915,1334,190,4400,3328,75.63636363636364
attrs,24.1.0,513,20260915,1334,190,4400,3185,72.38636363636364
attrs,24.1.0,514,20260915,1334,190,4400,3249,73.8409090909091
attrs,24.1.0,515,20260915,1334,190,4400,3303,75.06818181818181
attrs,24.1.0,516,20260915,1334,190,4400,3293,74.8409090909091
attrs,24.1.0,517,20260915,1334,190,4400,3395,77.1590909090909
attrs,24.1.0,518,20260915,1334,190,4400,3220,73.18181818181819
attrs,24.1.0,519,20260915,1334,190,4400,3124,71.0
attrs,24.1.0,520,20260915,1334,190,4400,3405,77.38636363636364
attrs,24.1.0,521,20260915,1334,190,4400,3272,74.36363636363636
attrs,24.1.0,522,20260915,1334,190,4400,3109,70.6590909090909
attrs,24.1.0,523,20260915,1334,190,4400,3363,76.43181818181819
attrs,24.1.0,524,20260915,1334,190,4400,3471,78.88636363636364
attrs,24.1.0,525,20260915,1334,190,4400,3249,73.8409090909091
attrs,24.1.0,526,20260915,1334,190,4400,3374,76.68181818181819
attrs,24.1.0,527,20260915,1334,190,4400,3215,73.06818181818181
attrs,24.1.0,528,20260915,1334,190,4400,3246,73.77272727272727
attrs,24.1.0,529,20260915,1334,190,4400,3395,77.1590909090909
attrs,24.1.0,530,20260915,1334,190,4400,3421,77.75
attrs,24.1.0,531,20260915,1334,190,4400,3205,72.8409090909091
attrs,24.1.0,532,20260915,1334,190,4400,3202,72.77272727272727
attrs,24.1.0,533,20260915,1334,190,4400,3250,73.86363636363636
attrs,24.1.0,534,20260915,1334,190,4400,3304,75.0909090909091
attrs,24.1.0,535,20260915,1334,190,4400,3399,77.25
attrs,24.1.0,536,20260915,1334,190,4400,3203,72.79545454545455
attrs,24.1.0,537,20260915,1334,190,4400,3247,73.79545454545455
attrs,24.1.0,538,20260915,1334,190,4400,3339,75.88636363636364
attrs,24.1.0,539,20260915,1334,190,4400,3381,76.8409090909091
attrs,24.1.0,540,20260915,1334,190,4400,3363,76.43181818181819
attrs,24.1.0,541,20260915,1334,190,4400,3429,77.93181818181819
attrs,24.1.0,542,20260915,1334,190,4400,3176,72.18181818181819
attrs,24.1.0,543,20260915,1334,190,4400,3329,75.6590909090909
attrs,24.1.0,544,20260915,1334,190,4400,3548,80.63636363636364
attrs,24.1.0,545,20260915,1334,190,4400,3209,72.93181818181819
attrs,24.1.0,546,20260915,1334,190,4400,3315,75.3409090909091
attrs,24.1.0,547,20260915,1334,190,4400,3285,74.6590909090909
attrs,24.1.0,548,20260915,1334,190,4400,3279,74.52272727272727
attrs,24.1.0,549,20260915,1334,190,4400,3216,73.0909090909091
attrs,24.1.0,550,20260915,1334,190,4400,3301,75.02272727272727
attrs,24.1.0,551,20260915,1334,190,4400,3467,78.79545454545455
attrs,24.1.0,552,20260915,1334,190,4400,3260,74.0909090909091
attrs,24.1.0,553,20260915,1334,190,4400,3221,73.20454545454545
attrs,24.1.0,554,20260915,1334,190,4400,3237,73.56818181818181
attrs,24.1.0,555,20260915,1334,190,4400,3306,75.13636363636364
attrs,24.1.0,556,20260915,1334,190,4400,3188,72.45454545454545
attrs,24.1.0,557,20260915,1334,190,4400,3415,77.61363636363636
attrs,24.1.0,558,20260915,1334,190,4400,3171,72.06818181818181
attrs,24.1.0,559,20260915,1334,190,4400,3446,78.31818181818181
attrs,24.1.0,560,20260915,1334,190,4400,3272,74.36363636363636
attrs,24.1.0,561,20260915,1334,190,4400,3334,75.77272727272727
attrs,24.1.0,562,20260915,1334,190,4400,3406,77.4090909090909
attrs,24.1.0,563,20260915,1334,190,4400,3342,75.95454545454545
attrs,24.1.0,564,20260915,1334,190,4400,3367,76.52272727272727
attrs,24.1.0,565,20260915,1334,190,4400,3298,74.95454545454545
attrs,24.1.0,566,20260915,1334,190,4400,3062,69.5909090909091
attrs,24.1.0,567,20260915,1334,190,4400,3249,73.8409090909091
attrs,24.1.0,568,20260915,1334,190,4400,3451,78.43181818181819
attrs,24.1.0,569,20260915,1334,190,4400,3400,77.27272727272727
attrs,24.1.0,570,20260915,1334,190,4400,3262,74.13636363636364
attrs,24.1.0,571,20260915,1334,190,4400,3263,74.1590909090909
attrs,24.1.0,572,20260915,1334,190,4400,3382,76.86363636363636
attrs,24.1.0,573,20260915,1334,190,4400,3240,73.63636363636364
attrs,24.1.0,574,20260915,1334,190,4400,3356,76.27272727272727
attrs,24.1.0,575,20260915,1334,190,4400,3357,76.29545454545455
attrs,24.1.0,576,20260915,1334,190,4400,3261,74.11363636363636
attrs,24.1.0,577,20260915,1334,190,4400,3413,77.56818181818181
attrs,24.1.0,578,20260915,1334,190,4400,3230,73.4090909090909
attrs,24.1.0,579,20260915,1334,190,4400,3271,74.3409090909091
attrs,24.1.0,580,20260915,1334,190,4400,3208,72.9090909090909
attrs,24.1.0,581,20260915,1334,190,4400,3047,69.25
attrs,24.1.0,582,20260915,1334,190,4400,3256,74.0
attrs,24.1.0,583,20260915,1334,190,4400,3290,74.77272727272727
attrs,24.1.0,584,20260915,1334,190,4400,3185,72.38636363636364
attrs,24.1.0,585,20260915,1334,190,4400,3269,74.29545454545455
attrs,24.1.0,586,20260915,1334,190,4400,3311,75.25
attrs,24.1.0,587,20260915,1334,190,4400,3264,74.18181818181819
attrs,24.1.0,588,20260915,1334,190,4400,3284,74.63636363636364
attrs,24.1.0,589,20260915,1334,190,4400,3301,75.02272727272727
attrs,24.1.0,590,20260915,1334,190,4400,3348,76.0909090909091
attrs,24.1.0,591,20260915,1334,190,4400,3141,71.38636363636364
attrs,24.1.0,592,20260915,1334,190,4400,3341,75.93181818181819
attrs,24.1.0,593,20260915,1334,190,4400,3169,72.02272727272727
attrs,24.1.0,594,20260915,1334,190,4400,3230,73.4090909090909
attrs,24.1.0,595,20260915,1334,190,4400,3231,73.43181818181819
attrs,24.1.0,596,20260915,1334,190,4400,3354,76.22727272727273
attrs,24.1.0,597,20260915,1334,190,4400,3318,75.4090909090909
attrs,24.1.0,598,20260915,1334,190,4400,3235,73.52272727272727
attrs,24.1.0,599,20260915,1334,190,4400,3240,73.63636363636364
attrs,24.1.0,600,20260915,1334,190,4400,3246,73.77272727272727
attrs,24.1.0,601,20260915,1334,190,4400,3144,71.45454545454545
attrs,24.1.0,602,20260915,1334,190,4400,3285,74.6590909090909
attrs,24.1.0,603,20260915,1334,190,4400,3232,73.45454545454545
attrs,24.1.0,604,20260915,1334,190,4400,3125,71.02272727272727
attrs,24.1.0,605,20260915,1334,190,4400,3394,77.13636363636364
attrs,24.1.0,606,20260915,1334,190,4400,3219,73.1590909090909
attrs,24.1.0,607,20260915,1334,190,4400,3255,73.97727272727273
attrs,24.1.0,608,20260915,1334,190,4400,3199,72.70454545454545
attrs,24.1.0,609,20260915,1334,190,4400,3227,73.3409090909091
attrs,24.1.0,610,20260915,1334,190,4400,3351,76.1590909090909
attrs,24.1.0,611,20260915,1334,190,4400,3217,73.11363636363636
attrs,24.1.0,612,20260915,1334,190,4400,3232,73.45454545454545
attrs,24.1.0,613,20260915,1334,190,4400,3280,74.54545454545455
attrs,24.1.0,614,20260915,1334,190,4400,3234,73.5
attrs,24.1.0,615,20260915,1334,190,4400,3192,72.54545454545455
attrs,24.1.0,616,20260915,1334,190,4400,3150,71.5909090909091
attrs,24.1.0,617,20260915,1334,190,4400,3338,75.86363636363636
attrs,24.1.0,618,20260915,1334,190,4400,3238,73.5909090909091
attrs,24.1.0,619,20260915,1334,190,4400,3297,74.93181818181819
attrs,24.1.0,620,20260915,1334,190,4400,3316,75.36363636363636
attrs,24.1.0,621,20260915,1334,190,4400,3357,76.29545454545455
attrs,24.1.0,622,20260915,1334,190,4400,3241,73.6590909090909
attrs,24.1.0,623,20260915,1334,190,4400,3222,73.22727272727273
attrs,24.1.0,624,20260915,1334,190,4400,3285,74.6590909090909
attrs,24.1.0,625,20260915,1334,190,4400,3177,72.20454545454545
attrs,24.1.0,626,20260915,1334,190,4400,3414,77.5909090909091
attrs,24.1.0,627,20260915,1334,190,4400,3252,73.9090909090909
attrs,24.1.0,628,20260915,1334,190,4400,3330,75.68181818181819
attrs,24.1.0,629,20260915,1334,190,4400,3148,71.54545454545455
attrs,24.1.0,630,20260915,1334,190,4400,3334,75.77272727272727
attrs,24.1.0,631,20260915,1334,190,4400,3273,74.38636363636364
attrs,24.1.0,632,20260915,1334,190,4400,3311,75.25
attrs,24.1.0,633,20260915,1334,190,4400,3398,77.22727272727273
attrs,24.1.0,634,20260915,1334,190,4400,3330,75.68181818181819
attrs,24.1.0,635,20260915,1334,190,4400,3407,77.43181818181819
attrs,24.1.0,636,20260915,1334,190,4400,3226,73.31818181818181
attrs,24.1.0,637,20260915,1334,190,4400,3328,75.63636363636364
attrs,24.1.0,638,20260915,1334,190,4400,3378,76.77272727272727
attrs,24.1.0,639,20260915,1334,190,4400,3210,72.95454545454545
attrs,24.1.0,640,20260915,1334,190,4400,3292,74.81818181818181
attrs,24.1.0,641,20260915,1334,190,4400,3301,75.02272727272727
attrs,24.1.0,642,20260915,1334,190,4400,3383,76.88636363636364
attrs,24.1.0,643,20260915,1334,190,4400,3206,72.86363636363636
attrs,24.1.0,644,20260915,1334,190,4400,3315,75.3409090909091
attrs,24.1.0,645,20260915,1334,190,4400,3082,70.04545454545455
attrs,24.1.0,646,20260915,1334,190,4400,3364,76.45454545454545
attrs,24.1.0,647,20260915,1334,190,4400,3106,70.5909090909091
attrs,24.1.0,648,20260915,1334,190,4400,3240,73.63636363636364
attrs,24.1.0,649,20260915,1334,190,4400,3132,71.18181818181819
attrs,24.1.0,650,20260915,1334,190,4400,3333,75.75
attrs,24.1.0,651,20260915,1334,190,4400,3145,71.47727272727273
attrs,24.1.0,652,20260915,1334,190,4400,3123,70.97727272727273
attrs,24.1.0,653,20260915,1334,190,4400,3107,70.61363636363636
attrs,24.1.0,654,20260915,1334,190,4400,3238,73.5909090909091
attrs,24.1.0,655,20260915,1334,190,4400,3350,76.13636363636364
attrs,24.1.0,656,20260915,1334,190,4400,3335,75.79545454545455
attrs,24.1.0,657,20260915,1334,190,4400,3247,73.79545454545455
attrs,24.1.0,658,20260915,1334,190,4400,3273,74.38636363636364
attrs,24.1.0,659,20260915,1334,190,4400,3303,75.06818181818181
attrs,24.1.0,660,20260915,1334,190,4400,3319,75.43181818181819
attrs,24.1.0,661,20260915,1334,190,4400,3117,70.8409090909091
attrs,24.1.0,662,20260915,1334,190,4400,3227,73.3409090909091
attrs,24.1.0,663,20260915,1334,190,4400,3218,73.13636363636364
attrs,24.1.0,664,20260915,1334,190,4400,3450,78.4090909090909
attrs,24.1.0,665,20260915,1334,190,4400,3372,76.63636363636364
attrs,24.1.0,666,20260915,1334,190,4400,3161,71.8409090909091
attrs,24.1.0,667,20260915,1334,190,4400,3276,74.45454545454545
attrs,24.1.0,668,20260915,1334,190,4400,3372,76.63636363636364
attrs,24.1.0,669,20260915,1334,190,4400,3412,77.54545454545455
attrs,24.1.0,670,20260915,1334,190,4400,3077,69.93181818181819
attrs,24.1.0,671,20260915,1334,190,4400,3270,74.31818181818181
attrs,24.1.0,672,20260915,1334,190,4400,3316,75.36363636363636
attrs,24.1.0,673,20260915,1334,190,4400,3422,77.77272727272727
attrs,24.1.0,674,20260915,1334,190,4400,3186,72.4090909090909
attrs,24.1.0,675,20260915,1334,190,4400,3273,74.38636363636364
attrs,24.1.0,676,20260915,1334,190,4400,3250,73.86363636363636
attrs,24.1.0,677,20260915,1334,190,4400,3354,76.22727272727273
attrs,24.1.0,678,20260915,1334,190,4400,3259,74.06818181818181
attrs,24.1.0,679,20260915,1334,190,4400,3136,71.27272727272727
attrs,24.1.0,680,20260915,1334,190,4400,3347,76.06818181818181
attrs,24.1.0,681,20260915,1334,190,4400,3406,77.4090909090909
attrs,24.1.0,682,20260915,1334,190,4400,3354,76.22727272727273
attrs,24.1.0,683,20260915,1334,190,4400,3240,73.63636363636364
attrs,24.1.0,684,20260915,1334,190,4400,3402,77.31818181818181
attrs,24.1.0,685,20260915,1334,190,4400,3208,72.9090909090909
attrs,24.1.0,686,20260915,1334,190,4400,3375,76.70454545454545
attrs,24.1.0,687,20260915,1334,190,4400,3396,77.18181818181819
attrs,24.1.0,688,20260915,1334,190,4400,3372,76.63636363636364
attrs,24.1.0,689,20260915,1334,190,4400,3190,72.5
attrs,24.1.0,690,20260915,1334,190,4400,3254,73.95454545454545
attrs,24.1.0,691,20260915,1334,190,4400,3262,74.13636363636364
attrs,24.1.0,692,20260915,1334,190,4400,3287,74.70454545454545
attrs,24.1.0,693,20260915,1334,190,4400,3374,76.68181818181819
attrs,24.1.0,694,20260915,1334,190,4400,3324,75.54545454545455
attrs,24.1.0,695,20260915,1334,190,4400,3228,73.36363636363636
attrs,24.1.0,696,20260915,1334,190,4400,3271,74.3409090909091
attrs,24.1.0,697,20260915,1334,190,4400,3384,76.9090909090909
attrs,24.1.0,698,20260915,1334,190,4400,3359,76.3409090909091
attrs,24.1.0,699,20260915,1334,190,4400,3376,76.72727272727273
attrs,24.1.0,700,20260915,1334,190,4400,3304,75.0909090909091
attrs,24.1.0,701,20260915,1334,190,4400,3399,77.25
attrs,24.1.0,702,20260915,1334,190,4400,3281,74.56818181818181
attrs,24.1.0,703,20260915,1334,190,4400,3190,72.5
attrs,24.1.0,704,20260915,1334,190,4400,3380,76.81818181818181
attrs,24.1.0,705,20260915,1334,190,4400,3329,75.6590909090909
attrs,24.1.0,706,20260915,1334,190,4400,3455,78.52272727272727
attrs,24.1.0,707,20260915,1334,190,4400,3165,71.93181818181819
attrs,24.1.0,708,20260915,1334,190,4400,3285,74.6590909090909
attrs,24.1.0,709,20260915,1334,190,4400,3307,75.1590909090909
attrs,24.1.0,710,20260915,1334,190,4400,3116,70.81818181818181
attrs,24.1.0,711,20260915,1334,190,4400,3388,77.0
attrs,24.1.0,712,20260915,1334,190,4400,3182,72.31818181818181
attrs,24.1.0,713,20260915,1334,190,4400,3446,78.31818181818181
attrs,24.1.0,714,20260915,1334,190,4400,3540,80.45454545454545
attrs,24.1.0,715,20260915,1334,190,4400,3287,74.70454545454545
attrs,24.1.0,716,20260915,1334,190,4400,3234,73.5
attrs,24.1.0,717,20260915,1334,190,4400,3367,76.52272727272727
attrs,24.1.0,718,20260915,1334,190,4400,3423,77.79545454545455
attrs,24.1.0,719,20260915,1334,190,4400,3244,73.72727272727273
attrs,24.1.0,720,20260915,1334,190,4400,3349,76.11363636363636
attrs,24.1.0,721,20260915,1334,190,4400,3192,72.54545454545455
attrs,24.1.0,722,20260915,1334,190,4400,3308,75.18181818181819
attrs,24.1.0,723,20260915,1334,190,4400,3160,71.81818181818181
attrs,24.1.0,724,20260915,1334,190,4400,3263,74.1590909090909
attrs,24.1.0,725,20260915,1334,190,4400,3345,76.02272727272727
attrs,24.1.0,726,20260915,1334,190,4400,3222,73.22727272727273
attrs,24.1.0,727,20260915,1334,190,4400,3216,73.0909090909091
attrs,24.1.0,728,20260915,1334,190,4400,3405,77.38636363636364
attrs,24.1.0,729,20260915,1334,190,4400,3303,75.06818181818181
attrs,24.1.0,730,20260915,1334,190,4400,3208,72.9090909090909
attrs,24.1.0,731,20260915,1334,190,4400,3477,79.02272727272727
attrs,24.1.0,732,20260915,1334,190,4400,3236,73.54545454545455
attrs,24.1.0,733,20260915,1334,190,4400,3284,74.63636363636364
attrs,24.1.0,734,20260915,1334,190,4400,3381,76.8409090909091
attrs,24.1.0,735,20260915,1334,190,4400,3318,75.4090909090909
attrs,24.1.0,736,20260915,1334,190,4400,3236,73.54545454545455
attrs,24.1.0,737,20260915,1334,190,4400,3432,78.0
attrs,24.1.0,738,20260915,1334,190,4400,3209,72.93181818181819
attrs,24.1.0,739,20260915,1334,190,4400,3350,76.13636363636364
attrs,24.1.0,740,20260915,1334,190,4400,3365,76.47727272727273
attrs,24.1.0,741,20260915,1334,190,4400,3297,74.93181818181819
attrs,24.1.0,742,20260915,1334,190,4400,3231,73.43181818181819
attrs,24.1.0,743,20260915,1334,190,4400,3335,75.79545454545455
attrs,24.1.0,744,20260915,1334,190,4400,3288,74.72727272727273
attrs,24.1.0,745,20260915,1334,190,4400,3270,74.31818181818181
attrs,24.1.0,746,20260915,1334,190,4400,3186,72.4090909090909
attrs,24.1.0,747,20260915,1334,190,4400,3124,71.0
attrs,24.1.0,748,20260915,1334,190,4400,3349,76.11363636363636
attrs,24.1.0,749,20260915,1334,190,4400,3380,76.81818181818181
attrs,24.1.0,750,20260915,1334,190,4400,3222,73.22727272727273
attrs,24.1.0,751,20260915,1334,190,4400,3310,75.22727272727273
attrs,24.1.0,752,20260915,1334,190,4400,3273,74.38636363636364
attrs,24.1.0,753,20260915,1334,190,4400,3326,75.5909090909091
attrs,24.1.0,754,20260915,1334,190,4400,3210,72.95454545454545
attrs,24.1.0,755,20260915,1334,190,4400,3182,72.31818181818181
attrs,24.1.0,756,20260915,1334,190,4400,3185,72.38636363636364
attrs,24.1.0,757,20260915,1334,190,4400,3122,70.95454545454545
attrs,24.1.0,758,20260915,1334,190,4400,3424,77.81818181818181
attrs,24.1.0,759,20260915,1334,190,4400,3353,76.20454545454545
attrs,24.1.0,760,20260915,1334,190,4400,3305,75.11363636363636
attrs,24.1.0,761,20260915,1334,190,4400,3303,75.06818181818181
attrs,24.1.0,762,20260915,1334,190,4400,3206,72.86363636363636
attrs,24.1.0,763,20260915,1334,190,4400,3260,74.0909090909091
attrs,24.1.0,764,20260915,1334,190,4400,3206,72.86363636363636
attrs,24.1.0,765,20260915,1334,190,4400,3567,81.06818181818181
attrs,24.1.0,766,20260915,1334,190,4400,3279,74.52272727272727
attrs,24.1.0,767,20260915,1334,190,4400,3342,75.95454545454545
attrs,24.1.0,768,20260915,1334,190,4400,3307,75.1590909090909
attrs,24.1.0,769,20260915,1334,190,4400,3417,77.6590909090909
attrs,24.1.0,770,20260915,1334,190,4400,3282,74.5909090909091
attrs,24.1.0,771,20260915,1334,190,4400,3352,76.18181818181819
attrs,24.1.0,772,20260915,1334,190,4400,3136,71.27272727272727
attrs,24.1.0,773,20260915,1334,190,4400,3351,76.1590909090909
attrs,24.1.0,774,20260915,1334,190,4400,3288,74.72727272727273
attrs,24.1.0,775,20260915,1334,190,4400,3204,72.81818181818181
attrs,24.1.0,776,20260915,1334,190,4400,3227,73.3409090909091
attrs,24.1.0,777,20260915,1334,190,4400,3216,73.0909090909091
attrs,24.1.0,778,20260915,1334,190,4400,3402,77.31818181818181
attrs,24.1.0,779,20260915,1334,190,4400,3351,76.1590909090909
attrs,24.1.0,780,20260915,1334,190,4400,3308,75.18181818181819
attrs,24.1.0,781,20260915,1334,190,4400,3195,72.61363636363636
attrs,24.1.0,782,20260915,1334,190,4400,3117,70.8409090909091
attrs,24.1.0,783,20260915,1334,190,4400,3200,72.72727272727273
attrs,24.1.0,784,20260915,1334,190,4400,3151,71.61363636363636
attrs,24.1.0,785,20260915,1334,190,4400,3226,73.31818181818181
attrs,24.1.0,786,20260915,1334,190,4400,3315,75.3409090909091
attrs,24.1.0,787,20260915,1334,190,4400,3312,75.27272727272727
attrs,24.1.0,788,20260915,1334,190,4400,3114,70.77272727272727
attrs,24.1.0,789,20260915,1334,190,4400,3268,74.27272727272727
attrs,24.1.0,790,20260915,1334,190,4400,3337,75.8409090909091
attrs,24.1.0,791,20260915,1334,190,4400,3190,72.5
attrs,24.1.0,792,20260915,1334,190,4400,3383,76.88636363636364
attrs,24.1.0,793,20260915,1334,190,4400,3193,72.56818181818181
attrs,24.1.0,794,20260915,1334,190,4400,3104,70.54545454545455
attrs,24.1.0,795,20260915,1334,190,4400,3250,73.86363636363636
attrs,24.1.0,796,20260915,1334,190,4400,3275,74.43181818181819
attrs,24.1.0,797,20260915,1334,190,4400,3438,78.13636363636364
attrs,24.1.0,798,20260915,1334,190,4400,3329,75.6590909090909
attrs,24.1.0,799,20260915,1334,190,4400,3079,69.97727272727273
attrs,24.1.0,800,20260915,1334,190,4400,3269,74.29545454545455
attrs,24.1.0,801,20260915,1334,190,4400,3268,74.27272727272727
attrs,24.1.0,802,20260915,1334,190,4400,3518,79.95454545454545
attrs,24.1.0,803,20260915,1334,190,4400,3172,72.0909090909091
attrs,24.1.0,804,20260915,1334,190,4400,3176,72.18181818181819
attrs,24.1.0,805,20260915,1334,190,4400,3310,75.22727272727273
attrs,24.1.0,806,20260915,1334,190,4400,3346,76.04545454545455
attrs,24.1.0,807,20260915,1334,190,4400,3246,73.77272727272727
attrs,24.1.0,808,20260915,1334,190,4400,3269,74.29545454545455
attrs,24.1.0,809,20260915,1334,190,4400,3454,78.5
attrs,24.1.0,810,20260915,1334,190,4400,3280,74.54545454545455
attrs,24.1.0,811,20260915,1334,190,4400,3284,74.63636363636364
attrs,24.1.0,812,20260915,1334,190,4400,3273,74.38636363636364
attrs,24.1.0,813,20260915,1334,190,4400,3213,73.02272727272727
attrs,24.1.0,814,20260915,1334,190,4400,3252,73.9090909090909
attrs,24.1.0,815,20260915,1334,190,4400,3273,74.38636363636364
attrs,24.1.0,816,20260915,1334,190,4400,3209,72.93181818181819
attrs,24.1.0,817,20260915,1334,190,4400,3422,77.77272727272727
attrs,24.1.0,818,20260915,1334,190,4400,3395,77.1590909090909
attrs,24.1.0,819,20260915,1334,190,4400,3246,73.77272727272727
attrs,24.1.0,820,20260915,1334,190,4400,3095,70.3409090909091
attrs,24.1.0,821,20260915,1334,190,4400,3305,75.11363636363636
attrs,24.1.0,822,20260915,1334,190,4400,3273,74.38636363636364
attrs,24.1.0,823,20260915,1334,190,4400,3351,76.1590909090909
attrs,24.1.0,824,20260915,1334,190,4400,3198,72.68181818181819
attrs,24.1.0,825,20260915,1334,190,4400,3151,71.61363636363636
attrs,24.1.0,826,20260915,1334,190,4400,3131,71.1590909090909
attrs,24.1.0,827,20260915,1334,190,4400,3144,71.45454545454545
attrs,24.1.0,828,20260915,1334,190,4400,3413,77.56818181818181
attrs,24.1.0,829,20260915,1334,190,4400,3025,68.75
attrs,24.1.0,830,20260915,1334,190,4400,3411,77.52272727272727
attrs,24.1.0,831,20260915,1334,190,4400,3371,76.61363636363636
attrs,24.1.0,832,20260915,1334,190,4400,3315,75.3409090909091
attrs,24.1.0,833,20260915,1334,190,4400,3015,68.52272727272727
attrs,24.1.0,834,20260915,1334,190,4400,3183,72.3409090909091
attrs,24.1.0,835,20260915,1334,190,4400,3374,76.68181818181819
attrs,24.1.0,836,20260915,1334,190,4400,3306,75.13636363636364
attrs,24.1.0,837,20260915,1334,190,4400,3218,73.13636363636364
attrs,24.1.0,838,20260915,1334,190,4400,3211,72.97727272727273
attrs,24.1.0,839,20260915,1334,190,4400,3411,77.52272727272727
attrs,24.1.0,840,20260915,1334,190,4400,3335,75.79545454545455
attrs,24.1.0,841,20260915,1334,190,4400,3250,73.86363636363636
attrs,24.1.0,842,20260915,1334,190,4400,3275,74.43181818181819
attrs,24.1.0,843,20260915,1334,190,4400,3253,73.93181818181819
attrs,24.1.0,844,20260915,1334,190,4400,3085,70.11363636363636
attrs,24.1.0,845,20260915,1334,190,4400,3417,77.6590909090909
attrs,24.1.0,846,20260915,1334,190,4400,3149,71.56818181818181
attrs,24.1.0,847,20260915,1334,190,4400,3238,73.5909090909091
attrs,24.1.0,848,20260915,1334,190,4400,3371,76.61363636363636
attrs,24.1.0,849,20260915,1334,190,4400,3434,78.04545454545455
attrs,24.1.0,850,20260915,1334,190,4400,3182,72.31818181818181
attrs,24.1.0,851,20260915,1334,190,4400,3209,72.93181818181819
attrs,24.1.0,852,20260915,1334,190,4400,3099,70.43181818181819
attrs,24.1.0,853,20260915,1334,190,4400,3271,74.3409090909091
attrs,24.1.0,854,20260915,1334,190,4400,3305,75.11363636363636
attrs,24.1.0,855,20260915,1334,190,4400,3227,73.3409090909091
attrs,24.1.0,856,20260915,1334,190,4400,3124,71.0
attrs,24.1.0,857,20260915,1334,190,4400,3370,76.5909090909091
attrs,24.1.0,858,20260915,1334,190,4400,3250,73.86363636363636
attrs,24.1.0,859,20260915,1334,190,4400,3444,78.27272727272727
attrs,24.1.0,860,20260915,1334,190,4400,3224,73.27272727272727
attrs,24.1.0,861,20260915,1334,190,4400,3340,75.9090909090909
attrs,24.1.0,862,20260915,1334,190,4400,3304,75.0909090909091
attrs,24.1.0,863,20260915,1334,190,4400,3228,73.36363636363636
attrs,24.1.0,864,20260915,1334,190,4400,3056,69.45454545454545
attrs,24.1.0,865,20260915,1334,190,4400,3381,76.8409090909091
attrs,24.1.0,866,20260915,1334,190,4400,3405,77.38636363636364
attrs,24.1.0,867,20260915,1334,190,4400,3250,73.86363636363636
attrs,24.1.0,868,20260915,1334,190,4400,3347,76.06818181818181
attrs,24.1.0,869,20260915,1334,190,4400,3348,76.0909090909091
attrs,24.1.0,870,20260915,1334,190,4400,3229,73.38636363636364
attrs,24.1.0,871,20260915,1334,190,4400,3355,76.25
attrs,24.1.0,872,20260915,1334,190,4400,3367,76.52272727272727
attrs,24.1.0,873,20260915,1334,190,4400,3089,70.20454545454545
attrs,24.1.0,874,20260915,1334,190,4400,3465,78.75
attrs,24.1.0,875,20260915,1334,190,4400,3308,75.18181818181819
attrs,24.1.0,876,20260915,1334,190,4400,3291,74.79545454545455
attrs,24.1.0,877,20260915,1334,190,4400,3312,75.27272727272727
attrs,24.1.0,878,20260915,1334,190,4400,3295,74.88636363636364
attrs,24.1.0,879,20260915,1334,190,4400,3283,74.61363636363636
attrs,24.1.0,880,20260915,1334,190,4400,3280,74.54545454545455
attrs,24.1.0,881,20260915,1334,190,4400,3359,76.3409090909091
attrs,24.1.0,882,20260915,1334,190,4400,3296,74.9090909090909
attrs,24.1.0,883,20260915,1334,190,4400,3168,72.0
attrs,24.1.0,884,20260915,1334,190,4400,3285,74.6590909090909
attrs,24.1.0,885,20260915,1334,190,4400,3247,73.79545454545455
attrs,24.1.0,886,20260915,1334,190,4400,3306,75.13636363636364
attrs,24.1.0,887,20260915,1334,190,4400,3325,75.56818181818181
attrs,24.1.0,888,20260915,1334,190,4400,3251,73.88636363636364
attrs,24.1.0,889,20260915,1334,190,4400,3313,75.29545454545455
attrs,24.1.0,890,20260915,1334,190,4400,3289,74.75
attrs,24.1.0,891,20260915,1334,190,4400,3317,75.38636363636364
attrs,24.1.0,892,20260915,1334,190,4400,3276,74.45454545454545
attrs,24.1.0,893,20260915,1334,190,4400,3367,76.52272727272727
attrs,24.1.0,894,20260915,1334,190,4400,3439,78.1590909090909
attrs,24.1.0,895,20260915,1334,190,4400,3198,72.68181818181819
attrs,24.1.0,896,20260915,1334,190,4400,3500,79.54545454545455
attrs,24.1.0,897,20260915,1334,190,4400,3357,76.29545454545455
attrs,24.1.0,898,20260915,1334,190,4400,3222,73.22727272727273
attrs,24.1.0,899,20260915,1334,190,4400,3252,73.9090909090909
attrs,24.1.0,900,20260915,1334,190,4400,3311,75.25
attrs,24.1.0,901,20260915,1334,190,4400,3181,72.29545454545455
attrs,24.1.0,902,20260915,1334,190,4400,3197,72.6590909090909
attrs,24.1.0,903,20260915,1334,190,4400,3236,73.54545454545455
attrs,24.1.0,904,20260915,1334,190,4400,3256,74.0
attrs,24.1.0,905,20260915,1334,190,4400,3204,72.81818181818181
attrs,24.1.0,906,20260915,1334,190,4400,3545,80.56818181818181
attrs,24.1.0,907,20260915,1334,190,4400,3390,77.04545454545455
attrs,24.1.0,908,20260915,1334,190,4400,3132,71.18181818181819
attrs,24.1.0,909,20260915,1334,190,4400,3181,72.29545454545455
attrs,24.1.0,910,20260915,1334,190,4400,3233,73.47727272727273
attrs,24.1.0,911,20260915,1334,190,4400,3331,75.70454545454545
attrs,24.1.0,912,20260915,1334,190,4400,3247,73.79545454545455
attrs,24.1.0,913,20260915,1334,190,4400,3427,77.88636363636364
attrs,24.1.0,914,20260915,1334,190,4400,3363,76.43181818181819
attrs,24.1.0,915,20260915,1334,190,4400,3356,76.27272727272727
attrs,24.1.0,916,20260915,1334,190,4400,3302,75.04545454545455
attrs,24.1.0,917,20260915,1334,190,4400,3122,70.95454545454545
attrs,24.1.0,918,20260915,1334,190,4400,3361,76.38636363636364
attrs,24.1.0,919,20260915,1334,190,4400,3160,71.81818181818181
attrs,24.1.0,920,20260915,1334,190,4400,3355,76.25
attrs,24.1.0,921,20260915,1334,190,4400,3241,73.6590909090909
attrs,24.1.0,922,20260915,1334,190,4400,3298,74.95454545454545
attrs,24.1.0,923,20260915,1334,190,4400,3360,76.36363636363636
attrs,24.1.0,924,20260915,1334,190,4400,3238,73.5909090909091
attrs,24.1.0,925,20260915,1334,190,4400,3142,71.4090909090909
attrs,24.1.0,926,20260915,1334,190,4400,3337,75.8409090909091
attrs,24.1.0,927,20260915,1334,190,4400,3177,72.20454545454545
attrs,24.1.0,928,20260915,1334,190,4400,3378,76.77272727272727
attrs,24.1.0,929,20260915,1334,190,4400,3146,71.5
attrs,24.1.0,930,20260915,1334,190,4400,3384,76.9090909090909
attrs,24.1.0,931,20260915,1334,190,4400,3104,70.54545454545455
attrs,24.1.0,932,20260915,1334,190,4400,3224,73.27272727272727
attrs,24.1.0,933,20260915,1334,190,4400,3173,72.11363636363636
attrs,24.1.0,934,20260915,1334,190,4400,3242,73.68181818181819
attrs,24.1.0,935,20260915,1334,190,4400,3384,76.9090909090909
attrs,24.1.0,936,20260915,1334,190,4400,3480,79.0909090909091
attrs,24.1.0,937,20260915,1334,190,4400,3337,75.8409090909091
attrs,24.1.0,938,20260915,1334,190,4400,3359,76.3409090909091
attrs,24.1.0,939,20260915,1334,190,4400,3195,72.61363636363636
attrs,24.1.0,940,20260915,1334,190,4400,3302,75.04545454545455
attrs,24.1.0,941,20260915,1334,190,4400,3223,73.25
attrs,24.1.0,942,20260915,1334,190,4400,3515,79.88636363636364
attrs,24.1.0,943,20260915,1334,190,4400,3234,73.5
attrs,24.1.0,944,20260915,1334,190,4400,3331,75.70454545454545
attrs,24.1.0,945,20260915,1334,190,4400,3208,72.9090909090909
attrs,24.1.0,946,20260915,1334,190,4400,3193,72.56818181818181
attrs,24.1.0,947,20260915,1334,190,4400,3113,70.75
attrs,24.1.0,948,20260915,1334,190,4400,3352,76.18181818181819
attrs,24.1.0,949,20260915,1334,190,4400,3200,72.72727272727273
attrs,24.1.0,950,20260915,1334,190,4400,3071,69.79545454545455
attrs,24.1.0,951,20260915,1334,190,4400,3300,75.0
attrs,24.1.0,952,20260915,1334,190,4400,3191,72.52272727272727
attrs,24.1.0,953,20260915,1334,190,4400,3387,76.97727272727273
attrs,24.1.0,954,20260915,1334,190,4400,3277,74.47727272727273
attrs,24.1.0,955,20260915,1334,190,4400,3238,73.5909090909091
attrs,24.1.0,956,20260915,1334,190,4400,3317,75.38636363636364
attrs,24.1.0,957,20260915,1334,190,4400,3365,76.47727272727273
attrs,24.1.0,958,20260915,1334,190,4400,3303,75.06818181818181
attrs,24.1.0,959,20260915,1334,190,4400,3254,73.95454545454545
attrs,24.1.0,960,20260915,1334,190,4400,3557,80.8409090909091
attrs,24.1.0,961,20260915,1334,190,4400,3293,74.8409090909091
attrs,24.1.0,962,20260915,1334,190,4400,3281,74.56818181818181
attrs,24.1.0,963,20260915,1334,190,4400,3287,74.70454545454545
attrs,24.1.0,964,20260915,1334,190,4400,3157,71.75
attrs,24.1.0,965,20260915,1334,190,4400,3263,74.1590909090909
attrs,24.1.0,966,20260915,1334,190,4400,3244,73.72727272727273
attrs,24.1.0,967,20260915,1334,190,4400,3194,72.5909090909091
attrs,24.1.0,968,20260915,1334,190,4400,3390,77.04545454545455
attrs,24.1.0,969,20260915,1334,190,4400,3226,73.31818181818181
attrs,24.1.0,970,20260915,1334,190,4400,3299,74.97727272727273
attrs,24.1.0,971,20260915,1334,190,4400,3287,74.70454545454545
attrs,24.1.0,972,20260915,1334,190,4400,3261,74.11363636363636
attrs,24.1.0,973,20260915,1334,190,4400,3249,73.8409090909091
attrs,24.1.0,974,20260915,1334,190,4400,3287,74.70454545454545
attrs,24.1.0,975,20260915,1334,190,4400,3252,73.9090909090909
attrs,24.1.0,976,20260915,1334,190,4400,3317,75.38636363636364
attrs,24.1.0,977,20260915,1334,190,4400,3260,74.0909090909091
attrs,24.1.0,978,20260915,1334,190,4400,3244,73.72727272727273
attrs,24.1.0,979,20260915,1334,190,4400,3207,72.88636363636364
attrs,24.1.0,980,20260915,1334,190,4400,3338,75.86363636363636
attrs,24.1.0,981,20260915,1334,190,4400,3128,71.0909090909091
attrs,24.1.0,982,20260915,1334,190,4400,3180,72.27272727272727
attrs,24.1.0,983,20260915,1334,190,4400,3194,72.5909090909091
attrs,24.1.0,984,20260915,1334,190,4400,3318,75.4090909090909
attrs,24.1.0,985,20260915,1334,190,4400,3148,71.54545454545455
attrs,24.1.0,986,20260915,1334,190,4400,3222,73.22727272727273
attrs,24.1.0,987,20260915,1334,190,4400,3260,74.0909090909091
attrs,24.1.0,988,20260915,1334,190,4400,3252,73.9090909090909
attrs,24.1.0,989,20260915,1334,190,4400,3229,73.38636363636364
attrs,24.1.0,990,20260915,1334,190,4400,3413,77.56818181818181
attrs,24.1.0,991,20260915,1334,190,4400,3304,75.0909090909091
attrs,24.1.0,992,20260915,1334,190,4400,3282,74.5909090909091
attrs,24.1.0,993,20260915,1334,190,4400,3381,76.8409090909091
attrs,24.1.0,994,20260915,1334,190,4400,3312,75.27272727272727
attrs,24.1.0,995,20260915,1334,190,4400,3140,71.36363636363636
attrs,24.1.0,996,20260915,1334,190,4400,3117,70.8409090909091
attrs,24.1.0,997,20260915,1334,190,4400,3183,72.3409090909091
attrs,24.1.0,998,20260915,1334,190,4400,3472,78.9090909090909
attrs,24.1.0,999,20260915,1334,190,4400,3387,76.97727272727273
attrs,24.1.0,1000,20260915,1334,190,4400,3374,76.68181818181819
attrs,25.3.0,1,20260916,1346,189,4476,3439,76.8319928507596
attrs,25.3.0,2,20260916,1346,189,4476,3426,76.54155495978553
attrs,25.3.0,3,20260916,1346,189,4476,3220,71.93923145665774
attrs,25.3.0,4,20260916,1346,189,4476,3326,74.30741733690796
attrs,25.3.0,5,20260916,1346,189,4476,3362,75.11170688114387
attrs,25.3.0,6,20260916,1346,189,4476,3298,73.68185880250223
attrs,25.3.0,7,20260916,1346,189,4476,3298,73.68185880250223
attrs,25.3.0,8,20260916,1346,189,4476,3273,73.12332439678285
attrs,25.3.0,9,20260916,1346,189,4476,3482,77.79267202859697
attrs,25.3.0,10,20260916,1346,189,4476,3240,72.38605898123325
attrs,25.3.0,11,20260916,1346,189,4476,3370,75.29043789097409
attrs,25.3.0,12,20260916,1346,189,4476,3184,71.13494191242181
attrs,25.3.0,13,20260916,1346,189,4476,3302,73.77122430741734
attrs,25.3.0,14,20260916,1346,189,4476,3354,74.93297587131367
attrs,25.3.0,15,20260916,1346,189,4476,3195,71.38069705093834
attrs,25.3.0,16,20260916,1346,189,4476,3508,78.37354781054513
attrs,25.3.0,17,20260916,1346,189,4476,3259,72.81054512957998
attrs,25.3.0,18,20260916,1346,189,4476,3423,76.4745308310992
attrs,25.3.0,19,20260916,1346,189,4476,3178,71.00089365504915
attrs,25.3.0,20,20260916,1346,189,4476,3150,70.37533512064343
attrs,25.3.0,21,20260916,1346,189,4476,3368,75.24575513851653
attrs,25.3.0,22,20260916,1346,189,4476,3318,74.12868632707774
attrs,25.3.0,23,20260916,1346,189,4476,3257,72.76586237712243
attrs,25.3.0,24,20260916,1346,189,4476,3223,72.00625558534406
attrs,25.3.0,25,20260916,1346,189,4476,3538,79.0437890974084
attrs,25.3.0,26,20260916,1346,189,4476,3343,74.68722073279714
attrs,25.3.0,27,20260916,1346,189,4476,3336,74.53083109919571
attrs,25.3.0,28,20260916,1346,189,4476,3285,73.39142091152814
attrs,25.3.0,29,20260916,1346,189,4476,3297,73.65951742627345
attrs,25.3.0,30,20260916,1346,189,4476,3307,73.88293118856122
attrs,25.3.0,31,20260916,1346,189,4476,3376,75.42448614834674
attrs,25.3.0,32,20260916,1346,189,4476,3156,70.50938337801608
attrs,25.3.0,33,20260916,1346,189,4476,3208,71.67113494191243
attrs,25.3.0,34,20260916,1346,189,4476,3288,73.45844504021447
attrs,25.3.0,35,20260916,1346,189,4476,3447,77.0107238605898
attrs,25.3.0,36,20260916,1346,189,4476,3340,74.62019660411082
attrs,25.3.0,37,20260916,1346,189,4476,3414,76.27345844504022
attrs,25.3.0,38,20260916,1346,189,4476,3272,73.10098302055407
attrs,25.3.0,39,20260916,1346,189,4476,3262,72.8775692582663
attrs,25.3.0,40,20260916,1346,189,4476,3198,71.44772117962466
attrs,25.3.0,41,20260916,1346,189,4476,3502,78.23949955317248
attrs,25.3.0,42,20260916,1346,189,4476,3376,75.42448614834674
attrs,25.3.0,43,20260916,1346,189,4476,3356,74.97765862377122
attrs,25.3.0,44,20260916,1346,189,4476,3287,73.4361036639857
attrs,25.3.0,45,20260916,1346,189,4476,3480,77.7479892761394
attrs,25.3.0,46,20260916,1346,189,4476,3336,74.53083109919571
attrs,25.3.0,47,20260916,1346,189,4476,3478,77.70330652368186
attrs,25.3.0,48,20260916,1346,189,4476,3454,77.16711349419124
attrs,25.3.0,49,20260916,1346,189,4476,3158,70.55406613047364
attrs,25.3.0,50,20260916,1346,189,4476,3328,74.3521000893655
attrs,25.3.0,51,20260916,1346,189,4476,3210,71.71581769436997
attrs,25.3.0,52,20260916,1346,189,4476,3391,75.75960679177837
attrs,25.3.0,53,20260916,1346,189,4476,3373,75.35746201966042
attrs,25.3.0,54,20260916,1346,189,4476,3348,74.79892761394102
attrs,25.3.0,55,20260916,1346,189,4476,3229,72.1403038427167
attrs,25.3.0,56,20260916,1346,189,4476,3259,72.81054512957998
attrs,25.3.0,57,20260916,1346,189,4476,3491,77.99374441465594
attrs,25.3.0,58,20260916,1346,189,4476,3394,75.8266309204647
attrs,25.3.0,59,20260916,1346,189,4476,3482,77.79267202859697
attrs,25.3.0,60,20260916,1346,189,4476,3184,71.13494191242181
attrs,25.3.0,61,20260916,1346,189,4476,3373,75.35746201966042
attrs,25.3.0,62,20260916,1346,189,4476,3553,79.37890974084003
attrs,25.3.0,63,20260916,1346,189,4476,3412,76.22877569258266
attrs,25.3.0,64,20260916,1346,189,4476,3461,77.32350312779268
attrs,25.3.0,65,20260916,1346,189,4476,3531,78.88739946380697
attrs,25.3.0,66,20260916,1346,189,4476,3279,73.25737265415549
attrs,25.3.0,67,20260916,1346,189,4476,3414,76.27345844504022
attrs,25.3.0,68,20260916,1346,189,4476,3359,75.04468275245755
attrs,25.3.0,69,20260916,1346,189,4476,3264,72.92225201072387
attrs,25.3.0,70,20260916,1346,189,4476,3052,68.18588025022342
attrs,25.3.0,71,20260916,1346,189,4476,3479,77.72564789991064
attrs,25.3.0,72,20260916,1346,189,4476,3232,72.20732797140303
attrs,25.3.0,73,20260916,1346,189,4476,3388,75.69258266309204
attrs,25.3.0,74,20260916,1346,189,4476,3458,77.25647899910635
attrs,25.3.0,75,20260916,1346,189,4476,3325,74.28507596067918
attrs,25.3.0,76,20260916,1346,189,4476,3263,72.89991063449509
attrs,25.3.0,77,20260916,1346,189,4476,3437,76.78731009830206
attrs,25.3.0,78,20260916,1346,189,4476,3390,75.7372654155496
attrs,25.3.0,79,20260916,1346,189,4476,3143,70.218945487042
attrs,25.3.0,80,20260916,1346,189,4476,3319,74.15102770330653
attrs,25.3.0,81,20260916,1346,189,4476,3345,74.73190348525469
attrs,25.3.0,82,20260916,1346,189,4476,3328,74.3521000893655
attrs,25.3.0,83,20260916,1346,189,4476,3414,76.27345844504022
attrs,25.3.0,84,20260916,1346,189,4476,3334,74.48614834673816
attrs,25.3.0,85,20260916,1346,189,4476,3330,74.39678284182305
attrs,25.3.0,86,20260916,1346,189,4476,3279,73.25737265415549
attrs,25.3.0,87,20260916,1346,189,4476,3473,77.59159964253799
attrs,25.3.0,88,20260916,1346,189,4476,3428,76.58623771224308
attrs,25.3.0,89,20260916,1346,189,4476,3210,71.71581769436997
attrs,25.3.0,90,20260916,1346,189,4476,3332,74.4414655942806
attrs,25.3.0,91,20260916,1346,189,4476,3392,75.78194816800715
attrs,25.3.0,92,20260916,1346,189,4476,3393,75.80428954423593
attrs,25.3.0,93,20260916,1346,189,4476,3310,73.94995531724754
attrs,25.3.0,94,20260916,1346,189,4476,3343,74.68722073279714
attrs,25.3.0,95,20260916,1346,189,4476,3483,77.81501340482573
attrs,25.3.0,96,20260916,1346,189,4476,3544,79.17783735478105
attrs,25.3.0,97,20260916,1346,189,4476,3481,77.77033065236819
attrs,25.3.0,98,20260916,1346,189,4476,3212,71.76050044682752
attrs,25.3.0,99,20260916,1346,189,4476,3261,72.85522788203754
attrs,25.3.0,100,20260916,1346,189,4476,3228,72.11796246648794
attrs,25.3.0,101,20260916,1346,189,4476,3291,73.5254691689008
attrs,25.3.0,102,20260916,1346,189,4476,3244,72.47542448614834
attrs,25.3.0,103,20260916,1346,189,4476,3322,74.21805183199285
attrs,25.3.0,104,20260916,1346,189,4476,3394,75.8266309204647
attrs,25.3.0,105,20260916,1346,189,4476,3166,70.73279714030384
attrs,25.3.0,106,20260916,1346,189,4476,3339,74.59785522788204
attrs,25.3.0,107,20260916,1346,189,4476,3311,73.97229669347632
attrs,25.3.0,108,20260916,1346,189,4476,3458,77.25647899910635
attrs,25.3.0,109,20260916,1346,189,4476,3317,74.10634495084898
attrs,25.3.0,110,20260916,1346,189,4476,3215,71.82752457551385
attrs,25.3.0,111,20260916,1346,189,4476,3399,75.93833780160858
attrs,25.3.0,112,20260916,1346,189,4476,3148,70.33065236818588
attrs,25.3.0,113,20260916,1346,189,4476,3313,74.01697944593387
attrs,25.3.0,114,20260916,1346,189,4476,3222,71.98391420911528
attrs,25.3.0,115,20260916,1346,189,4476,3358,75.02234137622878
attrs,25.3.0,116,20260916,1346,189,4476,3248,72.56478999106345
attrs,25.3.0,117,20260916,1346,189,4476,3389,75.71492403932082
attrs,25.3.0,118,20260916,1346,189,4476,3219,71.91689008042896
attrs,25.3.0,119,20260916,1346,189,4476,3360,75.06702412868633
attrs,25.3.0,120,20260916,1346,189,4476,3395,75.84897229669347
attrs,25.3.0,121,20260916,1346,189,4476,3526,78.7756925826631
attrs,25.3.0,122,20260916,1346,189,4476,3404,76.05004468275246
attrs,25.3.0,123,20260916,1346,189,4476,3192,71.31367292225201
attrs,25.3.0,124,20260916,1346,189,4476,3330,74.39678284182305
attrs,25.3.0,125,20260916,1346,189,4476,3336,74.53083109919571
attrs,25.3.0,126,20260916,1346,189,4476,3161,70.62109025915997
attrs,25.3.0,127,20260916,1346,189,4476,3160,70.59874888293119
attrs,25.3.0,128,20260916,1346,189,4476,3349,74.8212689901698
attrs,25.3.0,129,20260916,1346,189,4476,3218,71.89454870420018
attrs,25.3.0,130,20260916,1346,189,4476,3240,72.38605898123325
attrs,25.3.0,131,20260916,1346,189,4476,3430,76.63092046470062
attrs,25.3.0,132,20260916,1346,189,4476,3222,71.98391420911528
attrs,25.3.0,133,20260916,1346,189,4476,3210,71.71581769436997
attrs,25.3.0,134,20260916,1346,189,4476,3180,71.0455764075067
attrs,25.3.0,135,20260916,1346,189,4476,3454,77.16711349419124
attrs,25.3.0,136,20260916,1346,189,4476,3452,77.1224307417337
attrs,25.3.0,137,20260916,1346,189,4476,3359,75.04468275245755
attrs,25.3.0,138,20260916,1346,189,4476,3201,71.51474530831099
attrs,25.3.0,139,20260916,1346,189,4476,3186,71.17962466487936
attrs,25.3.0,140,20260916,1346,189,4476,3335,74.50848972296693
attrs,25.3.0,141,20260916,1346,189,4476,3142,70.19660411081323
attrs,25.3.0,142,20260916,1346,189,4476,3375,75.40214477211796
attrs,25.3.0,143,20260916,1346,189,4476,3230,72.16264521894549
attrs,25.3.0,144,20260916,1346,189,4476,3475,77.63628239499553
attrs,25.3.0,145,20260916,1346,189,4476,3129,69.90616621983914
attrs,25.3.0,146,20260916,1346,189,4476,3417,76.34048257372655
attrs,25.3.0,147,20260916,1346,189,4476,3273,73.12332439678285
attrs,25.3.0,148,20260916,1346,189,4476,3092,69.07953529937444
attrs,25.3.0,149,20260916,1346,189,4476,3319,74.15102770330653
attrs,25.3.0,150,20260916,1346,189,4476,3254,72.6988382484361
attrs,25.3.0,151,20260916,1346,189,4476,3268,73.01161751563896
attrs,25.3.0,152,20260916,1346,189,4476,3410,76.18409294012511
attrs,25.3.0,153,20260916,1346,189,4476,3275,73.1680071492404
attrs,25.3.0,154,20260916,1346,189,4476,3312,73.99463806970509
attrs,25.3.0,155,20260916,1346,189,4476,3373,75.35746201966042
attrs,25.3.0,156,20260916,1346,189,4476,3334,74.48614834673816
attrs,25.3.0,157,20260916,1346,189,4476,3230,72.16264521894549
attrs,25.3.0,158,20260916,1346,189,4476,3290,73.50312779267203
attrs,25.3.0,159,20260916,1346,189,4476,3370,75.29043789097409
attrs,25.3.0,160,20260916,1346,189,4476,3337,74.55317247542449
attrs,25.3.0,161,20260916,1346,189,4476,3131,69.9508489722967
attrs,25.3.0,162,20260916,1346,189,4476,3396,75.87131367292226
attrs,25.3.0,163,20260916,1346,189,4476,3533,78.93208221626452
attrs,25.3.0,164,20260916,1346,189,4476,3520,78.64164432529044
attrs,25.3.0,165,20260916,1346,189,4476,3441,76.87667560321715
attrs,25.3.0,166,20260916,1346,189,4476,3205,71.6041108132261
attrs,25.3.0,167,20260916,1346,189,4476,3425,76.51921358355675
attrs,25.3.0,168,20260916,1346,189,4476,3456,77.21179624664879
attrs,25.3.0,169,20260916,1346,189,4476,3305,73.83824843610367
attrs,25.3.0,170,20260916,1346,189,4476,3244,72.47542448614834
attrs,25.3.0,171,20260916,1346,189,4476,3530,78.86505808757819
attrs,25.3.0,172,20260916,1346,189,4476,3334,74.48614834673816
attrs,25.3.0,173,20260916,1346,189,4476,3241,72.40840035746201
attrs,25.3.0,174,20260916,1346,189,4476,3168,70.77747989276139
attrs,25.3.0,175,20260916,1346,189,4476,3372,75.33512064343164
attrs,25.3.0,176,20260916,1346,189,4476,3487,77.90437890974084
attrs,25.3.0,177,20260916,1346,189,4476,3366,75.20107238605898
attrs,25.3.0,178,20260916,1346,189,4476,3245,72.49776586237712
attrs,25.3.0,179,20260916,1346,189,4476,3314,74.03932082216265
attrs,25.3.0,180,20260916,1346,189,4476,3451,77.10008936550491
attrs,25.3.0,181,20260916,1346,189,4476,3451,77.10008936550491
attrs,25.3.0,182,20260916,1346,189,4476,3228,72.11796246648794
attrs,25.3.0,183,20260916,1346,189,4476,3372,75.33512064343164
attrs,25.3.0,184,20260916,1346,189,4476,3290,73.50312779267203
attrs,25.3.0,185,20260916,1346,189,4476,3293,73.57015192135836
attrs,25.3.0,186,20260916,1346,189,4476,3321,74.19571045576407
attrs,25.3.0,187,20260916,1346,189,4476,3181,71.06791778373548
attrs,25.3.0,188,20260916,1346,189,4476,3288,73.45844504021447
attrs,25.3.0,189,20260916,1346,189,4476,3331,74.41912421805183
attrs,25.3.0,190,20260916,1346,189,4476,3439,76.8319928507596
attrs,25.3.0,191,20260916,1346,189,4476,3460,77.3011617515639
attrs,25.3.0,192,20260916,1346,189,4476,3410,76.18409294012511
attrs,25.3.0,193,20260916,1346,189,4476,3475,77.63628239499553
attrs,25.3.0,194,20260916,1346,189,4476,3301,73.74888293118856
attrs,25.3.0,195,20260916,1346,189,4476,3233,72.22966934763181
attrs,25.3.0,196,20260916,1346,189,4476,3281,73.30205540661305
attrs,25.3.0,197,20260916,1346,189,4476,3457,77.23413762287757
attrs,25.3.0,198,20260916,1346,189,4476,3391,75.75960679177837
attrs,25.3.0,199,20260916,1346,189,4476,3326,74.30741733690796
attrs,25.3.0,200,20260916,1346,189,4476,3336,74.53083109919571
attrs,25.3.0,201,20260916,1346,189,4476,3328,74.3521000893655
attrs,25.3.0,202,20260916,1346,189,4476,3336,74.53083109919571
attrs,25.3.0,203,20260916,1346,189,4476,3288,73.45844504021447
attrs,25.3.0,204,20260916,1346,189,4476,3444,76.94369973190348
attrs,25.3.0,205,20260916,1346,189,4476,3177,70.97855227882037
attrs,25.3.0,206,20260916,1346,189,4476,3305,73.83824843610367
attrs,25.3.0,207,20260916,1346,189,4476,3342,74.66487935656836
attrs,25.3.0,208,20260916,1346,189,4476,3247,72.54244861483467
attrs,25.3.0,209,20260916,1346,189,4476,3369,75.26809651474531
attrs,25.3.0,210,20260916,1346,189,4476,3246,72.5201072386059
attrs,25.3.0,211,20260916,1346,189,4476,3245,72.49776586237712
attrs,25.3.0,212,20260916,1346,189,4476,3416,76.31814119749777
attrs,25.3.0,213,20260916,1346,189,4476,3230,72.16264521894549
attrs,25.3.0,214,20260916,1346,189,4476,3203,71.55942806076854
attrs,25.3.0,215,20260916,1346,189,4476,3325,74.28507596067918
attrs,25.3.0,216,20260916,1346,189,4476,3379,75.49151027703307
attrs,25.3.0,217,20260916,1346,189,4476,3264,72.92225201072387
attrs,25.3.0,218,20260916,1346,189,4476,3416,76.31814119749777
attrs,25.3.0,219,20260916,1346,189,4476,3319,74.15102770330653
attrs,25.3.0,220,20260916,1346,189,4476,3304,73.81590705987489
attrs,25.3.0,221,20260916,1346,189,4476,3249,72.58713136729223
attrs,25.3.0,222,20260916,1346,189,4476,3135,70.04021447721179
attrs,25.3.0,223,20260916,1346,189,4476,3418,76.36282394995531
attrs,25.3.0,224,20260916,1346,189,4476,3334,74.48614834673816
attrs,25.3.0,225,20260916,1346,189,4476,3323,74.24039320822163
attrs,25.3.0,226,20260916,1346,189,4476,3344,74.70956210902591
attrs,25.3.0,227,20260916,1346,189,4476,3265,72.94459338695263
attrs,25.3.0,228,20260916,1346,189,4476,3181,71.06791778373548
attrs,25.3.0,229,20260916,1346,189,4476,3302,73.77122430741734
attrs,25.3.0,230,20260916,1346,189,4476,3336,74.53083109919571
attrs,25.3.0,231,20260916,1346,189,4476,3335,74.50848972296693
attrs,25.3.0,232,20260916,1346,189,4476,3197,71.42537980339588
attrs,25.3.0,233,20260916,1346,189,4476,3435,76.74262734584451
attrs,25.3.0,234,20260916,1346,189,4476,3470,77.52457551385166
attrs,25.3.0,235,20260916,1346,189,4476,3429,76.60857908847186
attrs,25.3.0,236,20260916,1346,189,4476,3412,76.22877569258266
attrs,25.3.0,237,20260916,1346,189,4476,3354,74.93297587131367
attrs,25.3.0,238,20260916,1346,189,4476,3361,75.08936550491511
attrs,25.3.0,239,20260916,1346,189,4476,3259,72.81054512957998
attrs,25.3.0,240,20260916,1346,189,4476,3302,73.77122430741734
attrs,25.3.0,241,20260916,1346,189,4476,3390,75.7372654155496
attrs,25.3.0,242,20260916,1346,189,4476,3365,75.1787310098302
attrs,25.3.0,243,20260916,1346,189,4476,3308,73.90527256479
attrs,25.3.0,244,20260916,1346,189,4476,3246,72.5201072386059
attrs,25.3.0,245,20260916,1346,189,4476,3244,72.47542448614834
attrs,25.3.0,246,20260916,1346,189,4476,3413,76.25111706881144
attrs,25.3.0,247,20260916,1346,189,4476,3280,73.27971403038427
attrs,25.3.0,248,20260916,1346,189,4476,3406,76.09472743521
attrs,25.3.0,249,20260916,1346,189,4476,3079,68.78909740840035
attrs,25.3.0,250,20260916,1346,189,4476,3373,75.35746201966042
attrs,25.3.0,251,20260916,1346,189,4476,3259,72.81054512957998
attrs,25.3.0,252,20260916,1346,189,4476,3316,74.0840035746202
attrs,25.3.0,253,20260916,1346,189,4476,3416,76.31814119749777
attrs,25.3.0,254,20260916,1346,189,4476,3163,70.66577301161752
attrs,25.3.0,255,20260916,1346,189,4476,3293,73.57015192135836
attrs,25.3.0,256,20260916,1346,189,4476,3260,72.83288650580876
attrs,25.3.0,257,20260916,1346,189,4476,3557,79.46827524575514
attrs,25.3.0,258,20260916,1346,189,4476,3185,71.15728328865058
attrs,25.3.0,259,20260916,1346,189,4476,3343,74.68722073279714
attrs,25.3.0,260,20260916,1346,189,4476,3246,72.5201072386059
attrs,25.3.0,261,20260916,1346,189,4476,3465,77.41286863270777
attrs,25.3.0,262,20260916,1346,189,4476,3459,77.27882037533512
attrs,25.3.0,263,20260916,1346,189,4476,3268,73.01161751563896
attrs,25.3.0,264,20260916,1346,189,4476,3365,75.1787310098302
attrs,25.3.0,265,20260916,1346,189,4476,3283,73.3467381590706
attrs,25.3.0,266,20260916,1346,189,4476,3197,71.42537980339588
attrs,25.3.0,267,20260916,1346,189,4476,3369,75.26809651474531
attrs,25.3.0,268,20260916,1346,189,4476,3370,75.29043789097409
attrs,25.3.0,269,20260916,1346,189,4476,3363,75.13404825737265
attrs,25.3.0,270,20260916,1346,189,4476,3283,73.3467381590706
attrs,25.3.0,271,20260916,1346,189,4476,3216,71.84986595174263
attrs,25.3.0,272,20260916,1346,189,4476,3443,76.92135835567471
attrs,25.3.0,273,20260916,1346,189,4476,3314,74.03932082216265
attrs,25.3.0,274,20260916,1346,189,4476,3096,69.16890080428955
attrs,25.3.0,275,20260916,1346,189,4476,3262,72.8775692582663
attrs,25.3.0,276,20260916,1346,189,4476,3170,70.82216264521895
attrs,25.3.0,277,20260916,1346,189,4476,3318,74.12868632707774
attrs,25.3.0,278,20260916,1346,189,4476,3335,74.50848972296693
attrs,25.3.0,279,20260916,1346,189,4476,3097,69.19124218051832
attrs,25.3.0,280,20260916,1346,189,4476,3443,76.92135835567471
attrs,25.3.0,281,20260916,1346,189,4476,3408,76.13941018766756
attrs,25.3.0,282,20260916,1346,189,4476,3426,76.54155495978553
attrs,25.3.0,283,20260916,1346,189,4476,3203,71.55942806076854
attrs,25.3.0,284,20260916,1346,189,4476,3354,74.93297587131367
attrs,25.3.0,285,20260916,1346,189,4476,3319,74.15102770330653
attrs,25.3.0,286,20260916,1346,189,4476,3377,75.44682752457551
attrs,25.3.0,287,20260916,1346,189,4476,3303,73.79356568364611
attrs,25.3.0,288,20260916,1346,189,4476,3253,72.67649687220732
attrs,25.3.0,289,20260916,1346,189,4476,3314,74.03932082216265
attrs,25.3.0,290,20260916,1346,189,4476,3192,71.31367292225201
attrs,25.3.0,291,20260916,1346,189,4476,3306,73.86058981233244
attrs,25.3.0,292,20260916,1346,189,4476,3393,75.80428954423593
attrs,25.3.0,293,20260916,1346,189,4476,3205,71.6041108132261
attrs,25.3.0,294,20260916,1346,189,4476,3303,73.79356568364611
attrs,25.3.0,295,20260916,1346,189,4476,3470,77.52457551385166
attrs,25.3.0,296,20260916,1346,189,4476,3411,76.20643431635389
attrs,25.3.0,297,20260916,1346,189,4476,3414,76.27345844504022
attrs,25.3.0,298,20260916,1346,189,4476,3251,72.63181411974978
attrs,25.3.0,299,20260916,1346,189,4476,3345,74.73190348525469
attrs,25.3.0,300,20260916,1346,189,4476,3348,74.79892761394102
attrs,25.3.0,301,20260916,1346,189,4476,3486,77.88203753351206
attrs,25.3.0,302,20260916,1346,189,4476,3354,74.93297587131367
attrs,25.3.0,303,20260916,1346,189,4476,3265,72.94459338695263
attrs,25.3.0,304,20260916,1346,189,4476,3444,76.94369973190348
attrs,25.3.0,305,20260916,1346,189,4476,3290,73.50312779267203
attrs,25.3.0,306,20260916,1346,189,4476,3332,74.4414655942806
attrs,25.3.0,307,20260916,1346,189,4476,3338,74.57551385165326
attrs,25.3.0,308,20260916,1346,189,4476,3388,75.69258266309204
attrs,25.3.0,309,20260916,1346,189,4476,3482,77.79267202859697
attrs,25.3.0,310,20260916,1346,189,4476,3399,75.93833780160858
attrs,25.3.0,311,20260916,1346,189,4476,3520,78.64164432529044
attrs,25.3.0,312,20260916,1346,189,4476,3316,74.0840035746202
attrs,25.3.0,313,20260916,1346,189,4476,3324,74.2627345844504
attrs,25.3.0,314,20260916,1346,189,4476,3320,74.1733690795353
attrs,25.3.0,315,20260916,1346,189,4476,3318,74.12868632707774
attrs,25.3.0,316,20260916,1346,189,4476,3232,72.20732797140303
attrs,25.3.0,317,20260916,1346,189,4476,3398,75.9159964253798
attrs,25.3.0,318,20260916,1346,189,4476,3586,80.11617515638963
attrs,25.3.0,319,20260916,1346,189,4476,3433,76.69794459338695
attrs,25.3.0,320,20260916,1346,189,4476,3293,73.57015192135836
attrs,25.3.0,321,20260916,1346,189,4476,3320,74.1733690795353
attrs,25.3.0,322,20260916,1346,189,4476,3447,77.0107238605898
attrs,25.3.0,323,20260916,1346,189,4476,3258,72.78820375335121
attrs,25.3.0,324,20260916,1346,189,4476,3301,73.74888293118856
attrs,25.3.0,325,20260916,1346,189,4476,3295,73.6148346738159
attrs,25.3.0,326,20260916,1346,189,4476,3298,73.68185880250223
attrs,25.3.0,327,20260916,1346,189,4476,3296,73.63717605004469
attrs,25.3.0,328,20260916,1346,189,4476,3358,75.02234137622878
attrs,25.3.0,329,20260916,1346,189,4476,3292,73.54781054512958
attrs,25.3.0,330,20260916,1346,189,4476,3212,71.76050044682752
attrs,25.3.0,331,20260916,1346,189,4476,3408,76.13941018766756
attrs,25.3.0,332,20260916,1346,189,4476,3363,75.13404825737265
attrs,25.3.0,333,20260916,1346,189,4476,3327,74.32975871313673
attrs,25.3.0,334,20260916,1346,189,4476,3358,75.02234137622878
attrs,25.3.0,335,20260916,1346,189,4476,3426,76.54155495978553
attrs,25.3.0,336,20260916,1346,189,4476,3194,71.35835567470956
attrs,25.3.0,337,20260916,1346,189,4476,3483,77.81501340482573
attrs,25.3.0,338,20260916,1346,189,4476,3285,73.39142091152814
attrs,25.3.0,339,20260916,1346,189,4476,3146,70.28596961572833
attrs,25.3.0,340,20260916,1346,189,4476,3409,76.16175156389633
attrs,25.3.0,341,20260916,1346,189,4476,3289,73.48078641644325
attrs,25.3.0,342,20260916,1346,189,4476,3406,76.09472743521
attrs,25.3.0,343,20260916,1346,189,4476,3341,74.64253798033958
attrs,25.3.0,344,20260916,1346,189,4476,3072,68.63270777479893
attrs,25.3.0,345,20260916,1346,189,4476,3445,76.96604110813226
attrs,25.3.0,346,20260916,1346,189,4476,3120,69.70509383378015
attrs,25.3.0,347,20260916,1346,189,4476,3403,76.02770330652368
attrs,25.3.0,348,20260916,1346,189,4476,3307,73.88293118856122
attrs,25.3.0,349,20260916,1346,189,4476,3405,76.07238605898124
attrs,25.3.0,350,20260916,1346,189,4476,3370,75.29043789097409
attrs,25.3.0,351,20260916,1346,189,4476,3412,76.22877569258266
attrs,25.3.0,352,20260916,1346,189,4476,3381,75.53619302949062
attrs,25.3.0,353,20260916,1346,189,4476,3274,73.14566577301161
attrs,25.3.0,354,20260916,1346,189,4476,3177,70.97855227882037
attrs,25.3.0,355,20260916,1346,189,4476,3522,78.68632707774799
attrs,25.3.0,356,20260916,1346,189,4476,3386,75.6478999106345
attrs,25.3.0,357,20260916,1346,189,4476,3481,77.77033065236819
attrs,25.3.0,358,20260916,1346,189,4476,3202,71.53708668453977
attrs,25.3.0,359,20260916,1346,189,4476,3310,73.94995531724754
attrs,25.3.0,360,20260916,1346,189,4476,3387,75.67024128686327
attrs,25.3.0,361,20260916,1346,189,4476,3403,76.02770330652368
attrs,25.3.0,362,20260916,1346,189,4476,3182,71.09025915996425
attrs,25.3.0,363,20260916,1346,189,4476,3375,75.40214477211796
attrs,25.3.0,364,20260916,1346,189,4476,3326,74.30741733690796
attrs,25.3.0,365,20260916,1346,189,4476,3257,72.76586237712243
attrs,25.3.0,366,20260916,1346,189,4476,3409,76.16175156389633
attrs,25.3.0,367,20260916,1346,189,4476,3172,70.8668453976765
attrs,25.3.0,368,20260916,1346,189,4476,3233,72.22966934763181
attrs,25.3.0,369,20260916,1346,189,4476,3397,75.89365504915102
attrs,25.3.0,370,20260916,1346,189,4476,3355,74.95531724754245
attrs,25.3.0,371,20260916,1346,189,4476,3286,73.41376228775692
attrs,25.3.0,372,20260916,1346,189,4476,3371,75.31277926720286
attrs,25.3.0,373,20260916,1346,189,4476,3268,73.01161751563896
attrs,25.3.0,374,20260916,1346,189,4476,3252,72.65415549597856
attrs,25.3.0,375,20260916,1346,189,4476,3327,74.32975871313673
attrs,25.3.0,376,20260916,1346,189,4476,3313,74.01697944593387
attrs,25.3.0,377,20260916,1346,189,4476,3415,76.29579982126899
attrs,25.3.0,378,20260916,1346,189,4476,3136,70.06255585344057
attrs,25.3.0,379,20260916,1346,189,4476,3203,71.55942806076854
attrs,25.3.0,380,20260916,1346,189,4476,3214,71.80518319928508
attrs,25.3.0,381,20260916,1346,189,4476,3234,72.2520107238606
attrs,25.3.0,382,20260916,1346,189,4476,3274,73.14566577301161
attrs,25.3.0,383,20260916,1346,189,4476,3212,71.76050044682752
attrs,25.3.0,384,20260916,1346,189,4476,3537,79.02144772117963
attrs,25.3.0,385,20260916,1346,189,4476,3543,79.15549597855228
attrs,25.3.0,386,20260916,1346,189,4476,3330,74.39678284182305
attrs,25.3.0,387,20260916,1346,189,4476,3318,74.12868632707774
attrs,25.3.0,388,20260916,1346,189,4476,3344,74.70956210902591
attrs,25.3.0,389,20260916,1346,189,4476,3312,73.99463806970509
attrs,25.3.0,390,20260916,1346,189,4476,3109,69.45933869526363
attrs,25.3.0,391,20260916,1346,189,4476,3262,72.8775692582663
attrs,25.3.0,392,20260916,1346,189,4476,3291,73.5254691689008
attrs,25.3.0,393,20260916,1346,189,4476,3406,76.09472743521
attrs,25.3.0,394,20260916,1346,189,4476,3251,72.63181411974978
attrs,25.3.0,395,20260916,1346,189,4476,3547,79.24486148346737
attrs,25.3.0,396,20260916,1346,189,4476,3488,77.92672028596962
attrs,25.3.0,397,20260916,1346,189,4476,3286,73.41376228775692
attrs,25.3.0,398,20260916,1346,189,4476,3384,75.60321715817695
attrs,25.3.0,399,20260916,1346,189,4476,3321,74.19571045576407
attrs,25.3.0,400,20260916,1346,189,4476,3364,75.15638963360144
attrs,25.3.0,401,20260916,1346,189,4476,3399,75.93833780160858
attrs,25.3.0,402,20260916,1346,189,4476,3293,73.57015192135836
attrs,25.3.0,403,20260916,1346,189,4476,3292,73.54781054512958
attrs,25.3.0,404,20260916,1346,189,4476,3239,72.36371760500447
attrs,25.3.0,405,20260916,1346,189,4476,3494,78.06076854334226
attrs,25.3.0,406,20260916,1346,189,4476,3374,75.37980339588918
attrs,25.3.0,407,20260916,1346,189,4476,3131,69.9508489722967
attrs,25.3.0,408,20260916,1346,189,4476,3211,71.73815907059875
attrs,25.3.0,409,20260916,1346,189,4476,3373,75.35746201966042
attrs,25.3.0,410,20260916,1346,189,4476,3426,76.54155495978553
attrs,25.3.0,411,20260916,1346,189,4476,3490,77.97140303842717
attrs,25.3.0,412,20260916,1346,189,4476,3355,74.95531724754245
attrs,25.3.0,413,20260916,1346,189,4476,3299,73.70420017873101
attrs,25.3.0,414,20260916,1346,189,4476,3447,77.0107238605898
attrs,25.3.0,415,20260916,1346,189,4476,3309,73.92761394101876
attrs,25.3.0,416,20260916,1346,189,4476,3584,80.07149240393208
attrs,25.3.0,417,20260916,1346,189,4476,3204,71.58176943699732
attrs,25.3.0,418,20260916,1346,189,4476,3280,73.27971403038427
attrs,25.3.0,419,20260916,1346,189,4476,3269,73.03395889186774
attrs,25.3.0,420,20260916,1346,189,4476,3332,74.4414655942806
attrs,25.3.0,421,20260916,1346,189,4476,3481,77.77033065236819
attrs,25.3.0,422,20260916,1346,189,4476,3245,72.49776586237712
attrs,25.3.0,423,20260916,1346,189,4476,3401,75.98302055406613
attrs,25.3.0,424,20260916,1346,189,4476,3500,78.19481680071492
attrs,25.3.0,425,20260916,1346,189,4476,3462,77.34584450402144
attrs,25.3.0,426,20260916,1346,189,4476,3379,75.49151027703307
attrs,25.3.0,427,20260916,1346,189,4476,3185,71.15728328865058
attrs,25.3.0,428,20260916,1346,189,4476,3166,70.73279714030384
attrs,25.3.0,429,20260916,1346,189,4476,3224,72.02859696157283
attrs,25.3.0,430,20260916,1346,189,4476,3426,76.54155495978553
attrs,25.3.0,431,20260916,1346,189,4476,3279,73.25737265415549
attrs,25.3.0,432,20260916,1346,189,4476,3181,71.06791778373548
attrs,25.3.0,433,20260916,1346,189,4476,3266,72.96693476318141
attrs,25.3.0,434,20260916,1346,189,4476,3532,78.90974084003575
attrs,25.3.0,435,20260916,1346,189,4476,3167,70.75513851653263
attrs,25.3.0,436,20260916,1346,189,4476,3025,67.58266309204647
attrs,25.3.0,437,20260916,1346,189,4476,3426,76.54155495978553
attrs,25.3.0,438,20260916,1346,189,4476,3552,79.35656836461126
attrs,25.3.0,439,20260916,1346,189,4476,3127,69.86148346738159
attrs,25.3.0,440,20260916,1346,189,4476,3287,73.4361036639857
attrs,25.3.0,441,20260916,1346,189,4476,3280,73.27971403038427
attrs,25.3.0,442,20260916,1346,189,4476,3332,74.4414655942806
attrs,25.3.0,443,20260916,1346,189,4476,3166,70.73279714030384
attrs,25.3.0,444,20260916,1346,189,4476,3319,74.15102770330653
attrs,25.3.0,445,20260916,1346,189,4476,3295,73.6148346738159
attrs,25.3.0,446,20260916,1346,189,4476,3202,71.53708668453977
attrs,25.3.0,447,20260916,1346,189,4476,3456,77.21179624664879
attrs,25.3.0,448,20260916,1346,189,4476,3384,75.60321715817695
attrs,25.3.0,449,20260916,1346,189,4476,3434,76.72028596961573
attrs,25.3.0,450,20260916,1346,189,4476,3346,74.75424486148347
attrs,25.3.0,451,20260916,1346,189,4476,3160,70.59874888293119
attrs,25.3.0,452,20260916,1346,189,4476,3303,73.79356568364611
attrs,25.3.0,453,20260916,1346,189,4476,3467,77.45755138516533
attrs,25.3.0,454,20260916,1346,189,4476,3238,72.34137622877569
attrs,25.3.0,455,20260916,1346,189,4476,3334,74.48614834673816
attrs,25.3.0,456,20260916,1346,189,4476,3433,76.69794459338695
attrs,25.3.0,457,20260916,1346,189,4476,3377,75.44682752457551
attrs,25.3.0,458,20260916,1346,189,4476,3331,74.41912421805183
attrs,25.3.0,459,20260916,1346,189,4476,3142,70.19660411081323
attrs,25.3.0,460,20260916,1346,189,4476,3341,74.64253798033958
attrs,25.3.0,461,20260916,1346,189,4476,3237,72.31903485254692
attrs,25.3.0,462,20260916,1346,189,4476,3307,73.88293118856122
attrs,25.3.0,463,20260916,1346,189,4476,3200,71.49240393208221
attrs,25.3.0,464,20260916,1346,189,4476,3323,74.24039320822163
attrs,25.3.0,465,20260916,1346,189,4476,3300,73.72654155495978
attrs,25.3.0,466,20260916,1346,189,4476,3346,74.75424486148347
attrs,25.3.0,467,20260916,1346,189,4476,3182,71.09025915996425
attrs,25.3.0,468,20260916,1346,189,4476,3251,72.63181411974978
attrs,25.3.0,469,20260916,1346,189,4476,3395,75.84897229669347
attrs,25.3.0,470,20260916,1346,189,4476,3470,77.52457551385166
attrs,25.3.0,471,20260916,1346,189,4476,3186,71.17962466487936
attrs,25.3.0,472,20260916,1346,189,4476,3460,77.3011617515639
attrs,25.3.0,473,20260916,1346,189,4476,3185,71.15728328865058
attrs,25.3.0,474,20260916,1346,189,4476,3535,78.97676496872208
attrs,25.3.0,475,20260916,1346,189,4476,3491,77.99374441465594
attrs,25.3.0,476,20260916,1346,189,4476,3181,71.06791778373548
attrs,25.3.0,477,20260916,1346,189,4476,3447,77.0107238605898
attrs,25.3.0,478,20260916,1346,189,4476,3286,73.41376228775692
attrs,25.3.0,479,20260916,1346,189,4476,3308,73.90527256479
attrs,25.3.0,480,20260916,1346,189,4476,3403,76.02770330652368
attrs,25.3.0,481,20260916,1346,189,4476,3346,74.75424486148347
attrs,25.3.0,482,20260916,1346,189,4476,3143,70.218945487042
attrs,25.3.0,483,20260916,1346,189,4476,3256,72.74352100089365
attrs,25.3.0,484,20260916,1346,189,4476,3243,72.45308310991958
attrs,25.3.0,485,20260916,1346,189,4476,3393,75.80428954423593
attrs,25.3.0,486,20260916,1346,189,4476,3350,74.84361036639856
attrs,25.3.0,487,20260916,1346,189,4476,3474,77.61394101876675
attrs,25.3.0,488,20260916,1346,189,4476,3353,74.91063449508489
attrs,25.3.0,489,20260916,1346,189,4476,3372,75.33512064343164
attrs,25.3.0,490,20260916,1346,189,4476,3400,75.96067917783735
attrs,25.3.0,491,20260916,1346,189,4476,3336,74.53083109919571
attrs,25.3.0,492,20260916,1346,189,4476,3469,77.50223413762288
attrs,25.3.0,493,20260916,1346,189,4476,3177,70.97855227882037
attrs,25.3.0,494,20260916,1346,189,4476,3359,75.04468275245755
attrs,25.3.0,495,20260916,1346,189,4476,3267,72.9892761394102
attrs,25.3.0,496,20260916,1346,189,4476,3317,74.10634495084898
attrs,25.3.0,497,20260916,1346,189,4476,3424,76.49687220732797
attrs,25.3.0,498,20260916,1346,189,4476,3213,71.7828418230563
attrs,25.3.0,499,20260916,1346,189,4476,3471,77.54691689008042
attrs,25.3.0,500,20260916,1346,189,4476,3346,74.75424486148347
attrs,25.3.0,501,20260916,1346,189,4476,3486,77.88203753351206
attrs,25.3.0,502,20260916,1346,189,4476,3496,78.10545129579982
attrs,25.3.0,503,20260916,1346,189,4476,3381,75.53619302949062
attrs,25.3.0,504,20260916,1346,189,4476,3313,74.01697944593387
attrs,25.3.0,505,20260916,1346,189,4476,3244,72.47542448614834
attrs,25.3.0,506,20260916,1346,189,4476,3437,76.78731009830206
attrs,25.3.0,507,20260916,1346,189,4476,3383,75.58087578194817
attrs,25.3.0,508,20260916,1346,189,4476,3119,69.68275245755139
attrs,25.3.0,509,20260916,1346,189,4476,3389,75.71492403932082
attrs,25.3.0,510,20260916,1346,189,4476,3462,77.34584450402144
attrs,25.3.0,511,20260916,1346,189,4476,3483,77.81501340482573
attrs,25.3.0,512,20260916,1346,189,4476,3453,77.14477211796246
attrs,25.3.0,513,20260916,1346,189,4476,3451,77.10008936550491
attrs,25.3.0,514,20260916,1346,189,4476,3290,73.50312779267203
attrs,25.3.0,515,20260916,1346,189,4476,3307,73.88293118856122
attrs,25.3.0,516,20260916,1346,189,4476,3235,72.27435210008936
attrs,25.3.0,517,20260916,1346,189,4476,3420,76.40750670241287
attrs,25.3.0,518,20260916,1346,189,4476,3356,74.97765862377122
attrs,25.3.0,519,20260916,1346,189,4476,3259,72.81054512957998
attrs,25.3.0,520,20260916,1346,189,4476,3509,78.3958891867739
attrs,25.3.0,521,20260916,1346,189,4476,3337,74.55317247542449
attrs,25.3.0,522,20260916,1346,189,4476,3277,73.21268990169794
attrs,25.3.0,523,20260916,1346,189,4476,3287,73.4361036639857
attrs,25.3.0,524,20260916,1346,189,4476,3043,67.98480786416444
attrs,25.3.0,525,20260916,1346,189,4476,3352,74.88829311885613
attrs,25.3.0,526,20260916,1346,189,4476,3312,73.99463806970509
attrs,25.3.0,527,20260916,1346,189,4476,3319,74.15102770330653
attrs,25.3.0,528,20260916,1346,189,4476,3330,74.39678284182305
attrs,25.3.0,529,20260916,1346,189,4476,3190,71.26899016979446
attrs,25.3.0,530,20260916,1346,189,4476,3273,73.12332439678285
attrs,25.3.0,531,20260916,1346,189,4476,3489,77.94906166219839
attrs,25.3.0,532,20260916,1346,189,4476,3259,72.81054512957998
attrs,25.3.0,533,20260916,1346,189,4476,3368,75.24575513851653
attrs,25.3.0,534,20260916,1346,189,4476,3284,73.36907953529938
attrs,25.3.0,535,20260916,1346,189,4476,3536,78.99910634495085
attrs,25.3.0,536,20260916,1346,189,4476,3220,71.93923145665774
attrs,25.3.0,537,20260916,1346,189,4476,3354,74.93297587131367
attrs,25.3.0,538,20260916,1346,189,4476,3183,71.11260053619303
attrs,25.3.0,539,20260916,1346,189,4476,3394,75.8266309204647
attrs,25.3.0,540,20260916,1346,189,4476,3444,76.94369973190348
attrs,25.3.0,541,20260916,1346,189,4476,3363,75.13404825737265
attrs,25.3.0,542,20260916,1346,189,4476,3383,75.58087578194817
attrs,25.3.0,543,20260916,1346,189,4476,3206,71.62645218945487
attrs,25.3.0,544,20260916,1346,189,4476,3313,74.01697944593387
attrs,25.3.0,545,20260916,1346,189,4476,3264,72.92225201072387
attrs,25.3.0,546,20260916,1346,189,4476,3352,74.88829311885613
attrs,25.3.0,547,20260916,1346,189,4476,3370,75.29043789097409
attrs,25.3.0,548,20260916,1346,189,4476,3218,71.89454870420018
attrs,25.3.0,549,20260916,1346,189,4476,3392,75.78194816800715
attrs,25.3.0,550,20260916,1346,189,4476,3495,78.08310991957104
attrs,25.3.0,551,20260916,1346,189,4476,3560,79.53529937444146
attrs,25.3.0,552,20260916,1346,189,4476,3472,77.5692582663092
attrs,25.3.0,553,20260916,1346,189,4476,3318,74.12868632707774
attrs,25.3.0,554,20260916,1346,189,4476,3491,77.99374441465594
attrs,25.3.0,555,20260916,1346,189,4476,3317,74.10634495084898
attrs,25.3.0,556,20260916,1346,189,4476,3360,75.06702412868633
attrs,25.3.0,557,20260916,1346,189,4476,3331,74.41912421805183
attrs,25.3.0,558,20260916,1346,189,4476,3342,74.66487935656836
attrs,25.3.0,559,20260916,1346,189,4476,3481,77.77033065236819
attrs,25.3.0,560,20260916,1346,189,4476,3317,74.10634495084898
attrs,25.3.0,561,20260916,1346,189,4476,3109,69.45933869526363
attrs,25.3.0,562,20260916,1346,189,4476,3282,73.32439678284182
attrs,25.3.0,563,20260916,1346,189,4476,3345,74.73190348525469
attrs,25.3.0,564,20260916,1346,189,4476,3317,74.10634495084898
attrs,25.3.0,565,20260916,1346,189,4476,3467,77.45755138516533
attrs,25.3.0,566,20260916,1346,189,4476,3343,74.68722073279714
attrs,25.3.0,567,20260916,1346,189,4476,3213,71.7828418230563
attrs,25.3.0,568,20260916,1346,189,4476,3282,73.32439678284182
attrs,25.3.0,569,20260916,1346,189,4476,3271,73.07864164432529
attrs,25.3.0,570,20260916,1346,189,4476,3327,74.32975871313673
attrs,25.3.0,571,20260916,1346,189,4476,3514,78.50759606791779
attrs,25.3.0,572,20260916,1346,189,4476,3315,74.06166219839142
attrs,25.3.0,573,20260916,1346,189,4476,3329,74.37444146559429
attrs,25.3.0,574,20260916,1346,189,4476,3318,74.12868632707774
attrs,25.3.0,575,20260916,1346,189,4476,3422,76.45218945487042
attrs,25.3.0,576,20260916,1346,189,4476,3220,71.93923145665774
attrs,25.3.0,577,20260916,1346,189,4476,3421,76.42984807864164
attrs,25.3.0,578,20260916,1346,189,4476,3296,73.63717605004469
attrs,25.3.0,579,20260916,1346,189,4476,3366,75.20107238605898
attrs,25.3.0,580,20260916,1346,189,4476,3232,72.20732797140303
attrs,25.3.0,581,20260916,1346,189,4476,3229,72.1403038427167
attrs,25.3.0,582,20260916,1346,189,4476,3447,77.0107238605898
attrs,25.3.0,583,20260916,1346,189,4476,3295,73.6148346738159
attrs,25.3.0,584,20260916,1346,189,4476,3391,75.75960679177837
attrs,25.3.0,585,20260916,1346,189,4476,3315,74.06166219839142
attrs,25.3.0,586,20260916,1346,189,4476,3482,77.79267202859697
attrs,25.3.0,587,20260916,1346,189,4476,3441,76.87667560321715
attrs,25.3.0,588,20260916,1346,189,4476,3351,74.86595174262735
attrs,25.3.0,589,20260916,1346,189,4476,3499,78.17247542448615
attrs,25.3.0,590,20260916,1346,189,4476,3484,77.83735478105451
attrs,25.3.0,591,20260916,1346,189,4476,3314,74.03932082216265
attrs,25.3.0,592,20260916,1346,189,4476,3517,78.57462019660412
attrs,25.3.0,593,20260916,1346,189,4476,3366,75.20107238605898
attrs,25.3.0,594,20260916,1346,189,4476,3380,75.51385165326184
attrs,25.3.0,595,20260916,1346,189,4476,3278,73.23503127792672
attrs,25.3.0,596,20260916,1346,189,4476,3446,76.98838248436104
attrs,25.3.0,597,20260916,1346,189,4476,3322,74.21805183199285
attrs,25.3.0,598,20260916,1346,189,4476,3435,76.74262734584451
attrs,25.3.0,599,20260916,1346,189,4476,3538,79.0437890974084
attrs,25.3.0,600,20260916,1346,189,4476,3267,72.9892761394102
attrs,25.3.0,601,20260916,1346,189,4476,3449,77.05540661304737
attrs,25.3.0,602,20260916,1346,189,4476,3375,75.40214477211796
attrs,25.3.0,603,20260916,1346,189,4476,3221,71.9615728328865
attrs,25.3.0,604,20260916,1346,189,4476,3389,75.71492403932082
attrs,25.3.0,605,20260916,1346,189,4476,3397,75.89365504915102
attrs,25.3.0,606,20260916,1346,189,4476,3415,76.29579982126899
attrs,25.3.0,607,20260916,1346,189,4476,3418,76.36282394995531
attrs,25.3.0,608,20260916,1346,189,4476,3246,72.5201072386059
attrs,25.3.0,609,20260916,1346,189,4476,3216,71.84986595174263
attrs,25.3.0,610,20260916,1346,189,4476,3488,77.92672028596962
attrs,25.3.0,611,20260916,1346,189,4476,3328,74.3521000893655
attrs,25.3.0,612,20260916,1346,189,4476,3339,74.59785522788204
attrs,25.3.0,613,20260916,1346,189,4476,3275,73.1680071492404
attrs,25.3.0,614,20260916,1346,189,4476,3145,70.26362823949955
attrs,25.3.0,615,20260916,1346,189,4476,3334,74.48614834673816
attrs,25.3.0,616,20260916,1346,189,4476,3519,78.61930294906166
attrs,25.3.0,617,20260916,1346,189,4476,3481,77.77033065236819
attrs,25.3.0,618,20260916,1346,189,4476,3225,72.05093833780161
attrs,25.3.0,619,20260916,1346,189,4476,3268,73.01161751563896
attrs,25.3.0,620,20260916,1346,189,4476,3170,70.82216264521895
attrs,25.3.0,621,20260916,1346,189,4476,3312,73.99463806970509
attrs,25.3.0,622,20260916,1346,189,4476,3286,73.41376228775692
attrs,25.3.0,623,20260916,1346,189,4476,3352,74.88829311885613
attrs,25.3.0,624,20260916,1346,189,4476,3503,78.26184092940125
attrs,25.3.0,625,20260916,1346,189,4476,3441,76.87667560321715
attrs,25.3.0,626,20260916,1346,189,4476,3340,74.62019660411082
attrs,25.3.0,627,20260916,1346,189,4476,3277,73.21268990169794
attrs,25.3.0,628,20260916,1346,189,4476,3319,74.15102770330653
attrs,25.3.0,629,20260916,1346,189,4476,3336,74.53083109919571
attrs,25.3.0,630,20260916,1346,189,4476,3300,73.72654155495978
attrs,25.3.0,631,20260916,1346,189,4476,3349,74.8212689901698
attrs,25.3.0,632,20260916,1346,189,4476,3289,73.48078641644325
attrs,25.3.0,633,20260916,1346,189,4476,3464,77.390527256479
attrs,25.3.0,634,20260916,1346,189,4476,3165,70.71045576407506
attrs,25.3.0,635,20260916,1346,189,4476,3378,75.46916890080429
attrs,25.3.0,636,20260916,1346,189,4476,3400,75.96067917783735
attrs,25.3.0,637,20260916,1346,189,4476,3259,72.81054512957998
attrs,25.3.0,638,20260916,1346,189,4476,3260,72.83288650580876
attrs,25.3.0,639,20260916,1346,189,4476,3537,79.02144772117963
attrs,25.3.0,640,20260916,1346,189,4476,3362,75.11170688114387
attrs,25.3.0,641,20260916,1346,189,4476,3453,77.14477211796246
attrs,25.3.0,642,20260916,1346,189,4476,3201,71.51474530831099
attrs,25.3.0,643,20260916,1346,189,4476,3272,73.10098302055407
attrs,25.3.0,644,20260916,1346,189,4476,3218,71.89454870420018
attrs,25.3.0,645,20260916,1346,189,4476,3349,74.8212689901698
attrs,25.3.0,646,20260916,1346,189,4476,3383,75.58087578194817
attrs,25.3.0,647,20260916,1346,189,4476,3327,74.32975871313673
attrs,25.3.0,648,20260916,1346,189,4476,3307,73.88293118856122
attrs,25.3.0,649,20260916,1346,189,4476,3280,73.27971403038427
attrs,25.3.0,650,20260916,1346,189,4476,3432,76.67560321715818
attrs,25.3.0,651,20260916,1346,189,4476,3222,71.98391420911528
attrs,25.3.0,652,20260916,1346,189,4476,3400,75.96067917783735
attrs,25.3.0,653,20260916,1346,189,4476,3331,74.41912421805183
attrs,25.3.0,654,20260916,1346,189,4476,3345,74.73190348525469
attrs,25.3.0,655,20260916,1346,189,4476,3273,73.12332439678285
attrs,25.3.0,656,20260916,1346,189,4476,3348,74.79892761394102
attrs,25.3.0,657,20260916,1346,189,4476,3280,73.27971403038427
attrs,25.3.0,658,20260916,1346,189,4476,3431,76.6532618409294
attrs,25.3.0,659,20260916,1346,189,4476,3342,74.66487935656836
attrs,25.3.0,660,20260916,1346,189,4476,3194,71.35835567470956
attrs,25.3.0,661,20260916,1346,189,4476,3427,76.5638963360143
attrs,25.3.0,662,20260916,1346,189,4476,3452,77.1224307417337
attrs,25.3.0,663,20260916,1346,189,4476,3391,75.75960679177837
attrs,25.3.0,664,20260916,1346,189,4476,3402,76.00536193029491
attrs,25.3.0,665,20260916,1346,189,4476,3221,71.9615728328865
attrs,25.3.0,666,20260916,1346,189,4476,3376,75.42448614834674
attrs,25.3.0,667,20260916,1346,189,4476,3250,72.609472743521
attrs,25.3.0,668,20260916,1346,189,4476,3146,70.28596961572833
attrs,25.3.0,669,20260916,1346,189,4476,3273,73.12332439678285
attrs,25.3.0,670,20260916,1346,189,4476,3503,78.26184092940125
attrs,25.3.0,671,20260916,1346,189,4476,3429,76.60857908847186
attrs,25.3.0,672,20260916,1346,189,4476,3396,75.87131367292226
attrs,25.3.0,673,20260916,1346,189,4476,3350,74.84361036639856
attrs,25.3.0,674,20260916,1346,189,4476,3459,77.27882037533512
attrs,25.3.0,675,20260916,1346,189,4476,3345,74.73190348525469
attrs,25.3.0,676,20260916,1346,189,4476,3618,80.83109919571045
attrs,25.3.0,677,20260916,1346,189,4476,3463,77.36818588025022
attrs,25.3.0,678,20260916,1346,189,4476,3349,74.8212689901698
attrs,25.3.0,679,20260916,1346,189,4476,3497,78.12779267202859
attrs,25.3.0,680,20260916,1346,189,4476,3272,73.10098302055407
attrs,25.3.0,681,20260916,1346,189,4476,3365,75.1787310098302
attrs,25.3.0,682,20260916,1346,189,4476,3226,72.07327971403038
attrs,25.3.0,683,20260916,1346,189,4476,3372,75.33512064343164
attrs,25.3.0,684,20260916,1346,189,4476,3437,76.78731009830206
attrs,25.3.0,685,20260916,1346,189,4476,3469,77.50223413762288
attrs,25.3.0,686,20260916,1346,189,4476,3340,74.62019660411082
attrs,25.3.0,687,20260916,1346,189,4476,3178,71.00089365504915
attrs,25.3.0,688,20260916,1346,189,4476,3358,75.02234137622878
attrs,25.3.0,689,20260916,1346,189,4476,3231,72.18498659517427
attrs,25.3.0,690,20260916,1346,189,4476,3392,75.78194816800715
attrs,25.3.0,691,20260916,1346,189,4476,3395,75.84897229669347
attrs,25.3.0,692,20260916,1346,189,4476,3241,72.40840035746201
attrs,25.3.0,693,20260916,1346,189,4476,3546,79.22252010723861
attrs,25.3.0,694,20260916,1346,189,4476,3318,74.12868632707774
attrs,25.3.0,695,20260916,1346,189,4476,3369,75.26809651474531
attrs,25.3.0,696,20260916,1346,189,4476,3349,74.8212689901698
attrs,25.3.0,697,20260916,1346,189,4476,3207,71.64879356568365
attrs,25.3.0,698,20260916,1346,189,4476,3488,77.92672028596962
attrs,25.3.0,699,20260916,1346,189,4476,3020,67.47095621090259
attrs,25.3.0,700,20260916,1346,189,4476,3460,77.3011617515639
attrs,25.3.0,701,20260916,1346,189,4476,3266,72.96693476318141
attrs,25.3.0,702,20260916,1346,189,4476,3336,74.53083109919571
attrs,25.3.0,703,20260916,1346,189,4476,3275,73.1680071492404
attrs,25.3.0,704,20260916,1346,189,4476,3243,72.45308310991958
attrs,25.3.0,705,20260916,1346,189,4476,3362,75.11170688114387
attrs,25.3.0,706,20260916,1346,189,4476,3371,75.31277926720286
attrs,25.3.0,707,20260916,1346,189,4476,3385,75.62555853440571
attrs,25.3.0,708,20260916,1346,189,4476,3254,72.6988382484361
attrs,25.3.0,709,20260916,1346,189,4476,3479,77.72564789991064
attrs,25.3.0,710,20260916,1346,189,4476,3568,79.71403038427167
attrs,25.3.0,711,20260916,1346,189,4476,3310,73.94995531724754
attrs,25.3.0,712,20260916,1346,189,4476,3238,72.34137622877569
attrs,25.3.0,713,20260916,1346,189,4476,3360,75.06702412868633
attrs,25.3.0,714,20260916,1346,189,4476,3309,73.92761394101876
attrs,25.3.0,715,20260916,1346,189,4476,3366,75.20107238605898
attrs,25.3.0,716,20260916,1346,189,4476,3379,75.49151027703307
attrs,25.3.0,717,20260916,1346,189,4476,3248,72.56478999106345
attrs,25.3.0,718,20260916,1346,189,4476,3350,74.84361036639856
attrs,25.3.0,719,20260916,1346,189,4476,3482,77.79267202859697
attrs,25.3.0,720,20260916,1346,189,4476,3196,71.40303842716712
attrs,25.3.0,721,20260916,1346,189,4476,3289,73.48078641644325
attrs,25.3.0,722,20260916,1346,189,4476,3091,69.05719392314566
attrs,25.3.0,723,20260916,1346,189,4476,3355,74.95531724754245
attrs,25.3.0,724,20260916,1346,189,4476,3268,73.01161751563896
attrs,25.3.0,725,20260916,1346,189,4476,3406,76.09472743521
attrs,25.3.0,726,20260916,1346,189,4476,3241,72.40840035746201
attrs,25.3.0,727,20260916,1346,189,4476,3260,72.83288650580876
attrs,25.3.0,728,20260916,1346,189,4476,3405,76.07238605898124
attrs,25.3.0,729,20260916,1346,189,4476,3576,79.89276139410188
attrs,25.3.0,730,20260916,1346,189,4476,3366,75.20107238605898
attrs,25.3.0,731,20260916,1346,189,4476,3425,76.51921358355675
attrs,25.3.0,732,20260916,1346,189,4476,3177,70.97855227882037
attrs,25.3.0,733,20260916,1346,189,4476,3392,75.78194816800715
attrs,25.3.0,734,20260916,1346,189,4476,3512,78.46291331546023
attrs,25.3.0,735,20260916,1346,189,4476,3276,73.19034852546918
attrs,25.3.0,736,20260916,1346,189,4476,3072,68.63270777479893
attrs,25.3.0,737,20260916,1346,189,4476,3269,73.03395889186774
attrs,25.3.0,738,20260916,1346,189,4476,3356,74.97765862377122
attrs,25.3.0,739,20260916,1346,189,4476,3286,73.41376228775692
attrs,25.3.0,740,20260916,1346,189,4476,3331,74.41912421805183
attrs,25.3.0,741,20260916,1346,189,4476,3253,72.67649687220732
attrs,25.3.0,742,20260916,1346,189,4476,3361,75.08936550491511
attrs,25.3.0,743,20260916,1346,189,4476,3397,75.89365504915102
attrs,25.3.0,744,20260916,1346,189,4476,3370,75.29043789097409
attrs,25.3.0,745,20260916,1346,189,4476,3506,78.32886505808757
attrs,25.3.0,746,20260916,1346,189,4476,3406,76.09472743521
attrs,25.3.0,747,20260916,1346,189,4476,3310,73.94995531724754
attrs,25.3.0,748,20260916,1346,189,4476,3450,77.07774798927613
attrs,25.3.0,749,20260916,1346,189,4476,3287,73.4361036639857
attrs,25.3.0,750,20260916,1346,189,4476,3215,71.82752457551385
attrs,25.3.0,751,20260916,1346,189,4476,3293,73.57015192135836
attrs,25.3.0,752,20260916,1346,189,4476,3217,71.87220732797141
attrs,25.3.0,753,20260916,1346,189,4476,3370,75.29043789097409
attrs,25.3.0,754,20260916,1346,189,4476,3102,69.3029490616622
attrs,25.3.0,755,20260916,1346,189,4476,3333,74.46380697050938
attrs,25.3.0,756,20260916,1346,189,4476,3264,72.92225201072387
attrs,25.3.0,757,20260916,1346,189,4476,3409,76.16175156389633
attrs,25.3.0,758,20260916,1346,189,4476,3411,76.20643431635389
attrs,25.3.0,759,20260916,1346,189,4476,3226,72.07327971403038
attrs,25.3.0,760,20260916,1346,189,4476,3299,73.70420017873101
attrs,25.3.0,761,20260916,1346,189,4476,3373,75.35746201966042
attrs,25.3.0,762,20260916,1346,189,4476,3294,73.59249329758713
attrs,25.3.0,763,20260916,1346,189,4476,3270,73.05630026809652
attrs,25.3.0,764,20260916,1346,189,4476,3327,74.32975871313673
attrs,25.3.0,765,20260916,1346,189,4476,3194,71.35835567470956
attrs,25.3.0,766,20260916,1346,189,4476,3259,72.81054512957998
attrs,25.3.0,767,20260916,1346,189,4476,3329,74.37444146559429
attrs,25.3.0,768,20260916,1346,189,4476,3408,76.13941018766756
attrs,25.3.0,769,20260916,1346,189,4476,3378,75.46916890080429
attrs,25.3.0,770,20260916,1346,189,4476,3288,73.45844504021447
attrs,25.3.0,771,20260916,1346,189,4476,3252,72.65415549597856
attrs,25.3.0,772,20260916,1346,189,4476,3507,78.35120643431635
attrs,25.3.0,773,20260916,1346,189,4476,3243,72.45308310991958
attrs,25.3.0,774,20260916,1346,189,4476,3250,72.609472743521
attrs,25.3.0,775,20260916,1346,189,4476,3400,75.96067917783735
attrs,25.3.0,776,20260916,1346,189,4476,3353,74.91063449508489
attrs,25.3.0,777,20260916,1346,189,4476,3376,75.42448614834674
attrs,25.3.0,778,20260916,1346,189,4476,3297,73.65951742627345
attrs,25.3.0,779,20260916,1346,189,4476,3332,74.4414655942806
attrs,25.3.0,780,20260916,1346,189,4476,3316,74.0840035746202
attrs,25.3.0,781,20260916,1346,189,4476,3285,73.39142091152814
attrs,25.3.0,782,20260916,1346,189,4476,3427,76.5638963360143
attrs,25.3.0,783,20260916,1346,189,4476,3296,73.63717605004469
attrs,25.3.0,784,20260916,1346,189,4476,3380,75.51385165326184
attrs,25.3.0,785,20260916,1346,189,4476,3215,71.82752457551385
attrs,25.3.0,786,20260916,1346,189,4476,3286,73.41376228775692
attrs,25.3.0,787,20260916,1346,189,4476,3361,75.08936550491511
attrs,25.3.0,788,20260916,1346,189,4476,3399,75.93833780160858
attrs,25.3.0,789,20260916,1346,189,4476,3233,72.22966934763181
attrs,25.3.0,790,20260916,1346,189,4476,3476,77.65862377122431
attrs,25.3.0,791,20260916,1346,189,4476,3385,75.62555853440571
attrs,25.3.0,792,20260916,1346,189,4476,3344,74.70956210902591
attrs,25.3.0,793,20260916,1346,189,4476,3334,74.48614834673816
attrs,25.3.0,794,20260916,1346,189,4476,3280,73.27971403038427
attrs,25.3.0,795,20260916,1346,189,4476,3511,78.44057193923146
attrs,25.3.0,796,20260916,1346,189,4476,3411,76.20643431635389
attrs,25.3.0,797,20260916,1346,189,4476,3473,77.59159964253799
attrs,25.3.0,798,20260916,1346,189,4476,3418,76.36282394995531
attrs,25.3.0,799,20260916,1346,189,4476,3438,76.80965147453082
attrs,25.3.0,800,20260916,1346,189,4476,3421,76.42984807864164
attrs,25.3.0,801,20260916,1346,189,4476,3065,68.4763181411975
attrs,25.3.0,802,20260916,1346,189,4476,3284,73.36907953529938
attrs,25.3.0,803,20260916,1346,189,4476,3304,73.81590705987489
attrs,25.3.0,804,20260916,1346,189,4476,3100,69.25826630920464
attrs,25.3.0,805,20260916,1346,189,4476,3352,74.88829311885613
attrs,25.3.0,806,20260916,1346,189,4476,3263,72.89991063449509
attrs,25.3.0,807,20260916,1346,189,4476,3325,74.28507596067918
attrs,25.3.0,808,20260916,1346,189,4476,3257,72.76586237712243
attrs,25.3.0,809,20260916,1346,189,4476,3403,76.02770330652368
attrs,25.3.0,810,20260916,1346,189,4476,3360,75.06702412868633
attrs,25.3.0,811,20260916,1346,189,4476,3153,70.44235924932975
attrs,25.3.0,812,20260916,1346,189,4476,3357,75.0
attrs,25.3.0,813,20260916,1346,189,4476,3400,75.96067917783735
attrs,25.3.0,814,20260916,1346,189,4476,3331,74.41912421805183
attrs,25.3.0,815,20260916,1346,189,4476,3243,72.45308310991958
attrs,25.3.0,816,20260916,1346,189,4476,3379,75.49151027703307
attrs,25.3.0,817,20260916,1346,189,4476,3483,77.81501340482573
attrs,25.3.0,818,20260916,1346,189,4476,3260,72.83288650580876
attrs,25.3.0,819,20260916,1346,189,4476,3320,74.1733690795353
attrs,25.3.0,820,20260916,1346,189,4476,3044,68.0071492403932
attrs,25.3.0,821,20260916,1346,189,4476,3393,75.80428954423593
attrs,25.3.0,822,20260916,1346,189,4476,3381,75.53619302949062
attrs,25.3.0,823,20260916,1346,189,4476,3396,75.87131367292226
attrs,25.3.0,824,20260916,1346,189,4476,3331,74.41912421805183
attrs,25.3.0,825,20260916,1346,189,4476,3341,74.64253798033958
attrs,25.3.0,826,20260916,1346,189,4476,3389,75.71492403932082
attrs,25.3.0,827,20260916,1346,189,4476,3213,71.7828418230563
attrs,25.3.0,828,20260916,1346,189,4476,3297,73.65951742627345
attrs,25.3.0,829,20260916,1346,189,4476,3366,75.20107238605898
attrs,25.3.0,830,20260916,1346,189,4476,3282,73.32439678284182
attrs,25.3.0,831,20260916,1346,189,4476,3215,71.82752457551385
attrs,25.3.0,832,20260916,1346,189,4476,3264,72.92225201072387
attrs,25.3.0,833,20260916,1346,189,4476,3184,71.13494191242181
attrs,25.3.0,834,20260916,1346,189,4476,3366,75.20107238605898
attrs,25.3.0,835,20260916,1346,189,4476,3190,71.26899016979446
attrs,25.3.0,836,20260916,1346,189,4476,3265,72.94459338695263
attrs,25.3.0,837,20260916,1346,189,4476,3449,77.05540661304737
attrs,25.3.0,838,20260916,1346,189,4476,3316,74.0840035746202
attrs,25.3.0,839,20260916,1346,189,4476,3367,75.22341376228776
attrs,25.3.0,840,20260916,1346,189,4476,3394,75.8266309204647
attrs,25.3.0,841,20260916,1346,189,4476,3321,74.19571045576407
attrs,25.3.0,842,20260916,1346,189,4476,3266,72.96693476318141
attrs,25.3.0,843,20260916,1346,189,4476,3347,74.77658623771224
attrs,25.3.0,844,20260916,1346,189,4476,3374,75.37980339588918
attrs,25.3.0,845,20260916,1346,189,4476,3485,77.8596961572833
attrs,25.3.0,846,20260916,1346,189,4476,3500,78.19481680071492
attrs,25.3.0,847,20260916,1346,189,4476,3410,76.18409294012511
attrs,25.3.0,848,20260916,1346,189,4476,3225,72.05093833780161
attrs,25.3.0,849,20260916,1346,189,4476,3379,75.49151027703307
attrs,25.3.0,850,20260916,1346,189,4476,3325,74.28507596067918
attrs,25.3.0,851,20260916,1346,189,4476,3244,72.47542448614834
attrs,25.3.0,852,20260916,1346,189,4476,3238,72.34137622877569
attrs,25.3.0,853,20260916,1346,189,4476,3262,72.8775692582663
attrs,25.3.0,854,20260916,1346,189,4476,3485,77.8596961572833
attrs,25.3.0,855,20260916,1346,189,4476,3318,74.12868632707774
attrs,25.3.0,856,20260916,1346,189,4476,3241,72.40840035746201
attrs,25.3.0,857,20260916,1346,189,4476,3472,77.5692582663092
attrs,25.3.0,858,20260916,1346,189,4476,3177,70.97855227882037
attrs,25.3.0,859,20260916,1346,189,4476,3418,76.36282394995531
attrs,25.3.0,860,20260916,1346,189,4476,3454,77.16711349419124
attrs,25.3.0,861,20260916,1346,189,4476,3316,74.0840035746202
attrs,25.3.0,862,20260916,1346,189,4476,3414,76.27345844504022
attrs,25.3.0,863,20260916,1346,189,4476,3529,78.84271671134942
attrs,25.3.0,864,20260916,1346,189,4476,3368,75.24575513851653
attrs,25.3.0,865,20260916,1346,189,4476,3317,74.10634495084898
attrs,25.3.0,866,20260916,1346,189,4476,3293,73.57015192135836
attrs,25.3.0,867,20260916,1346,189,4476,3430,76.63092046470062
attrs,25.3.0,868,20260916,1346,189,4476,3066,68.49865951742628
attrs,25.3.0,869,20260916,1346,189,4476,3410,76.18409294012511
attrs,25.3.0,870,20260916,1346,189,4476,3295,73.6148346738159
attrs,25.3.0,871,20260916,1346,189,4476,3073,68.6550491510277
attrs,25.3.0,872,20260916,1346,189,4476,3475,77.63628239499553
attrs,25.3.0,873,20260916,1346,189,4476,3269,73.03395889186774
attrs,25.3.0,874,20260916,1346,189,4476,3452,77.1224307417337
attrs,25.3.0,875,20260916,1346,189,4476,3359,75.04468275245755
attrs,25.3.0,876,20260916,1346,189,4476,3436,76.76496872207328
attrs,25.3.0,877,20260916,1346,189,4476,3540,79.08847184986595
attrs,25.3.0,878,20260916,1346,189,4476,3395,75.84897229669347
attrs,25.3.0,879,20260916,1346,189,4476,3243,72.45308310991958
attrs,25.3.0,880,20260916,1346,189,4476,3137,70.08489722966935
attrs,25.3.0,881,20260916,1346,189,4476,3360,75.06702412868633
attrs,25.3.0,882,20260916,1346,189,4476,3344,74.70956210902591
attrs,25.3.0,883,20260916,1346,189,4476,3257,72.76586237712243
attrs,25.3.0,884,20260916,1346,189,4476,3300,73.72654155495978
attrs,25.3.0,885,20260916,1346,189,4476,3218,71.89454870420018
attrs,25.3.0,886,20260916,1346,189,4476,3339,74.59785522788204
attrs,25.3.0,887,20260916,1346,189,4476,3256,72.74352100089365
attrs,25.3.0,888,20260916,1346,189,4476,3263,72.89991063449509
attrs,25.3.0,889,20260916,1346,189,4476,3424,76.49687220732797
attrs,25.3.0,890,20260916,1346,189,4476,3318,74.12868632707774
attrs,25.3.0,891,20260916,1346,189,4476,3343,74.68722073279714
attrs,25.3.0,892,20260916,1346,189,4476,3284,73.36907953529938
attrs,25.3.0,893,20260916,1346,189,4476,3342,74.66487935656836
attrs,25.3.0,894,20260916,1346,189,4476,3259,72.81054512957998
attrs,25.3.0,895,20260916,1346,189,4476,3249,72.58713136729223
attrs,25.3.0,896,20260916,1346,189,4476,3419,76.3851653261841
attrs,25.3.0,897,20260916,1346,189,4476,3464,77.390527256479
attrs,25.3.0,898,20260916,1346,189,4476,3385,75.62555853440571
attrs,25.3.0,899,20260916,1346,189,4476,3307,73.88293118856122
attrs,25.3.0,900,20260916,1346,189,4476,3178,71.00089365504915
attrs,25.3.0,901,20260916,1346,189,4476,3336,74.53083109919571
attrs,25.3.0,902,20260916,1346,189,4476,3394,75.8266309204647
attrs,25.3.0,903,20260916,1346,189,4476,3379,75.49151027703307
attrs,25.3.0,904,20260916,1346,189,4476,3415,76.29579982126899
attrs,25.3.0,905,20260916,1346,189,4476,3202,71.53708668453977
attrs,25.3.0,906,20260916,1346,189,4476,3346,74.75424486148347
attrs,25.3.0,907,20260916,1346,189,4476,3427,76.5638963360143
attrs,25.3.0,908,20260916,1346,189,4476,3340,74.62019660411082
attrs,25.3.0,909,20260916,1346,189,4476,3206,71.62645218945487
attrs,25.3.0,910,20260916,1346,189,4476,3354,74.93297587131367
attrs,25.3.0,911,20260916,1346,189,4476,3413,76.25111706881144
attrs,25.3.0,912,20260916,1346,189,4476,3151,70.39767649687221
attrs,25.3.0,913,20260916,1346,189,4476,3480,77.7479892761394
attrs,25.3.0,914,20260916,1346,189,4476,3175,70.93386952636283
attrs,25.3.0,915,20260916,1346,189,4476,3263,72.89991063449509
attrs,25.3.0,916,20260916,1346,189,4476,3210,71.71581769436997
attrs,25.3.0,917,20260916,1346,189,4476,3341,74.64253798033958
attrs,25.3.0,918,20260916,1346,189,4476,3307,73.88293118856122
attrs,25.3.0,919,20260916,1346,189,4476,3282,73.32439678284182
attrs,25.3.0,920,20260916,1346,189,4476,3380,75.51385165326184
attrs,25.3.0,921,20260916,1346,189,4476,3330,74.39678284182305
attrs,25.3.0,922,20260916,1346,189,4476,3357,75.0
attrs,25.3.0,923,20260916,1346,189,4476,3229,72.1403038427167
attrs,25.3.0,924,20260916,1346,189,4476,3187,71.20196604110814
attrs,25.3.0,925,20260916,1346,189,4476,3197,71.42537980339588
attrs,25.3.0,926,20260916,1346,189,4476,3489,77.94906166219839
attrs,25.3.0,927,20260916,1346,189,4476,3314,74.03932082216265
attrs,25.3.0,928,20260916,1346,189,4476,3365,75.1787310098302
attrs,25.3.0,929,20260916,1346,189,4476,3210,71.71581769436997
attrs,25.3.0,930,20260916,1346,189,4476,3395,75.84897229669347
attrs,25.3.0,931,20260916,1346,189,4476,3290,73.50312779267203
attrs,25.3.0,932,20260916,1346,189,4476,3396,75.87131367292226
attrs,25.3.0,933,20260916,1346,189,4476,3272,73.10098302055407
attrs,25.3.0,934,20260916,1346,189,4476,3330,74.39678284182305
attrs,25.3.0,935,20260916,1346,189,4476,3535,78.97676496872208
attrs,25.3.0,936,20260916,1346,189,4476,3275,73.1680071492404
attrs,25.3.0,937,20260916,1346,189,4476,3246,72.5201072386059
attrs,25.3.0,938,20260916,1346,189,4476,3425,76.51921358355675
attrs,25.3.0,939,20260916,1346,189,4476,3171,70.84450402144772
attrs,25.3.0,940,20260916,1346,189,4476,3392,75.78194816800715
attrs,25.3.0,941,20260916,1346,189,4476,3440,76.85433422698839
attrs,25.3.0,942,20260916,1346,189,4476,3362,75.11170688114387
attrs,25.3.0,943,20260916,1346,189,4476,3337,74.55317247542449
attrs,25.3.0,944,20260916,1346,189,4476,3365,75.1787310098302
attrs,25.3.0,945,20260916,1346,189,4476,3322,74.21805183199285
attrs,25.3.0,946,20260916,1346,189,4476,3398,75.9159964253798
attrs,25.3.0,947,20260916,1346,189,4476,3344,74.70956210902591
attrs,25.3.0,948,20260916,1346,189,4476,3284,73.36907953529938
attrs,25.3.0,949,20260916,1346,189,4476,3253,72.67649687220732
attrs,25.3.0,950,20260916,1346,189,4476,3402,76.00536193029491
attrs,25.3.0,951,20260916,1346,189,4476,3182,71.09025915996425
attrs,25.3.0,952,20260916,1346,189,4476,3409,76.16175156389633
attrs,25.3.0,953,20260916,1346,189,4476,3294,73.59249329758713
attrs,25.3.0,954,20260916,1346,189,4476,3299,73.70420017873101
attrs,25.3.0,955,20260916,1346,189,4476,3392,75.78194816800715
attrs,25.3.0,956,20260916,1346,189,4476,3259,72.81054512957998
attrs,25.3.0,957,20260916,1346,189,4476,3311,73.97229669347632
attrs,25.3.0,958,20260916,1346,189,4476,3256,72.74352100089365
attrs,25.3.0,959,20260916,1346,189,4476,3357,75.0
attrs,25.3.0,960,20260916,1346,189,4476,3347,74.77658623771224
attrs,25.3.0,961,20260916,1346,189,4476,3546,79.22252010723861
attrs,25.3.0,962,20260916,1346,189,4476,3429,76.60857908847186
attrs,25.3.0,963,20260916,1346,189,4476,3439,76.8319928507596
attrs,25.3.0,964,20260916,1346,189,4476,3455,77.18945487042002
attrs,25.3.0,965,20260916,1346,189,4476,3313,74.01697944593387
attrs,25.3.0,966,20260916,1346,189,4476,3242,72.4307417336908
attrs,25.3.0,967,20260916,1346,189,4476,3234,72.2520107238606
attrs,25.3.0,968,20260916,1346,189,4476,3067,68.52100089365504
attrs,25.3.0,969,20260916,1346,189,4476,3430,76.63092046470062
attrs,25.3.0,970,20260916,1346,189,4476,3389,75.71492403932082
attrs,25.3.0,971,20260916,1346,189,4476,3306,73.86058981233244
attrs,25.3.0,972,20260916,1346,189,4476,3440,76.85433422698839
attrs,25.3.0,973,20260916,1346,189,4476,3215,71.82752457551385
attrs,25.3.0,974,20260916,1346,189,4476,3371,75.31277926720286
attrs,25.3.0,975,20260916,1346,189,4476,3502,78.23949955317248
attrs,25.3.0,976,20260916,1346,189,4476,3345,74.73190348525469
attrs,25.3.0,977,20260916,1346,189,4476,3318,74.12868632707774
attrs,25.3.0,978,20260916,1346,189,4476,3373,75.35746201966042
attrs,25.3.0,979,20260916,1346,189,4476,3365,75.1787310098302
attrs,25.3.0,980,20260916,1346,189,4476,3430,76.63092046470062
attrs,25.3.0,981,20260916,1346,189,4476,3263,72.89991063449509
attrs,25.3.0,982,20260916,1346,189,4476,3391,75.75960679177837
attrs,25.3.0,983,20260916,1346,189,4476,3344,74.70956210902591
attrs,25.3.0,984,20260916,1346,189,4476,3233,72.22966934763181
attrs,25.3.0,985,20260916,1346,189,4476,3377,75.44682752457551
attrs,25.3.0,986,20260916,1346,189,4476,3215,71.82752457551385
attrs,25.3.0,987,20260916,1346,189,4476,3140,70.15192135835568
attrs,25.3.0,988,20260916,1346,189,4476,3393,75.80428954423593
attrs,25.3.0,989,20260916,1346,189,4476,3324,74.2627345844504
attrs,25.3.0,990,20260916,1346,189,4476,3278,73.23503127792672
attrs,25.3.0,991,20260916,1346,189,4476,3256,72.74352100089365
attrs,25.3.0,992,20260916,1346,189,4476,3287,73.4361036639857
attrs,25.3.0,993,20260916,1346,189,4476,3340,74.62019660411082
attrs,25.3.0,994,20260916,1346,189,4476,3289,73.48078641644325
attrs,25.3.0,995,20260916,1346,189,4476,3197,71.42537980339588
attrs,25.3.0,996,20260916,1346,189,4476,3183,71.11260053619303
attrs,25.3.0,997,20260916,1346,189,4476,3397,75.89365504915102
attrs,25.3.0,998,20260916,1346,189,4476,3212,71.76050044682752
attrs,25.3.0,999,20260916,1346,189,4476,3361,75.08936550491511
attrs,25.3.0,1000,20260916,1346,189,4476,3505,78.3065236818588
attrs,26.1.0,1,20260917,1385,198,4774,3656,76.58148303309594
attrs,26.1.0,2,20260917,1385,198,4774,3655,76.56053623795559
attrs,26.1.0,3,20260917,1385,198,4774,3545,74.25638877251781
attrs,26.1.0,4,20260917,1385,198,4774,3529,73.9212400502723
attrs,26.1.0,5,20260917,1385,198,4774,3647,76.39296187683284
attrs,26.1.0,6,20260917,1385,198,4774,3606,75.53414327607877
attrs,26.1.0,7,20260917,1385,198,4774,3510,73.52325094260578
attrs,26.1.0,8,20260917,1385,198,4774,3636,76.16254713028907
attrs,26.1.0,9,20260917,1385,198,4774,3494,73.18810222036028
attrs,26.1.0,10,20260917,1385,198,4774,3642,76.28822790113112
attrs,26.1.0,11,20260917,1385,198,4774,3715,77.8173439463762
attrs,26.1.0,12,20260917,1385,198,4774,3590,75.19899455383326
attrs,26.1.0,13,20260917,1385,198,4774,3482,72.93674067867616
attrs,26.1.0,14,20260917,1385,198,4774,3618,75.78550481776288
attrs,26.1.0,15,20260917,1385,198,4774,3499,73.292836196062
attrs,26.1.0,16,20260917,1385,198,4774,3563,74.633431085044
attrs,26.1.0,17,20260917,1385,198,4774,3635,76.14160033514872
attrs,26.1.0,18,20260917,1385,198,4774,3588,75.15710096355258
attrs,26.1.0,19,20260917,1385,198,4774,3427,71.78466694595727
attrs,26.1.0,20,20260917,1385,198,4774,3734,78.21533305404273
attrs,26.1.0,21,20260917,1385,198,4774,3620,75.82739840804356
attrs,26.1.0,22,20260917,1385,198,4774,3402,71.26099706744868
attrs,26.1.0,23,20260917,1385,198,4774,3657,76.60242982823628
attrs,26.1.0,24,20260917,1385,198,4774,3588,75.15710096355258
attrs,26.1.0,25,20260917,1385,198,4774,3534,74.02597402597402
attrs,26.1.0,26,20260917,1385,198,4774,3693,77.35651445328865
attrs,26.1.0,27,20260917,1385,198,4774,3384,70.8839547549225
attrs,26.1.0,28,20260917,1385,198,4774,3504,73.39757017176372
attrs,26.1.0,29,20260917,1385,198,4774,3745,78.44574780058652
attrs,26.1.0,30,20260917,1385,198,4774,3541,74.17260159195644
attrs,26.1.0,31,20260917,1385,198,4774,3376,70.71638039379975
attrs,26.1.0,32,20260917,1385,198,4774,3652,76.49769585253456
attrs,26.1.0,33,20260917,1385,198,4774,3706,77.62882279011312
attrs,26.1.0,34,20260917,1385,198,4774,3507,73.46041055718474
attrs,26.1.0,35,20260917,1385,198,4774,3658,76.62337662337663
attrs,26.1.0,36,20260917,1385,198,4774,3620,75.82739840804356
attrs,26.1.0,37,20260917,1385,198,4774,3683,77.14704650188521
attrs,26.1.0,38,20260917,1385,198,4774,3478,72.85295349811479
attrs,26.1.0,39,20260917,1385,198,4774,3543,74.21449518223712
attrs,26.1.0,40,20260917,1385,198,4774,3586,75.11520737327189
attrs,26.1.0,41,20260917,1385,198,4774,3595,75.30372852953498
attrs,26.1.0,42,20260917,1385,198,4774,3586,75.11520737327189
attrs,26.1.0,43,20260917,1385,198,4774,3571,74.80100544616674
attrs,26.1.0,44,20260917,1385,198,4774,3675,76.97947214076247
attrs,26.1.0,45,20260917,1385,198,4774,3582,75.03142019271051
attrs,26.1.0,46,20260917,1385,198,4774,3517,73.66987850858818
attrs,26.1.0,47,20260917,1385,198,4774,3646,76.3720150816925
attrs,26.1.0,48,20260917,1385,198,4774,3654,76.53958944281526
attrs,26.1.0,49,20260917,1385,198,4774,3564,74.65437788018433
attrs,26.1.0,50,20260917,1385,198,4774,3584,75.0733137829912
attrs,26.1.0,51,20260917,1385,198,4774,3573,74.84289903644742
attrs,26.1.0,52,20260917,1385,198,4774,3638,76.20444072056975
attrs,26.1.0,53,20260917,1385,198,4774,3341,69.98324256388773
attrs,26.1.0,54,20260917,1385,198,4774,3586,75.11520737327189
attrs,26.1.0,55,20260917,1385,198,4774,3625,75.93213238374528
attrs,26.1.0,56,20260917,1385,198,4774,3462,72.5178047758693
attrs,26.1.0,57,20260917,1385,198,4774,3476,72.8110599078341
attrs,26.1.0,58,20260917,1385,198,4774,3482,72.93674067867616
attrs,26.1.0,59,20260917,1385,198,4774,3688,77.25178047758693
attrs,26.1.0,60,20260917,1385,198,4774,3496,73.22999581064097
attrs,26.1.0,61,20260917,1385,198,4774,3445,72.16170925848346
attrs,26.1.0,62,20260917,1385,198,4774,3780,79.17888563049853
attrs,26.1.0,63,20260917,1385,198,4774,3551,74.38206954335986
attrs,26.1.0,64,20260917,1385,198,4774,3541,74.17260159195644
attrs,26.1.0,65,20260917,1385,198,4774,3694,77.37746124842899
attrs,26.1.0,66,20260917,1385,198,4774,3652,76.49769585253456
attrs,26.1.0,67,20260917,1385,198,4774,3544,74.23544197737746
attrs,26.1.0,68,20260917,1385,198,4774,3733,78.19438625890238
attrs,26.1.0,69,20260917,1385,198,4774,3464,72.55969836614997
attrs,26.1.0,70,20260917,1385,198,4774,3448,72.22454964390448
attrs,26.1.0,71,20260917,1385,198,4774,3533,74.00502723083368
attrs,26.1.0,72,20260917,1385,198,4774,3522,73.7746124842899
attrs,26.1.0,73,20260917,1385,198,4774,3600,75.4084625052367
attrs,26.1.0,74,20260917,1385,198,4774,3658,76.62337662337663
attrs,26.1.0,75,20260917,1385,198,4774,3583,75.05236698785086
attrs,26.1.0,76,20260917,1385,198,4774,3743,78.40385421030582
attrs,26.1.0,77,20260917,1385,198,4774,3509,73.50230414746544
attrs,26.1.0,78,20260917,1385,198,4774,3557,74.50775031420193
attrs,26.1.0,79,20260917,1385,198,4774,3622,75.86929199832426
attrs,26.1.0,80,20260917,1385,198,4774,3592,75.24088814411395
attrs,26.1.0,81,20260917,1385,198,4774,3718,77.88018433179724
attrs,26.1.0,82,20260917,1385,198,4774,3686,77.20988688730624
attrs,26.1.0,83,20260917,1385,198,4774,3450,72.26644323418518
attrs,26.1.0,84,20260917,1385,198,4774,3539,74.13070800167574
attrs,26.1.0,85,20260917,1385,198,4774,3651,76.47674905739422
attrs,26.1.0,86,20260917,1385,198,4774,3723,77.98491830749896
attrs,26.1.0,87,20260917,1385,198,4774,3644,76.33012149141182
attrs,26.1.0,88,20260917,1385,198,4774,3562,74.61248428990365
attrs,26.1.0,89,20260917,1385,198,4774,3530,73.94218684541265
attrs,26.1.0,90,20260917,1385,198,4774,3606,75.53414327607877
attrs,26.1.0,91,20260917,1385,198,4774,3664,76.74905739421868
attrs,26.1.0,92,20260917,1385,198,4774,3711,77.73355676581482
attrs,26.1.0,93,20260917,1385,198,4774,3690,77.29367406786761
attrs,26.1.0,94,20260917,1385,198,4774,3648,76.41390867197319
attrs,26.1.0,95,20260917,1385,198,4774,3483,72.9576874738165
attrs,26.1.0,96,20260917,1385,198,4774,3606,75.53414327607877
attrs,26.1.0,97,20260917,1385,198,4774,3772,79.01131126937578
attrs,26.1.0,98,20260917,1385,198,4774,3623,75.8902387934646
attrs,26.1.0,99,20260917,1385,198,4774,3680,77.08420611646419
attrs,26.1.0,100,20260917,1385,198,4774,3566,74.69627147046502
attrs,26.1.0,101,20260917,1385,198,4774,3631,76.05781315458735
attrs,26.1.0,102,20260917,1385,198,4774,3460,72.4759111855886
attrs,26.1.0,103,20260917,1385,198,4774,3763,78.82279011311269
attrs,26.1.0,104,20260917,1385,198,4774,3731,78.1524926686217
attrs,26.1.0,105,20260917,1385,198,4774,3588,75.15710096355258
attrs,26.1.0,106,20260917,1385,198,4774,3569,74.75911185588605
attrs,26.1.0,107,20260917,1385,198,4774,3467,72.62253875157101
attrs,26.1.0,108,20260917,1385,198,4774,3673,76.93757855048177
attrs,26.1.0,109,20260917,1385,198,4774,3667,76.81189777963972
attrs,26.1.0,110,20260917,1385,198,4774,3581,75.01047339757017
attrs,26.1.0,111,20260917,1385,198,4774,3637,76.1834939254294
attrs,26.1.0,112,20260917,1385,198,4774,3436,71.97318810222036
attrs,26.1.0,113,20260917,1385,198,4774,3603,75.47130289065773
attrs,26.1.0,114,20260917,1385,198,4774,3661,76.68621700879766
attrs,26.1.0,115,20260917,1385,198,4774,3651,76.47674905739422
attrs,26.1.0,116,20260917,1385,198,4774,3555,74.46585672392123
attrs,26.1.0,117,20260917,1385,198,4774,3362,70.42312526183494
attrs,26.1.0,118,20260917,1385,198,4774,3650,76.45580226225387
attrs,26.1.0,119,20260917,1385,198,4774,3640,76.24633431085044
attrs,26.1.0,120,20260917,1385,198,4774,3472,72.72727272727273
attrs,26.1.0,121,20260917,1385,198,4774,3592,75.24088814411395
attrs,26.1.0,122,20260917,1385,198,4774,3421,71.6589861751152
attrs,26.1.0,123,20260917,1385,198,4774,3701,77.5240888144114
attrs,26.1.0,124,20260917,1385,198,4774,3506,73.43946376204441
attrs,26.1.0,125,20260917,1385,198,4774,3633,76.09970674486803
attrs,26.1.0,126,20260917,1385,198,4774,3515,73.6279849183075
attrs,26.1.0,127,20260917,1385,198,4774,3484,72.97863426895685
attrs,26.1.0,128,20260917,1385,198,4774,3668,76.83284457478005
attrs,26.1.0,129,20260917,1385,198,4774,3549,74.34017595307918
attrs,26.1.0,130,20260917,1385,198,4774,3587,75.13615416841223
attrs,26.1.0,131,20260917,1385,198,4774,3464,72.55969836614997
attrs,26.1.0,132,20260917,1385,198,4774,3383,70.86300795978215
attrs,26.1.0,133,20260917,1385,198,4774,3622,75.86929199832426
attrs,26.1.0,134,20260917,1385,198,4774,3658,76.62337662337663
attrs,26.1.0,135,20260917,1385,198,4774,3526,73.85839966485128
attrs,26.1.0,136,20260917,1385,198,4774,3726,78.04775869291998
attrs,26.1.0,137,20260917,1385,198,4774,3602,75.45035609551739
attrs,26.1.0,138,20260917,1385,198,4774,3620,75.82739840804356
attrs,26.1.0,139,20260917,1385,198,4774,3489,73.08336824465857
attrs,26.1.0,140,20260917,1385,198,4774,3626,75.95307917888563
attrs,26.1.0,141,20260917,1385,198,4774,3488,73.06242144951823
attrs,26.1.0,142,20260917,1385,198,4774,3508,73.48135735232509
attrs,26.1.0,143,20260917,1385,198,4774,3578,74.94763301214914
attrs,26.1.0,144,20260917,1385,198,4774,3698,77.46124842899036
attrs,26.1.0,145,20260917,1385,198,4774,3400,71.21910347716799
attrs,26.1.0,146,20260917,1385,198,4774,3610,75.61793045664014
attrs,26.1.0,147,20260917,1385,198,4774,3635,76.14160033514872
attrs,26.1.0,148,20260917,1385,198,4774,3610,75.61793045664014
attrs,26.1.0,149,20260917,1385,198,4774,3627,75.97402597402598
attrs,26.1.0,150,20260917,1385,198,4774,3543,74.21449518223712
attrs,26.1.0,151,20260917,1385,198,4774,3491,73.12526183493925
attrs,26.1.0,152,20260917,1385,198,4774,3665,76.77000418935903
attrs,26.1.0,153,20260917,1385,198,4774,3511,73.54419773774613
attrs,26.1.0,154,20260917,1385,198,4774,3487,73.04147465437788
attrs,26.1.0,155,20260917,1385,198,4774,3760,78.75994972769166
attrs,26.1.0,156,20260917,1385,198,4774,3569,74.75911185588605
attrs,26.1.0,157,20260917,1385,198,4774,3519,73.71177209886888
attrs,26.1.0,158,20260917,1385,198,4774,3594,75.28278173439463
attrs,26.1.0,159,20260917,1385,198,4774,3525,73.83745286971093
attrs,26.1.0,160,20260917,1385,198,4774,3495,73.20904901550063
attrs,26.1.0,161,20260917,1385,198,4774,3665,76.77000418935903
attrs,26.1.0,162,20260917,1385,198,4774,3797,79.53498114788438
attrs,26.1.0,163,20260917,1385,198,4774,3598,75.366568914956
attrs,26.1.0,164,20260917,1385,198,4774,3611,75.63887725178047
attrs,26.1.0,165,20260917,1385,198,4774,3607,75.5550900712191
attrs,26.1.0,166,20260917,1385,198,4774,3582,75.03142019271051
attrs,26.1.0,167,20260917,1385,198,4774,3623,75.8902387934646
attrs,26.1.0,168,20260917,1385,198,4774,3680,77.08420611646419
attrs,26.1.0,169,20260917,1385,198,4774,3496,73.22999581064097
attrs,26.1.0,170,20260917,1385,198,4774,3625,75.93213238374528
attrs,26.1.0,171,20260917,1385,198,4774,3715,77.8173439463762
attrs,26.1.0,172,20260917,1385,198,4774,3497,73.25094260578132
attrs,26.1.0,173,20260917,1385,198,4774,3635,76.14160033514872
attrs,26.1.0,174,20260917,1385,198,4774,3536,74.06786761625472
attrs,26.1.0,175,20260917,1385,198,4774,3522,73.7746124842899
attrs,26.1.0,176,20260917,1385,198,4774,3773,79.03225806451613
attrs,26.1.0,177,20260917,1385,198,4774,3450,72.26644323418518
attrs,26.1.0,178,20260917,1385,198,4774,3473,72.74821952241307
attrs,26.1.0,179,20260917,1385,198,4774,3564,74.65437788018433
attrs,26.1.0,180,20260917,1385,198,4774,3577,74.9266862170088
attrs,26.1.0,181,20260917,1385,198,4774,3591,75.2199413489736
attrs,26.1.0,182,20260917,1385,198,4774,3803,79.66066191872643
attrs,26.1.0,183,20260917,1385,198,4774,3623,75.8902387934646
attrs,26.1.0,184,20260917,1385,198,4774,3463,72.53875157100964
attrs,26.1.0,185,20260917,1385,198,4774,3689,77.27272727272727
attrs,26.1.0,186,20260917,1385,198,4774,3569,74.75911185588605
attrs,26.1.0,187,20260917,1385,198,4774,3660,76.66527021365731
attrs,26.1.0,188,20260917,1385,198,4774,3559,74.54964390448261
attrs,26.1.0,189,20260917,1385,198,4774,3733,78.19438625890238
attrs,26.1.0,190,20260917,1385,198,4774,3674,76.95852534562212
attrs,26.1.0,191,20260917,1385,198,4774,3540,74.15165479681609
attrs,26.1.0,192,20260917,1385,198,4774,3504,73.39757017176372
attrs,26.1.0,193,20260917,1385,198,4774,3491,73.12526183493925
attrs,26.1.0,194,20260917,1385,198,4774,3583,75.05236698785086
attrs,26.1.0,195,20260917,1385,198,4774,3556,74.48680351906158
attrs,26.1.0,196,20260917,1385,198,4774,3581,75.01047339757017
attrs,26.1.0,197,20260917,1385,198,4774,3749,78.52953498114789
attrs,26.1.0,198,20260917,1385,198,4774,3482,72.93674067867616
attrs,26.1.0,199,20260917,1385,198,4774,3654,76.53958944281526
attrs,26.1.0,200,20260917,1385,198,4774,3456,72.39212400502723
attrs,26.1.0,201,20260917,1385,198,4774,3734,78.21533305404273
attrs,26.1.0,202,20260917,1385,198,4774,3718,77.88018433179724
attrs,26.1.0,203,20260917,1385,198,4774,3581,75.01047339757017
attrs,26.1.0,204,20260917,1385,198,4774,3443,72.11981566820276
attrs,26.1.0,205,20260917,1385,198,4774,3474,72.76916631755341
attrs,26.1.0,206,20260917,1385,198,4774,3653,76.51864264767491
attrs,26.1.0,207,20260917,1385,198,4774,3556,74.48680351906158
attrs,26.1.0,208,20260917,1385,198,4774,3544,74.23544197737746
attrs,26.1.0,209,20260917,1385,198,4774,3443,72.11981566820276
attrs,26.1.0,210,20260917,1385,198,4774,3619,75.80645161290323
attrs,26.1.0,211,20260917,1385,198,4774,3636,76.16254713028907
attrs,26.1.0,212,20260917,1385,198,4774,3584,75.0733137829912
attrs,26.1.0,213,20260917,1385,198,4774,3571,74.80100544616674
attrs,26.1.0,214,20260917,1385,198,4774,3722,77.96397151235861
attrs,26.1.0,215,20260917,1385,198,4774,3568,74.7381650607457
attrs,26.1.0,216,20260917,1385,198,4774,3549,74.34017595307918
attrs,26.1.0,217,20260917,1385,198,4774,3719,77.90113112693759
attrs,26.1.0,218,20260917,1385,198,4774,3537,74.08881441139506
attrs,26.1.0,219,20260917,1385,198,4774,3745,78.44574780058652
attrs,26.1.0,220,20260917,1385,198,4774,3546,74.27733556765814
attrs,26.1.0,221,20260917,1385,198,4774,3669,76.8537913699204
attrs,26.1.0,222,20260917,1385,198,4774,3659,76.64432341851696
attrs,26.1.0,223,20260917,1385,198,4774,3666,76.79095098449937
attrs,26.1.0,224,20260917,1385,198,4774,3467,72.62253875157101
attrs,26.1.0,225,20260917,1385,198,4774,3504,73.39757017176372
attrs,26.1.0,226,20260917,1385,198,4774,3702,77.54503560955173
attrs,26.1.0,227,20260917,1385,198,4774,3586,75.11520737327189
attrs,26.1.0,228,20260917,1385,198,4774,3580,74.98952660242983
attrs,26.1.0,229,20260917,1385,198,4774,3435,71.95224130708002
attrs,26.1.0,230,20260917,1385,198,4774,3699,77.4821952241307
attrs,26.1.0,231,20260917,1385,198,4774,3505,73.41851696690406
attrs,26.1.0,232,20260917,1385,198,4774,3457,72.41307080016757
attrs,26.1.0,233,20260917,1385,198,4774,3494,73.18810222036028
attrs,26.1.0,234,20260917,1385,198,4774,3590,75.19899455383326
attrs,26.1.0,235,20260917,1385,198,4774,3645,76.35106828655216
attrs,26.1.0,236,20260917,1385,198,4774,3617,75.76455802262254
attrs,26.1.0,237,20260917,1385,198,4774,3540,74.15165479681609
attrs,26.1.0,238,20260917,1385,198,4774,3496,73.22999581064097
attrs,26.1.0,239,20260917,1385,198,4774,3413,71.49141181399246
attrs,26.1.0,240,20260917,1385,198,4774,3559,74.54964390448261
attrs,26.1.0,241,20260917,1385,198,4774,3513,73.58609132802681
attrs,26.1.0,242,20260917,1385,198,4774,3574,74.86384583158777
attrs,26.1.0,243,20260917,1385,198,4774,3596,75.32467532467533
attrs,26.1.0,244,20260917,1385,198,4774,3674,76.95852534562212
attrs,26.1.0,245,20260917,1385,198,4774,3701,77.5240888144114
attrs,26.1.0,246,20260917,1385,198,4774,3415,71.53330540427315
attrs,26.1.0,247,20260917,1385,198,4774,3622,75.86929199832426
attrs,26.1.0,248,20260917,1385,198,4774,3431,71.86845412651864
attrs,26.1.0,249,20260917,1385,198,4774,3632,76.0787599497277
attrs,26.1.0,250,20260917,1385,198,4774,3593,75.2618349392543
attrs,26.1.0,251,20260917,1385,198,4774,3585,75.09426057813154
attrs,26.1.0,252,20260917,1385,198,4774,3618,75.78550481776288
attrs,26.1.0,253,20260917,1385,198,4774,3622,75.86929199832426
attrs,26.1.0,254,20260917,1385,198,4774,3272,68.53791369920403
attrs,26.1.0,255,20260917,1385,198,4774,3603,75.47130289065773
attrs,26.1.0,256,20260917,1385,198,4774,3657,76.60242982823628
attrs,26.1.0,257,20260917,1385,198,4774,3665,76.77000418935903
attrs,26.1.0,258,20260917,1385,198,4774,3644,76.33012149141182
attrs,26.1.0,259,20260917,1385,198,4774,3853,80.70800167574362
attrs,26.1.0,260,20260917,1385,198,4774,3677,77.02136573104315
attrs,26.1.0,261,20260917,1385,198,4774,3680,77.08420611646419
attrs,26.1.0,262,20260917,1385,198,4774,3531,73.963133640553
attrs,26.1.0,263,20260917,1385,198,4774,3624,75.91118558860494
attrs,26.1.0,264,20260917,1385,198,4774,3694,77.37746124842899
attrs,26.1.0,265,20260917,1385,198,4774,3545,74.25638877251781
attrs,26.1.0,266,20260917,1385,198,4774,3594,75.28278173439463
attrs,26.1.0,267,20260917,1385,198,4774,3709,77.69166317553415
attrs,26.1.0,268,20260917,1385,198,4774,3493,73.16715542521995
attrs,26.1.0,269,20260917,1385,198,4774,3729,78.11059907834101
attrs,26.1.0,270,20260917,1385,198,4774,3705,77.60787599497277
attrs,26.1.0,271,20260917,1385,198,4774,3505,73.41851696690406
attrs,26.1.0,272,20260917,1385,198,4774,3379,70.77922077922078
attrs,26.1.0,273,20260917,1385,198,4774,3452,72.30833682446585
attrs,26.1.0,274,20260917,1385,198,4774,3410,71.42857142857143
attrs,26.1.0,275,20260917,1385,198,4774,3508,73.48135735232509
attrs,26.1.0,276,20260917,1385,198,4774,3562,74.61248428990365
attrs,26.1.0,277,20260917,1385,198,4774,3641,76.26728110599079
attrs,26.1.0,278,20260917,1385,198,4774,3555,74.46585672392123
attrs,26.1.0,279,20260917,1385,198,4774,3714,77.79639715123587
attrs,26.1.0,280,20260917,1385,198,4774,3568,74.7381650607457
attrs,26.1.0,281,20260917,1385,198,4774,3710,77.71260997067449
attrs,26.1.0,282,20260917,1385,198,4774,3638,76.20444072056975
attrs,26.1.0,283,20260917,1385,198,4774,3693,77.35651445328865
attrs,26.1.0,284,20260917,1385,198,4774,3553,74.42396313364056
attrs,26.1.0,285,20260917,1385,198,4774,3557,74.50775031420193
attrs,26.1.0,286,20260917,1385,198,4774,3635,76.14160033514872
attrs,26.1.0,287,20260917,1385,198,4774,3632,76.0787599497277
attrs,26.1.0,288,20260917,1385,198,4774,3475,72.79011311269376
attrs,26.1.0,289,20260917,1385,198,4774,3636,76.16254713028907
attrs,26.1.0,290,20260917,1385,198,4774,3641,76.26728110599079
attrs,26.1.0,291,20260917,1385,198,4774,3536,74.06786761625472
attrs,26.1.0,292,20260917,1385,198,4774,3574,74.86384583158777
attrs,26.1.0,293,20260917,1385,198,4774,3489,73.08336824465857
attrs,26.1.0,294,20260917,1385,198,4774,3537,74.08881441139506
attrs,26.1.0,295,20260917,1385,198,4774,3574,74.86384583158777
attrs,26.1.0,296,20260917,1385,198,4774,3727,78.06870548806033
attrs,26.1.0,297,20260917,1385,198,4774,3340,69.96229576874738
attrs,26.1.0,298,20260917,1385,198,4774,3426,71.76372015081692
attrs,26.1.0,299,20260917,1385,198,4774,3446,72.1826560536238
attrs,26.1.0,300,20260917,1385,198,4774,3591,75.2199413489736
attrs,26.1.0,301,20260917,1385,198,4774,3653,76.51864264767491
attrs,26.1.0,302,20260917,1385,198,4774,3559,74.54964390448261
attrs,26.1.0,303,20260917,1385,198,4774,3494,73.18810222036028
attrs,26.1.0,304,20260917,1385,198,4774,3457,72.41307080016757
attrs,26.1.0,305,20260917,1385,198,4774,3702,77.54503560955173
attrs,26.1.0,306,20260917,1385,198,4774,3469,72.6644323418517
attrs,26.1.0,307,20260917,1385,198,4774,3627,75.97402597402598
attrs,26.1.0,308,20260917,1385,198,4774,3575,74.88479262672811
attrs,26.1.0,309,20260917,1385,198,4774,3451,72.28739002932551
attrs,26.1.0,310,20260917,1385,198,4774,3600,75.4084625052367
attrs,26.1.0,311,20260917,1385,198,4774,3670,76.87473816506075
attrs,26.1.0,312,20260917,1385,198,4774,3560,74.57059069962295
attrs,26.1.0,313,20260917,1385,198,4774,3657,76.60242982823628
attrs,26.1.0,314,20260917,1385,198,4774,3524,73.8165060745706
attrs,26.1.0,315,20260917,1385,198,4774,3567,74.71721826560537
attrs,26.1.0,316,20260917,1385,198,4774,3570,74.7800586510264
attrs,26.1.0,317,20260917,1385,198,4774,3594,75.28278173439463
attrs,26.1.0,318,20260917,1385,198,4774,3507,73.46041055718474
attrs,26.1.0,319,20260917,1385,198,4774,3612,75.65982404692082
attrs,26.1.0,320,20260917,1385,198,4774,3507,73.46041055718474
attrs,26.1.0,321,20260917,1385,198,4774,3521,73.75366568914956
attrs,26.1.0,322,20260917,1385,198,4774,3359,70.36028487641391
attrs,26.1.0,323,20260917,1385,198,4774,3761,78.78089652283201
attrs,26.1.0,324,20260917,1385,198,4774,3551,74.38206954335986
attrs,26.1.0,325,20260917,1385,198,4774,3594,75.28278173439463
attrs,26.1.0,326,20260917,1385,198,4774,3553,74.42396313364056
attrs,26.1.0,327,20260917,1385,198,4774,3665,76.77000418935903
attrs,26.1.0,328,20260917,1385,198,4774,3595,75.30372852953498
attrs,26.1.0,329,20260917,1385,198,4774,3571,74.80100544616674
attrs,26.1.0,330,20260917,1385,198,4774,3491,73.12526183493925
attrs,26.1.0,331,20260917,1385,198,4774,3308,69.29199832425638
attrs,26.1.0,332,20260917,1385,198,4774,3637,76.1834939254294
attrs,26.1.0,333,20260917,1385,198,4774,3621,75.84834520318391
attrs,26.1.0,334,20260917,1385,198,4774,3469,72.6644323418517
attrs,26.1.0,335,20260917,1385,198,4774,3429,71.82656053623795
attrs,26.1.0,336,20260917,1385,198,4774,3659,76.64432341851696
attrs,26.1.0,337,20260917,1385,198,4774,3646,76.3720150816925
attrs,26.1.0,338,20260917,1385,198,4774,3467,72.62253875157101
attrs,26.1.0,339,20260917,1385,198,4774,3571,74.80100544616674
attrs,26.1.0,340,20260917,1385,198,4774,3501,73.33472978634269
attrs,26.1.0,341,20260917,1385,198,4774,3682,77.12609970674487
attrs,26.1.0,342,20260917,1385,198,4774,3546,74.27733556765814
attrs,26.1.0,343,20260917,1385,198,4774,3629,76.01591956430666
attrs,26.1.0,344,20260917,1385,198,4774,3604,75.49224968579807
attrs,26.1.0,345,20260917,1385,198,4774,3572,74.82195224130707
attrs,26.1.0,346,20260917,1385,198,4774,3653,76.51864264767491
attrs,26.1.0,347,20260917,1385,198,4774,3734,78.21533305404273
attrs,26.1.0,348,20260917,1385,198,4774,3640,76.24633431085044
attrs,26.1.0,349,20260917,1385,198,4774,3738,78.2991202346041
attrs,26.1.0,350,20260917,1385,198,4774,3572,74.82195224130707
attrs,26.1.0,351,20260917,1385,198,4774,3526,73.85839966485128
attrs,26.1.0,352,20260917,1385,198,4774,3645,76.35106828655216
attrs,26.1.0,353,20260917,1385,198,4774,3637,76.1834939254294
attrs,26.1.0,354,20260917,1385,198,4774,3679,77.06325932132384
attrs,26.1.0,355,20260917,1385,198,4774,3628,75.99497276916632
attrs,26.1.0,356,20260917,1385,198,4774,3670,76.87473816506075
attrs,26.1.0,357,20260917,1385,198,4774,3600,75.4084625052367
attrs,26.1.0,358,20260917,1385,198,4774,3253,68.1399245915375
attrs,26.1.0,359,20260917,1385,198,4774,3652,76.49769585253456
attrs,26.1.0,360,20260917,1385,198,4774,3601,75.42940930037705
attrs,26.1.0,361,20260917,1385,198,4774,3566,74.69627147046502
attrs,26.1.0,362,20260917,1385,198,4774,3661,76.68621700879766
attrs,26.1.0,363,20260917,1385,198,4774,3680,77.08420611646419
attrs,26.1.0,364,20260917,1385,198,4774,3683,77.14704650188521
attrs,26.1.0,365,20260917,1385,198,4774,3650,76.45580226225387
attrs,26.1.0,366,20260917,1385,198,4774,3735,78.23627984918308
attrs,26.1.0,367,20260917,1385,198,4774,3485,72.9995810640972
attrs,26.1.0,368,20260917,1385,198,4774,3320,69.54335986594052
attrs,26.1.0,369,20260917,1385,198,4774,3557,74.50775031420193
attrs,26.1.0,370,20260917,1385,198,4774,3813,79.87012987012987
attrs,26.1.0,371,20260917,1385,198,4774,3367,70.52785923753666
attrs,26.1.0,372,20260917,1385,198,4774,3628,75.99497276916632
attrs,26.1.0,373,20260917,1385,198,4774,3403,71.28194386258902
attrs,26.1.0,374,20260917,1385,198,4774,3706,77.62882279011312
attrs,26.1.0,375,20260917,1385,198,4774,3602,75.45035609551739
attrs,26.1.0,376,20260917,1385,198,4774,3597,75.34562211981567
attrs,26.1.0,377,20260917,1385,198,4774,3380,70.80016757436113
attrs,26.1.0,378,20260917,1385,198,4774,3609,75.59698366149979
attrs,26.1.0,379,20260917,1385,198,4774,3669,76.8537913699204
attrs,26.1.0,380,20260917,1385,198,4774,3530,73.94218684541265
attrs,26.1.0,381,20260917,1385,198,4774,3651,76.47674905739422
attrs,26.1.0,382,20260917,1385,198,4774,3635,76.14160033514872
attrs,26.1.0,383,20260917,1385,198,4774,3551,74.38206954335986
attrs,26.1.0,384,20260917,1385,198,4774,3583,75.05236698785086
attrs,26.1.0,385,20260917,1385,198,4774,3499,73.292836196062
attrs,26.1.0,386,20260917,1385,198,4774,3607,75.5550900712191
attrs,26.1.0,387,20260917,1385,198,4774,3611,75.63887725178047
attrs,26.1.0,388,20260917,1385,198,4774,3656,76.58148303309594
attrs,26.1.0,389,20260917,1385,198,4774,3730,78.13154587348136
attrs,26.1.0,390,20260917,1385,198,4774,3574,74.86384583158777
attrs,26.1.0,391,20260917,1385,198,4774,3539,74.13070800167574
attrs,26.1.0,392,20260917,1385,198,4774,3655,76.56053623795559
attrs,26.1.0,393,20260917,1385,198,4774,3493,73.16715542521995
attrs,26.1.0,394,20260917,1385,198,4774,3609,75.59698366149979
attrs,26.1.0,395,20260917,1385,198,4774,3552,74.40301633850021
attrs,26.1.0,396,20260917,1385,198,4774,3594,75.28278173439463
attrs,26.1.0,397,20260917,1385,198,4774,3624,75.91118558860494
attrs,26.1.0,398,20260917,1385,198,4774,3663,76.72811059907833
attrs,26.1.0,399,20260917,1385,198,4774,3576,74.90573942186846
attrs,26.1.0,400,20260917,1385,198,4774,3631,76.05781315458735
attrs,26.1.0,401,20260917,1385,198,4774,3574,74.86384583158777
attrs,26.1.0,402,20260917,1385,198,4774,3483,72.9576874738165
attrs,26.1.0,403,20260917,1385,198,4774,3469,72.6644323418517
attrs,26.1.0,404,20260917,1385,198,4774,3319,69.52241307080017
attrs,26.1.0,405,20260917,1385,198,4774,3636,76.16254713028907
attrs,26.1.0,406,20260917,1385,198,4774,3568,74.7381650607457
attrs,26.1.0,407,20260917,1385,198,4774,3396,71.13531629660662
attrs,26.1.0,408,20260917,1385,198,4774,3477,72.83200670297444
attrs,26.1.0,409,20260917,1385,198,4774,3610,75.61793045664014
attrs,26.1.0,410,20260917,1385,198,4774,3583,75.05236698785086
attrs,26.1.0,411,20260917,1385,198,4774,3823,80.07959782153331
attrs,26.1.0,412,20260917,1385,198,4774,3388,70.96774193548387
attrs,26.1.0,413,20260917,1385,198,4774,3594,75.28278173439463
attrs,26.1.0,414,20260917,1385,198,4774,3886,81.39924591537495
attrs,26.1.0,415,20260917,1385,198,4774,3239,67.84666945957268
attrs,26.1.0,416,20260917,1385,198,4774,3771,78.99036447423545
attrs,26.1.0,417,20260917,1385,198,4774,3516,73.64893171344784
attrs,26.1.0,418,20260917,1385,198,4774,3480,72.89484708839548
attrs,26.1.0,419,20260917,1385,198,4774,3569,74.75911185588605
attrs,26.1.0,420,20260917,1385,198,4774,3639,76.2253875157101
attrs,26.1.0,421,20260917,1385,198,4774,3678,77.0423125261835
attrs,26.1.0,422,20260917,1385,198,4774,3526,73.85839966485128
attrs,26.1.0,423,20260917,1385,198,4774,3531,73.963133640553
attrs,26.1.0,424,20260917,1385,198,4774,3533,74.00502723083368
attrs,26.1.0,425,20260917,1385,198,4774,3607,75.5550900712191
attrs,26.1.0,426,20260917,1385,198,4774,3525,73.83745286971093
attrs,26.1.0,427,20260917,1385,198,4774,3550,74.36112274821953
attrs,26.1.0,428,20260917,1385,198,4774,3686,77.20988688730624
attrs,26.1.0,429,20260917,1385,198,4774,3606,75.53414327607877
attrs,26.1.0,430,20260917,1385,198,4774,3616,75.74361122748219
attrs,26.1.0,431,20260917,1385,198,4774,3820,80.01675743611227
attrs,26.1.0,432,20260917,1385,198,4774,3547,74.29828236279849
attrs,26.1.0,433,20260917,1385,198,4774,3581,75.01047339757017
attrs,26.1.0,434,20260917,1385,198,4774,3715,77.8173439463762
attrs,26.1.0,435,20260917,1385,198,4774,3462,72.5178047758693
attrs,26.1.0,436,20260917,1385,198,4774,3504,73.39757017176372
attrs,26.1.0,437,20260917,1385,198,4774,3526,73.85839966485128
attrs,26.1.0,438,20260917,1385,198,4774,3548,74.31922915793884
attrs,26.1.0,439,20260917,1385,198,4774,3532,73.98408043569334
attrs,26.1.0,440,20260917,1385,198,4774,3665,76.77000418935903
attrs,26.1.0,441,20260917,1385,198,4774,3619,75.80645161290323
attrs,26.1.0,442,20260917,1385,198,4774,3419,71.61709258483452
attrs,26.1.0,443,20260917,1385,198,4774,3621,75.84834520318391
attrs,26.1.0,444,20260917,1385,198,4774,3556,74.48680351906158
attrs,26.1.0,445,20260917,1385,198,4774,3428,71.80561374109762
attrs,26.1.0,446,20260917,1385,198,4774,3616,75.74361122748219
attrs,26.1.0,447,20260917,1385,198,4774,3582,75.03142019271051
attrs,26.1.0,448,20260917,1385,198,4774,3704,77.58692919983243
attrs,26.1.0,449,20260917,1385,198,4774,3480,72.89484708839548
attrs,26.1.0,450,20260917,1385,198,4774,3477,72.83200670297444
attrs,26.1.0,451,20260917,1385,198,4774,3573,74.84289903644742
attrs,26.1.0,452,20260917,1385,198,4774,3432,71.88940092165899
attrs,26.1.0,453,20260917,1385,198,4774,3487,73.04147465437788
attrs,26.1.0,454,20260917,1385,198,4774,3643,76.30917469627147
attrs,26.1.0,455,20260917,1385,198,4774,3604,75.49224968579807
attrs,26.1.0,456,20260917,1385,198,4774,3568,74.7381650607457
attrs,26.1.0,457,20260917,1385,198,4774,3741,78.36196062002513
attrs,26.1.0,458,20260917,1385,198,4774,3610,75.61793045664014
attrs,26.1.0,459,20260917,1385,198,4774,3771,78.99036447423545
attrs,26.1.0,460,20260917,1385,198,4774,3505,73.41851696690406
attrs,26.1.0,461,20260917,1385,198,4774,3726,78.04775869291998
attrs,26.1.0,462,20260917,1385,198,4774,3449,72.24549643904483
attrs,26.1.0,463,20260917,1385,198,4774,3538,74.1097612065354
attrs,26.1.0,464,20260917,1385,198,4774,3598,75.366568914956
attrs,26.1.0,465,20260917,1385,198,4774,3508,73.48135735232509
attrs,26.1.0,466,20260917,1385,198,4774,3711,77.73355676581482
attrs,26.1.0,467,20260917,1385,198,4774,3632,76.0787599497277
attrs,26.1.0,468,20260917,1385,198,4774,3526,73.85839966485128
attrs,26.1.0,469,20260917,1385,198,4774,3593,75.2618349392543
attrs,26.1.0,470,20260917,1385,198,4774,3554,74.4449099287809
attrs,26.1.0,471,20260917,1385,198,4774,3643,76.30917469627147
attrs,26.1.0,472,20260917,1385,198,4774,3683,77.14704650188521
attrs,26.1.0,473,20260917,1385,198,4774,3477,72.83200670297444
attrs,26.1.0,474,20260917,1385,198,4774,3611,75.63887725178047
attrs,26.1.0,475,20260917,1385,198,4774,3570,74.7800586510264
attrs,26.1.0,476,20260917,1385,198,4774,3456,72.39212400502723
attrs,26.1.0,477,20260917,1385,198,4774,3445,72.16170925848346
attrs,26.1.0,478,20260917,1385,198,4774,3687,77.23083368244659
attrs,26.1.0,479,20260917,1385,198,4774,3561,74.5915374947633
attrs,26.1.0,480,20260917,1385,198,4774,3654,76.53958944281526
attrs,26.1.0,481,20260917,1385,198,4774,3571,74.80100544616674
attrs,26.1.0,482,20260917,1385,198,4774,3755,78.65521575198994
attrs,26.1.0,483,20260917,1385,198,4774,3642,76.28822790113112
attrs,26.1.0,484,20260917,1385,198,4774,3457,72.41307080016757
attrs,26.1.0,485,20260917,1385,198,4774,3510,73.52325094260578
attrs,26.1.0,486,20260917,1385,198,4774,3628,75.99497276916632
attrs,26.1.0,487,20260917,1385,198,4774,3672,76.91663175534143
attrs,26.1.0,488,20260917,1385,198,4774,3419,71.61709258483452
attrs,26.1.0,489,20260917,1385,198,4774,3508,73.48135735232509
attrs,26.1.0,490,20260917,1385,198,4774,3692,77.3355676581483
attrs,26.1.0,491,20260917,1385,198,4774,3556,74.48680351906158
attrs,26.1.0,492,20260917,1385,198,4774,3582,75.03142019271051
attrs,26.1.0,493,20260917,1385,198,4774,3559,74.54964390448261
attrs,26.1.0,494,20260917,1385,198,4774,3654,76.53958944281526
attrs,26.1.0,495,20260917,1385,198,4774,3575,74.88479262672811
attrs,26.1.0,496,20260917,1385,198,4774,3676,77.0004189359028
attrs,26.1.0,497,20260917,1385,198,4774,3570,74.7800586510264
attrs,26.1.0,498,20260917,1385,198,4774,3692,77.3355676581483
attrs,26.1.0,499,20260917,1385,198,4774,3463,72.53875157100964
attrs,26.1.0,500,20260917,1385,198,4774,3696,77.41935483870968
attrs,26.1.0,501,20260917,1385,198,4774,3596,75.32467532467533
attrs,26.1.0,502,20260917,1385,198,4774,3569,74.75911185588605
attrs,26.1.0,503,20260917,1385,198,4774,3620,75.82739840804356
attrs,26.1.0,504,20260917,1385,198,4774,3489,73.08336824465857
attrs,26.1.0,505,20260917,1385,198,4774,3579,74.96857980728949
attrs,26.1.0,506,20260917,1385,198,4774,3494,73.18810222036028
attrs,26.1.0,507,20260917,1385,198,4774,3704,77.58692919983243
attrs,26.1.0,508,20260917,1385,198,4774,3748,78.50858818600754
attrs,26.1.0,509,20260917,1385,198,4774,3560,74.57059069962295
attrs,26.1.0,510,20260917,1385,198,4774,3545,74.25638877251781
attrs,26.1.0,511,20260917,1385,198,4774,3599,75.38751571009635
attrs,26.1.0,512,20260917,1385,198,4774,3705,77.60787599497277
attrs,26.1.0,513,20260917,1385,198,4774,3674,76.95852534562212
attrs,26.1.0,514,20260917,1385,198,4774,3592,75.24088814411395
attrs,26.1.0,515,20260917,1385,198,4774,3693,77.35651445328865
attrs,26.1.0,516,20260917,1385,198,4774,3574,74.86384583158777
attrs,26.1.0,517,20260917,1385,198,4774,3565,74.67532467532467
attrs,26.1.0,518,20260917,1385,198,4774,3666,76.79095098449937
attrs,26.1.0,519,20260917,1385,198,4774,3589,75.17804775869293
attrs,26.1.0,520,20260917,1385,198,4774,3582,75.03142019271051
attrs,26.1.0,521,20260917,1385,198,4774,3719,77.90113112693759
attrs,26.1.0,522,20260917,1385,198,4774,3478,72.85295349811479
attrs,26.1.0,523,20260917,1385,198,4774,3428,71.80561374109762
attrs,26.1.0,524,20260917,1385,198,4774,3577,74.9266862170088
attrs,26.1.0,525,20260917,1385,198,4774,3530,73.94218684541265
attrs,26.1.0,526,20260917,1385,198,4774,3538,74.1097612065354
attrs,26.1.0,527,20260917,1385,198,4774,3648,76.41390867197319
attrs,26.1.0,528,20260917,1385,198,4774,3579,74.96857980728949
attrs,26.1.0,529,20260917,1385,198,4774,3443,72.11981566820276
attrs,26.1.0,530,20260917,1385,198,4774,3493,73.16715542521995
attrs,26.1.0,531,20260917,1385,198,4774,3500,73.31378299120234
attrs,26.1.0,532,20260917,1385,198,4774,3719,77.90113112693759
attrs,26.1.0,533,20260917,1385,198,4774,3586,75.11520737327189
attrs,26.1.0,534,20260917,1385,198,4774,3378,70.75827398408043
attrs,26.1.0,535,20260917,1385,198,4774,3776,79.09509844993715
attrs,26.1.0,536,20260917,1385,198,4774,3638,76.20444072056975
attrs,26.1.0,537,20260917,1385,198,4774,3404,71.30289065772936
attrs,26.1.0,538,20260917,1385,198,4774,3743,78.40385421030582
attrs,26.1.0,539,20260917,1385,198,4774,3606,75.53414327607877
attrs,26.1.0,540,20260917,1385,198,4774,3503,73.37662337662337
attrs,26.1.0,541,20260917,1385,198,4774,3685,77.1889400921659
attrs,26.1.0,542,20260917,1385,198,4774,3626,75.95307917888563
attrs,26.1.0,543,20260917,1385,198,4774,3527,73.87934645999162
attrs,26.1.0,544,20260917,1385,198,4774,3635,76.14160033514872
attrs,26.1.0,545,20260917,1385,198,4774,3397,71.15626309174696
attrs,26.1.0,546,20260917,1385,198,4774,3552,74.40301633850021
attrs,26.1.0,547,20260917,1385,198,4774,3672,76.91663175534143
attrs,26.1.0,548,20260917,1385,198,4774,3684,77.16799329702556
attrs,26.1.0,549,20260917,1385,198,4774,3630,76.036866359447
attrs,26.1.0,550,20260917,1385,198,4774,3617,75.76455802262254
attrs,26.1.0,551,20260917,1385,198,4774,3759,78.73900293255132
attrs,26.1.0,552,20260917,1385,198,4774,3805,79.70255550900713
attrs,26.1.0,553,20260917,1385,198,4774,3462,72.5178047758693
attrs,26.1.0,554,20260917,1385,198,4774,3635,76.14160033514872
attrs,26.1.0,555,20260917,1385,198,4774,3504,73.39757017176372
attrs,26.1.0,556,20260917,1385,198,4774,3525,73.83745286971093
attrs,26.1.0,557,20260917,1385,198,4774,3679,77.06325932132384
attrs,26.1.0,558,20260917,1385,198,4774,3600,75.4084625052367
attrs,26.1.0,559,20260917,1385,198,4774,3523,73.79555927943025
attrs,26.1.0,560,20260917,1385,198,4774,3717,77.85923753665689
attrs,26.1.0,561,20260917,1385,198,4774,3631,76.05781315458735
attrs,26.1.0,562,20260917,1385,198,4774,3516,73.64893171344784
attrs,26.1.0,563,20260917,1385,198,4774,3394,71.09342270632594
attrs,26.1.0,564,20260917,1385,198,4774,3551,74.38206954335986
attrs,26.1.0,565,20260917,1385,198,4774,3704,77.58692919983243
attrs,26.1.0,566,20260917,1385,198,4774,3710,77.71260997067449
attrs,26.1.0,567,20260917,1385,198,4774,3720,77.92207792207792
attrs,26.1.0,568,20260917,1385,198,4774,3620,75.82739840804356
attrs,26.1.0,569,20260917,1385,198,4774,3653,76.51864264767491
attrs,26.1.0,570,20260917,1385,198,4774,3583,75.05236698785086
attrs,26.1.0,571,20260917,1385,198,4774,3778,79.13699204021785
attrs,26.1.0,572,20260917,1385,198,4774,3759,78.73900293255132
attrs,26.1.0,573,20260917,1385,198,4774,3438,72.01508169250104
attrs,26.1.0,574,20260917,1385,198,4774,3654,76.53958944281526
attrs,26.1.0,575,20260917,1385,198,4774,3444,72.14076246334311
attrs,26.1.0,576,20260917,1385,198,4774,3593,75.2618349392543
attrs,26.1.0,577,20260917,1385,198,4774,3603,75.47130289065773
attrs,26.1.0,578,20260917,1385,198,4774,3596,75.32467532467533
attrs,26.1.0,579,20260917,1385,198,4774,3510,73.52325094260578
attrs,26.1.0,580,20260917,1385,198,4774,3547,74.29828236279849
attrs,26.1.0,581,20260917,1385,198,4774,3690,77.29367406786761
attrs,26.1.0,582,20260917,1385,198,4774,3693,77.35651445328865
attrs,26.1.0,583,20260917,1385,198,4774,3570,74.7800586510264
attrs,26.1.0,584,20260917,1385,198,4774,3540,74.15165479681609
attrs,26.1.0,585,20260917,1385,198,4774,3684,77.16799329702556
attrs,26.1.0,586,20260917,1385,198,4774,3501,73.33472978634269
attrs,26.1.0,587,20260917,1385,198,4774,3400,71.21910347716799
attrs,26.1.0,588,20260917,1385,198,4774,3559,74.54964390448261
attrs,26.1.0,589,20260917,1385,198,4774,3599,75.38751571009635
attrs,26.1.0,590,20260917,1385,198,4774,3685,77.1889400921659
attrs,26.1.0,591,20260917,1385,198,4774,3743,78.40385421030582
attrs,26.1.0,592,20260917,1385,198,4774,3652,76.49769585253456
attrs,26.1.0,593,20260917,1385,198,4774,3677,77.02136573104315
attrs,26.1.0,594,20260917,1385,198,4774,3652,76.49769585253456
attrs,26.1.0,595,20260917,1385,198,4774,3752,78.59237536656892
attrs,26.1.0,596,20260917,1385,198,4774,3472,72.72727272727273
attrs,26.1.0,597,20260917,1385,198,4774,3787,79.32551319648094
attrs,26.1.0,598,20260917,1385,198,4774,3611,75.63887725178047
attrs,26.1.0,599,20260917,1385,198,4774,3664,76.74905739421868
attrs,26.1.0,600,20260917,1385,198,4774,3495,73.20904901550063
attrs,26.1.0,601,20260917,1385,198,4774,3746,78.46669459572685
attrs,26.1.0,602,20260917,1385,198,4774,3581,75.01047339757017
attrs,26.1.0,603,20260917,1385,198,4774,3526,73.85839966485128
attrs,26.1.0,604,20260917,1385,198,4774,3580,74.98952660242983
attrs,26.1.0,605,20260917,1385,198,4774,3613,75.68077084206116
attrs,26.1.0,606,20260917,1385,198,4774,3604,75.49224968579807
attrs,26.1.0,607,20260917,1385,198,4774,3461,72.49685798072895
attrs,26.1.0,608,20260917,1385,198,4774,3658,76.62337662337663
attrs,26.1.0,609,20260917,1385,198,4774,3409,71.40762463343108
attrs,26.1.0,610,20260917,1385,198,4774,3649,76.43485546711354
attrs,26.1.0,611,20260917,1385,198,4774,3579,74.96857980728949
attrs,26.1.0,612,20260917,1385,198,4774,3485,72.9995810640972
attrs,26.1.0,613,20260917,1385,198,4774,3621,75.84834520318391
attrs,26.1.0,614,20260917,1385,198,4774,3443,72.11981566820276
attrs,26.1.0,615,20260917,1385,198,4774,3594,75.28278173439463
attrs,26.1.0,616,20260917,1385,198,4774,3797,79.53498114788438
attrs,26.1.0,617,20260917,1385,198,4774,3658,76.62337662337663
attrs,26.1.0,618,20260917,1385,198,4774,3657,76.60242982823628
attrs,26.1.0,619,20260917,1385,198,4774,3597,75.34562211981567
attrs,26.1.0,620,20260917,1385,198,4774,3557,74.50775031420193
attrs,26.1.0,621,20260917,1385,198,4774,3763,78.82279011311269
attrs,26.1.0,622,20260917,1385,198,4774,3744,78.42480100544617
attrs,26.1.0,623,20260917,1385,198,4774,3730,78.13154587348136
attrs,26.1.0,624,20260917,1385,198,4774,3617,75.76455802262254
attrs,26.1.0,625,20260917,1385,198,4774,3648,76.41390867197319
attrs,26.1.0,626,20260917,1385,198,4774,3719,77.90113112693759
attrs,26.1.0,627,20260917,1385,198,4774,3695,77.39840804356933
attrs,26.1.0,628,20260917,1385,198,4774,3559,74.54964390448261
attrs,26.1.0,629,20260917,1385,198,4774,3933,82.38374528697109
attrs,26.1.0,630,20260917,1385,198,4774,3685,77.1889400921659
attrs,26.1.0,631,20260917,1385,198,4774,3574,74.86384583158777
attrs,26.1.0,632,20260917,1385,198,4774,3506,73.43946376204441
attrs,26.1.0,633,20260917,1385,198,4774,3473,72.74821952241307
attrs,26.1.0,634,20260917,1385,198,4774,3402,71.26099706744868
attrs,26.1.0,635,20260917,1385,198,4774,3632,76.0787599497277
attrs,26.1.0,636,20260917,1385,198,4774,3639,76.2253875157101
attrs,26.1.0,637,20260917,1385,198,4774,3518,73.69082530372853
attrs,26.1.0,638,20260917,1385,198,4774,3502,73.35567658148304
attrs,26.1.0,639,20260917,1385,198,4774,3714,77.79639715123587
attrs,26.1.0,640,20260917,1385,198,4774,3509,73.50230414746544
attrs,26.1.0,641,20260917,1385,198,4774,3693,77.35651445328865
attrs,26.1.0,642,20260917,1385,198,4774,3608,75.57603686635944
attrs,26.1.0,643,20260917,1385,198,4774,3658,76.62337662337663
attrs,26.1.0,644,20260917,1385,198,4774,3701,77.5240888144114
attrs,26.1.0,645,20260917,1385,198,4774,3661,76.68621700879766
attrs,26.1.0,646,20260917,1385,198,4774,3719,77.90113112693759
attrs,26.1.0,647,20260917,1385,198,4774,3712,77.75450356095517
attrs,26.1.0,648,20260917,1385,198,4774,3588,75.15710096355258
attrs,26.1.0,649,20260917,1385,198,4774,3576,74.90573942186846
attrs,26.1.0,650,20260917,1385,198,4774,3477,72.83200670297444
attrs,26.1.0,651,20260917,1385,198,4774,3635,76.14160033514872
attrs,26.1.0,652,20260917,1385,198,4774,3603,75.47130289065773
attrs,26.1.0,653,20260917,1385,198,4774,3666,76.79095098449937
attrs,26.1.0,654,20260917,1385,198,4774,3615,75.72266443234186
attrs,26.1.0,655,20260917,1385,198,4774,3630,76.036866359447
attrs,26.1.0,656,20260917,1385,198,4774,3494,73.18810222036028
attrs,26.1.0,657,20260917,1385,198,4774,3611,75.63887725178047
attrs,26.1.0,658,20260917,1385,198,4774,3584,75.0733137829912
attrs,26.1.0,659,20260917,1385,198,4774,3578,74.94763301214914
attrs,26.1.0,660,20260917,1385,198,4774,3600,75.4084625052367
attrs,26.1.0,661,20260917,1385,198,4774,3518,73.69082530372853
attrs,26.1.0,662,20260917,1385,198,4774,3779,79.1579388353582
attrs,26.1.0,663,20260917,1385,198,4774,3580,74.98952660242983
attrs,26.1.0,664,20260917,1385,198,4774,3467,72.62253875157101
attrs,26.1.0,665,20260917,1385,198,4774,3589,75.17804775869293
attrs,26.1.0,666,20260917,1385,198,4774,3443,72.11981566820276
attrs,26.1.0,667,20260917,1385,198,4774,3435,71.95224130708002
attrs,26.1.0,668,20260917,1385,198,4774,3636,76.16254713028907
attrs,26.1.0,669,20260917,1385,198,4774,3652,76.49769585253456
attrs,26.1.0,670,20260917,1385,198,4774,3584,75.0733137829912
attrs,26.1.0,671,20260917,1385,198,4774,3607,75.5550900712191
attrs,26.1.0,672,20260917,1385,198,4774,3482,72.93674067867616
attrs,26.1.0,673,20260917,1385,198,4774,3323,69.60620025136154
attrs,26.1.0,674,20260917,1385,198,4774,3360,70.38123167155425
attrs,26.1.0,675,20260917,1385,198,4774,3706,77.62882279011312
attrs,26.1.0,676,20260917,1385,198,4774,3605,75.51319648093842
attrs,26.1.0,677,20260917,1385,198,4774,3351,70.19271051529115
attrs,26.1.0,678,20260917,1385,198,4774,3601,75.42940930037705
attrs,26.1.0,679,20260917,1385,198,4774,3750,78.55048177628822
attrs,26.1.0,680,20260917,1385,198,4774,3544,74.23544197737746
attrs,26.1.0,681,20260917,1385,198,4774,3524,73.8165060745706
attrs,26.1.0,682,20260917,1385,198,4774,3457,72.41307080016757
attrs,26.1.0,683,20260917,1385,198,4774,3783,79.24172601591957
attrs,26.1.0,684,20260917,1385,198,4774,3581,75.01047339757017
attrs,26.1.0,685,20260917,1385,198,4774,3640,76.24633431085044
attrs,26.1.0,686,20260917,1385,198,4774,3670,76.87473816506075
attrs,26.1.0,687,20260917,1385,198,4774,3557,74.50775031420193
attrs,26.1.0,688,20260917,1385,198,4774,3727,78.06870548806033
attrs,26.1.0,689,20260917,1385,198,4774,3553,74.42396313364056
attrs,26.1.0,690,20260917,1385,198,4774,3691,77.31462086300796
attrs,26.1.0,691,20260917,1385,198,4774,3684,77.16799329702556
attrs,26.1.0,692,20260917,1385,198,4774,3714,77.79639715123587
attrs,26.1.0,693,20260917,1385,198,4774,3548,74.31922915793884
attrs,26.1.0,694,20260917,1385,198,4774,3460,72.4759111855886
attrs,26.1.0,695,20260917,1385,198,4774,3740,78.3410138248848
attrs,26.1.0,696,20260917,1385,198,4774,3556,74.48680351906158
attrs,26.1.0,697,20260917,1385,198,4774,3431,71.86845412651864
attrs,26.1.0,698,20260917,1385,198,4774,3381,70.82111436950147
attrs,26.1.0,699,20260917,1385,198,4774,3447,72.20360284876413
attrs,26.1.0,700,20260917,1385,198,4774,3644,76.33012149141182
attrs,26.1.0,701,20260917,1385,198,4774,3643,76.30917469627147
attrs,26.1.0,702,20260917,1385,198,4774,3396,71.13531629660662
attrs,26.1.0,703,20260917,1385,198,4774,3701,77.5240888144114
attrs,26.1.0,704,20260917,1385,198,4774,3585,75.09426057813154
attrs,26.1.0,705,20260917,1385,198,4774,3636,76.16254713028907
attrs,26.1.0,706,20260917,1385,198,4774,3624,75.91118558860494
attrs,26.1.0,707,20260917,1385,198,4774,3613,75.68077084206116
attrs,26.1.0,708,20260917,1385,198,4774,3726,78.04775869291998
attrs,26.1.0,709,20260917,1385,198,4774,3470,72.68537913699204
attrs,26.1.0,710,20260917,1385,198,4774,3531,73.963133640553
attrs,26.1.0,711,20260917,1385,198,4774,3590,75.19899455383326
attrs,26.1.0,712,20260917,1385,198,4774,3369,70.56975282781734
attrs,26.1.0,713,20260917,1385,198,4774,3532,73.98408043569334
attrs,26.1.0,714,20260917,1385,198,4774,3576,74.90573942186846
attrs,26.1.0,715,20260917,1385,198,4774,3436,71.97318810222036
attrs,26.1.0,716,20260917,1385,198,4774,3603,75.47130289065773
attrs,26.1.0,717,20260917,1385,198,4774,3706,77.62882279011312
attrs,26.1.0,718,20260917,1385,198,4774,3493,73.16715542521995
attrs,26.1.0,719,20260917,1385,198,4774,3520,73.73271889400921
attrs,26.1.0,720,20260917,1385,198,4774,3511,73.54419773774613
attrs,26.1.0,721,20260917,1385,198,4774,3532,73.98408043569334
attrs,26.1.0,722,20260917,1385,198,4774,3682,77.12609970674487
attrs,26.1.0,723,20260917,1385,198,4774,3573,74.84289903644742
attrs,26.1.0,724,20260917,1385,198,4774,3586,75.11520737327189
attrs,26.1.0,725,20260917,1385,198,4774,3670,76.87473816506075
attrs,26.1.0,726,20260917,1385,198,4774,3841,80.45664013405948
attrs,26.1.0,727,20260917,1385,198,4774,3628,75.99497276916632
attrs,26.1.0,728,20260917,1385,198,4774,3538,74.1097612065354
attrs,26.1.0,729,20260917,1385,198,4774,3493,73.16715542521995
attrs,26.1.0,730,20260917,1385,198,4774,3466,72.60159195643067
attrs,26.1.0,731,20260917,1385,198,4774,3579,74.96857980728949
attrs,26.1.0,732,20260917,1385,198,4774,3722,77.96397151235861
attrs,26.1.0,733,20260917,1385,198,4774,3599,75.38751571009635
attrs,26.1.0,734,20260917,1385,198,4774,3583,75.05236698785086
attrs,26.1.0,735,20260917,1385,198,4774,3563,74.633431085044
attrs,26.1.0,736,20260917,1385,198,4774,3582,75.03142019271051
attrs,26.1.0,737,20260917,1385,198,4774,3501,73.33472978634269
attrs,26.1.0,738,20260917,1385,198,4774,3526,73.85839966485128
attrs,26.1.0,739,20260917,1385,198,4774,3365,70.48596564725597
attrs,26.1.0,740,20260917,1385,198,4774,3451,72.28739002932551
attrs,26.1.0,741,20260917,1385,198,4774,3495,73.20904901550063
attrs,26.1.0,742,20260917,1385,198,4774,3402,71.26099706744868
attrs,26.1.0,743,20260917,1385,198,4774,3645,76.35106828655216
attrs,26.1.0,744,20260917,1385,198,4774,3597,75.34562211981567
attrs,26.1.0,745,20260917,1385,198,4774,3566,74.69627147046502
attrs,26.1.0,746,20260917,1385,198,4774,3490,73.1043150397989
attrs,26.1.0,747,20260917,1385,198,4774,3557,74.50775031420193
attrs,26.1.0,748,20260917,1385,198,4774,3449,72.24549643904483
attrs,26.1.0,749,20260917,1385,198,4774,3662,76.707163803938
attrs,26.1.0,750,20260917,1385,198,4774,3554,74.4449099287809
attrs,26.1.0,751,20260917,1385,198,4774,3568,74.7381650607457
attrs,26.1.0,752,20260917,1385,198,4774,3572,74.82195224130707
attrs,26.1.0,753,20260917,1385,198,4774,3789,79.36740678676162
attrs,26.1.0,754,20260917,1385,198,4774,3620,75.82739840804356
attrs,26.1.0,755,20260917,1385,198,4774,3498,73.27188940092167
attrs,26.1.0,756,20260917,1385,198,4774,3438,72.01508169250104
attrs,26.1.0,757,20260917,1385,198,4774,3645,76.35106828655216
attrs,26.1.0,758,20260917,1385,198,4774,3461,72.49685798072895
attrs,26.1.0,759,20260917,1385,198,4774,3751,78.57142857142857
attrs,26.1.0,760,20260917,1385,198,4774,3571,74.80100544616674
attrs,26.1.0,761,20260917,1385,198,4774,3706,77.62882279011312
attrs,26.1.0,762,20260917,1385,198,4774,3593,75.2618349392543
attrs,26.1.0,763,20260917,1385,198,4774,3637,76.1834939254294
attrs,26.1.0,764,20260917,1385,198,4774,3679,77.06325932132384
attrs,26.1.0,765,20260917,1385,198,4774,3483,72.9576874738165
attrs,26.1.0,766,20260917,1385,198,4774,3624,75.91118558860494
attrs,26.1.0,767,20260917,1385,198,4774,3659,76.64432341851696
attrs,26.1.0,768,20260917,1385,198,4774,3619,75.80645161290323
attrs,26.1.0,769,20260917,1385,198,4774,3741,78.36196062002513
attrs,26.1.0,770,20260917,1385,198,4774,3478,72.85295349811479
attrs,26.1.0,771,20260917,1385,198,4774,3687,77.23083368244659
attrs,26.1.0,772,20260917,1385,198,4774,3666,76.79095098449937
attrs,26.1.0,773,20260917,1385,198,4774,3606,75.53414327607877
attrs,26.1.0,774,20260917,1385,198,4774,3540,74.15165479681609
attrs,26.1.0,775,20260917,1385,198,4774,3442,72.09886887306241
attrs,26.1.0,776,20260917,1385,198,4774,3756,78.67616254713029
attrs,26.1.0,777,20260917,1385,198,4774,3676,77.0004189359028
attrs,26.1.0,778,20260917,1385,198,4774,3424,71.72182656053624
attrs,26.1.0,779,20260917,1385,198,4774,3517,73.66987850858818
attrs,26.1.0,780,20260917,1385,198,4774,3742,78.38290741516548
attrs,26.1.0,781,20260917,1385,198,4774,3647,76.39296187683284
attrs,26.1.0,782,20260917,1385,198,4774,3560,74.57059069962295
attrs,26.1.0,783,20260917,1385,198,4774,3593,75.2618349392543
attrs,26.1.0,784,20260917,1385,198,4774,3413,71.49141181399246
attrs,26.1.0,785,20260917,1385,198,4774,3522,73.7746124842899
attrs,26.1.0,786,20260917,1385,198,4774,3508,73.48135735232509
attrs,26.1.0,787,20260917,1385,198,4774,3567,74.71721826560537
attrs,26.1.0,788,20260917,1385,198,4774,3693,77.35651445328865
attrs,26.1.0,789,20260917,1385,198,4774,3486,73.02052785923753
attrs,26.1.0,790,20260917,1385,198,4774,3609,75.59698366149979
attrs,26.1.0,791,20260917,1385,198,4774,3675,76.97947214076247
attrs,26.1.0,792,20260917,1385,198,4774,3432,71.88940092165899
attrs,26.1.0,793,20260917,1385,198,4774,3571,74.80100544616674
attrs,26.1.0,794,20260917,1385,198,4774,3583,75.05236698785086
attrs,26.1.0,795,20260917,1385,198,4774,3603,75.47130289065773
attrs,26.1.0,796,20260917,1385,198,4774,3523,73.79555927943025
attrs,26.1.0,797,20260917,1385,198,4774,3633,76.09970674486803
attrs,26.1.0,798,20260917,1385,198,4774,3558,74.52869710934227
attrs,26.1.0,799,20260917,1385,198,4774,3633,76.09970674486803
attrs,26.1.0,800,20260917,1385,198,4774,3532,73.98408043569334
attrs,26.1.0,801,20260917,1385,198,4774,3584,75.0733137829912
attrs,26.1.0,802,20260917,1385,198,4774,3669,76.8537913699204
attrs,26.1.0,803,20260917,1385,198,4774,3599,75.38751571009635
attrs,26.1.0,804,20260917,1385,198,4774,3477,72.83200670297444
attrs,26.1.0,805,20260917,1385,198,4774,3518,73.69082530372853
attrs,26.1.0,806,20260917,1385,198,4774,3576,74.90573942186846
attrs,26.1.0,807,20260917,1385,198,4774,3373,70.65354000837871
attrs,26.1.0,808,20260917,1385,198,4774,3654,76.53958944281526
attrs,26.1.0,809,20260917,1385,198,4774,3661,76.68621700879766
attrs,26.1.0,810,20260917,1385,198,4774,3645,76.35106828655216
attrs,26.1.0,811,20260917,1385,198,4774,3390,71.00963552576455
attrs,26.1.0,812,20260917,1385,198,4774,3413,71.49141181399246
attrs,26.1.0,813,20260917,1385,198,4774,3432,71.88940092165899
attrs,26.1.0,814,20260917,1385,198,4774,3709,77.69166317553415
attrs,26.1.0,815,20260917,1385,198,4774,3683,77.14704650188521
attrs,26.1.0,816,20260917,1385,198,4774,3405,71.32383745286971
attrs,26.1.0,817,20260917,1385,198,4774,3391,71.0305823209049
attrs,26.1.0,818,20260917,1385,198,4774,3600,75.4084625052367
attrs,26.1.0,819,20260917,1385,198,4774,3629,76.01591956430666
attrs,26.1.0,820,20260917,1385,198,4774,3416,71.55425219941348
attrs,26.1.0,821,20260917,1385,198,4774,3756,78.67616254713029
attrs,26.1.0,822,20260917,1385,198,4774,3619,75.80645161290323
attrs,26.1.0,823,20260917,1385,198,4774,3589,75.17804775869293
attrs,26.1.0,824,20260917,1385,198,4774,3787,79.32551319648094
attrs,26.1.0,825,20260917,1385,198,4774,3630,76.036866359447
attrs,26.1.0,826,20260917,1385,198,4774,3470,72.68537913699204
attrs,26.1.0,827,20260917,1385,198,4774,3495,73.20904901550063
attrs,26.1.0,828,20260917,1385,198,4774,3801,79.61876832844575
attrs,26.1.0,829,20260917,1385,198,4774,3606,75.53414327607877
attrs,26.1.0,830,20260917,1385,198,4774,3687,77.23083368244659
attrs,26.1.0,831,20260917,1385,198,4774,3750,78.55048177628822
attrs,26.1.0,832,20260917,1385,198,4774,3731,78.1524926686217
attrs,26.1.0,833,20260917,1385,198,4774,3620,75.82739840804356
attrs,26.1.0,834,20260917,1385,198,4774,3629,76.01591956430666
attrs,26.1.0,835,20260917,1385,198,4774,3619,75.80645161290323
attrs,26.1.0,836,20260917,1385,198,4774,3509,73.50230414746544
attrs,26.1.0,837,20260917,1385,198,4774,3519,73.71177209886888
attrs,26.1.0,838,20260917,1385,198,4774,3398,71.17720988688731
attrs,26.1.0,839,20260917,1385,198,4774,3570,74.7800586510264
attrs,26.1.0,840,20260917,1385,198,4774,3554,74.4449099287809
attrs,26.1.0,841,20260917,1385,198,4774,3603,75.47130289065773
attrs,26.1.0,842,20260917,1385,198,4774,3581,75.01047339757017
attrs,26.1.0,843,20260917,1385,198,4774,3560,74.57059069962295
attrs,26.1.0,844,20260917,1385,198,4774,3605,75.51319648093842
attrs,26.1.0,845,20260917,1385,198,4774,3657,76.60242982823628
attrs,26.1.0,846,20260917,1385,198,4774,3735,78.23627984918308
attrs,26.1.0,847,20260917,1385,198,4774,3658,76.62337662337663
attrs,26.1.0,848,20260917,1385,198,4774,3640,76.24633431085044
attrs,26.1.0,849,20260917,1385,198,4774,3595,75.30372852953498
attrs,26.1.0,850,20260917,1385,198,4774,3706,77.62882279011312
attrs,26.1.0,851,20260917,1385,198,4774,3439,72.03602848764139
attrs,26.1.0,852,20260917,1385,198,4774,3741,78.36196062002513
attrs,26.1.0,853,20260917,1385,198,4774,3474,72.76916631755341
attrs,26.1.0,854,20260917,1385,198,4774,3624,75.91118558860494
attrs,26.1.0,855,20260917,1385,198,4774,3588,75.15710096355258
attrs,26.1.0,856,20260917,1385,198,4774,3649,76.43485546711354
attrs,26.1.0,857,20260917,1385,198,4774,3468,72.64348554671135
attrs,26.1.0,858,20260917,1385,198,4774,3686,77.20988688730624
attrs,26.1.0,859,20260917,1385,198,4774,3523,73.79555927943025
attrs,26.1.0,860,20260917,1385,198,4774,3626,75.95307917888563
attrs,26.1.0,861,20260917,1385,198,4774,3513,73.58609132802681
attrs,26.1.0,862,20260917,1385,198,4774,3417,71.57519899455383
attrs,26.1.0,863,20260917,1385,198,4774,3587,75.13615416841223
attrs,26.1.0,864,20260917,1385,198,4774,3562,74.61248428990365
attrs,26.1.0,865,20260917,1385,198,4774,3492,73.1462086300796
attrs,26.1.0,866,20260917,1385,198,4774,3580,74.98952660242983
attrs,26.1.0,867,20260917,1385,198,4774,3591,75.2199413489736
attrs,26.1.0,868,20260917,1385,198,4774,3517,73.66987850858818
attrs,26.1.0,869,20260917,1385,198,4774,3522,73.7746124842899
attrs,26.1.0,870,20260917,1385,198,4774,3695,77.39840804356933
attrs,26.1.0,871,20260917,1385,198,4774,3493,73.16715542521995
attrs,26.1.0,872,20260917,1385,198,4774,3626,75.95307917888563
attrs,26.1.0,873,20260917,1385,198,4774,3510,73.52325094260578
attrs,26.1.0,874,20260917,1385,198,4774,3639,76.2253875157101
attrs,26.1.0,875,20260917,1385,198,4774,3576,74.90573942186846
attrs,26.1.0,876,20260917,1385,198,4774,3352,70.2136573104315
attrs,26.1.0,877,20260917,1385,198,4774,3457,72.41307080016757
attrs,26.1.0,878,20260917,1385,198,4774,3550,74.36112274821953
attrs,26.1.0,879,20260917,1385,198,4774,3439,72.03602848764139
attrs,26.1.0,880,20260917,1385,198,4774,3628,75.99497276916632
attrs,26.1.0,881,20260917,1385,198,4774,3804,79.68160871386678
attrs,26.1.0,882,20260917,1385,198,4774,3609,75.59698366149979
attrs,26.1.0,883,20260917,1385,198,4774,3679,77.06325932132384
attrs,26.1.0,884,20260917,1385,198,4774,3619,75.80645161290323
attrs,26.1.0,885,20260917,1385,198,4774,3737,78.27817343946376
attrs,26.1.0,886,20260917,1385,198,4774,3647,76.39296187683284
attrs,26.1.0,887,20260917,1385,198,4774,3333,69.81566820276498
attrs,26.1.0,888,20260917,1385,198,4774,3615,75.72266443234186
attrs,26.1.0,889,20260917,1385,198,4774,3573,74.84289903644742
attrs,26.1.0,890,20260917,1385,198,4774,3639,76.2253875157101
attrs,26.1.0,891,20260917,1385,198,4774,3538,74.1097612065354
attrs,26.1.0,892,20260917,1385,198,4774,3638,76.20444072056975
attrs,26.1.0,893,20260917,1385,198,4774,3639,76.2253875157101
attrs,26.1.0,894,20260917,1385,198,4774,3429,71.82656053623795
attrs,26.1.0,895,20260917,1385,198,4774,3595,75.30372852953498
attrs,26.1.0,896,20260917,1385,198,4774,3620,75.82739840804356
attrs,26.1.0,897,20260917,1385,198,4774,3618,75.78550481776288
attrs,26.1.0,898,20260917,1385,198,4774,3481,72.91579388353581
attrs,26.1.0,899,20260917,1385,198,4774,3521,73.75366568914956
attrs,26.1.0,900,20260917,1385,198,4774,3503,73.37662337662337
attrs,26.1.0,901,20260917,1385,198,4774,3628,75.99497276916632
attrs,26.1.0,902,20260917,1385,198,4774,3565,74.67532467532467
attrs,26.1.0,903,20260917,1385,198,4774,3757,78.69710934227064
attrs,26.1.0,904,20260917,1385,198,4774,3616,75.74361122748219
attrs,26.1.0,905,20260917,1385,198,4774,3689,77.27272727272727
attrs,26.1.0,906,20260917,1385,198,4774,3614,75.70171763720151
attrs,26.1.0,907,20260917,1385,198,4774,3503,73.37662337662337
attrs,26.1.0,908,20260917,1385,198,4774,3443,72.11981566820276
attrs,26.1.0,909,20260917,1385,198,4774,3566,74.69627147046502
attrs,26.1.0,910,20260917,1385,198,4774,3626,75.95307917888563
attrs,26.1.0,911,20260917,1385,198,4774,3537,74.08881441139506
attrs,26.1.0,912,20260917,1385,198,4774,3661,76.68621700879766
attrs,26.1.0,913,20260917,1385,198,4774,3619,75.80645161290323
attrs,26.1.0,914,20260917,1385,198,4774,3540,74.15165479681609
attrs,26.1.0,915,20260917,1385,198,4774,3646,76.3720150816925
attrs,26.1.0,916,20260917,1385,198,4774,3492,73.1462086300796
attrs,26.1.0,917,20260917,1385,198,4774,3624,75.91118558860494
attrs,26.1.0,918,20260917,1385,198,4774,3681,77.10515291160452
attrs,26.1.0,919,20260917,1385,198,4774,3493,73.16715542521995
attrs,26.1.0,920,20260917,1385,198,4774,3492,73.1462086300796
attrs,26.1.0,921,20260917,1385,198,4774,3649,76.43485546711354
attrs,26.1.0,922,20260917,1385,198,4774,3708,77.6707163803938
attrs,26.1.0,923,20260917,1385,198,4774,3554,74.4449099287809
attrs,26.1.0,924,20260917,1385,198,4774,3669,76.8537913699204
attrs,26.1.0,925,20260917,1385,198,4774,3398,71.17720988688731
attrs,26.1.0,926,20260917,1385,198,4774,3732,78.17343946376205
attrs,26.1.0,927,20260917,1385,198,4774,3595,75.30372852953498
attrs,26.1.0,928,20260917,1385,198,4774,3548,74.31922915793884
attrs,26.1.0,929,20260917,1385,198,4774,3537,74.08881441139506
attrs,26.1.0,930,20260917,1385,198,4774,3517,73.66987850858818
attrs,26.1.0,931,20260917,1385,198,4774,3720,77.92207792207792
attrs,26.1.0,932,20260917,1385,198,4774,3539,74.13070800167574
attrs,26.1.0,933,20260917,1385,198,4774,3689,77.27272727272727
attrs,26.1.0,934,20260917,1385,198,4774,3679,77.06325932132384
attrs,26.1.0,935,20260917,1385,198,4774,3681,77.10515291160452
attrs,26.1.0,936,20260917,1385,198,4774,3540,74.15165479681609
attrs,26.1.0,937,20260917,1385,198,4774,3617,75.76455802262254
attrs,26.1.0,938,20260917,1385,198,4774,3386,70.92584834520318
attrs,26.1.0,939,20260917,1385,198,4774,3447,72.20360284876413
attrs,26.1.0,940,20260917,1385,198,4774,3591,75.2199413489736
attrs,26.1.0,941,20260917,1385,198,4774,3467,72.62253875157101
attrs,26.1.0,942,20260917,1385,198,4774,3553,74.42396313364056
attrs,26.1.0,943,20260917,1385,198,4774,3640,76.24633431085044
attrs,26.1.0,944,20260917,1385,198,4774,3527,73.87934645999162
attrs,26.1.0,945,20260917,1385,198,4774,3508,73.48135735232509
attrs,26.1.0,946,20260917,1385,198,4774,3619,75.80645161290323
attrs,26.1.0,947,20260917,1385,198,4774,3315,69.4386258902388
attrs,26.1.0,948,20260917,1385,198,4774,3614,75.70171763720151
attrs,26.1.0,949,20260917,1385,198,4774,3491,73.12526183493925
attrs,26.1.0,950,20260917,1385,198,4774,3643,76.30917469627147
attrs,26.1.0,951,20260917,1385,198,4774,3670,76.87473816506075
attrs,26.1.0,952,20260917,1385,198,4774,3354,70.2555509007122
attrs,26.1.0,953,20260917,1385,198,4774,3522,73.7746124842899
attrs,26.1.0,954,20260917,1385,198,4774,3577,74.9266862170088
attrs,26.1.0,955,20260917,1385,198,4774,3403,71.28194386258902
attrs,26.1.0,956,20260917,1385,198,4774,3616,75.74361122748219
attrs,26.1.0,957,20260917,1385,198,4774,3600,75.4084625052367
attrs,26.1.0,958,20260917,1385,198,4774,3602,75.45035609551739
attrs,26.1.0,959,20260917,1385,198,4774,3637,76.1834939254294
attrs,26.1.0,960,20260917,1385,198,4774,3441,72.07792207792208
attrs,26.1.0,961,20260917,1385,198,4774,3665,76.77000418935903
attrs,26.1.0,962,20260917,1385,198,4774,3554,74.4449099287809
attrs,26.1.0,963,20260917,1385,198,4774,3513,73.58609132802681
attrs,26.1.0,964,20260917,1385,198,4774,3635,76.14160033514872
attrs,26.1.0,965,20260917,1385,198,4774,3452,72.30833682446585
attrs,26.1.0,966,20260917,1385,198,4774,3449,72.24549643904483
attrs,26.1.0,967,20260917,1385,198,4774,3571,74.80100544616674
attrs,26.1.0,968,20260917,1385,198,4774,3542,74.19354838709677
attrs,26.1.0,969,20260917,1385,198,4774,3547,74.29828236279849
attrs,26.1.0,970,20260917,1385,198,4774,3460,72.4759111855886
attrs,26.1.0,971,20260917,1385,198,4774,3484,72.97863426895685
attrs,26.1.0,972,20260917,1385,198,4774,3483,72.9576874738165
attrs,26.1.0,973,20260917,1385,198,4774,3478,72.85295349811479
attrs,26.1.0,974,20260917,1385,198,4774,3661,76.68621700879766
attrs,26.1.0,975,20260917,1385,198,4774,3691,77.31462086300796
attrs,26.1.0,976,20260917,1385,198,4774,3548,74.31922915793884
attrs,26.1.0,977,20260917,1385,198,4774,3590,75.19899455383326
attrs,26.1.0,978,20260917,1385,198,4774,3517,73.66987850858818
attrs,26.1.0,979,20260917,1385,198,4774,3582,75.03142019271051
attrs,26.1.0,980,20260917,1385,198,4774,3689,77.27272727272727
attrs,26.1.0,981,20260917,1385,198,4774,3667,76.81189777963972
attrs,26.1.0,982,20260917,1385,198,4774,3487,73.04147465437788
attrs,26.1.0,983,20260917,1385,198,4774,3706,77.62882279011312
attrs,26.1.0,984,20260917,1385,198,4774,3727,78.06870548806033
attrs,26.1.0,985,20260917,1385,198,4774,3556,74.48680351906158
attrs,26.1.0,986,20260917,1385,198,4774,3717,77.85923753665689
attrs,26.1.0,987,20260917,1385,198,4774,3711,77.73355676581482
attrs,26.1.0,988,20260917,1385,198,4774,3499,73.292836196062
attrs,26.1.0,989,20260917,1385,198,4774,3543,74.21449518223712
attrs,26.1.0,990,20260917,1385,198,4774,3621,75.84834520318391
attrs,26.1.0,991,20260917,1385,198,4774,3500,73.31378299120234
attrs,26.1.0,992,20260917,1385,198,4774,3424,71.72182656053624
attrs,26.1.0,993,20260917,1385,198,4774,3585,75.09426057813154
attrs,26.1.0,994,20260917,1385,198,4774,3604,75.49224968579807
attrs,26.1.0,995,20260917,1385,198,4774,3635,76.14160033514872
attrs,26.1.0,996,20260917,1385,198,4774,3651,76.47674905739422
attrs,26.1.0,997,20260917,1385,198,4774,3596,75.32467532467533
attrs,26.1.0,998,20260917,1385,198,4774,3718,77.88018433179724
attrs,26.1.0,999,20260917,1385,198,4774,3436,71.97318810222036
attrs,26.1.0,1000,20260917,1385,198,4774,3582,75.03142019271051
cattrs,24.1.0,1,20260918,789,120,6152,4852,78.86866059817946
cattrs,24.1.0,2,20260918,789,120,6152,4783,77.74707412223667
cattrs,24.1.0,3,20260918,789,120,6152,4753,77.2594278283485
cattrs,24.1.0,4,20260918,789,120,6152,4783,77.74707412223667
cattrs,24.1.0,5,20260918,789,120,6152,5174,84.10273081924578
cattrs,24.1.0,6,20260918,789,120,6152,4688,76.20286085825748
cattrs,24.1.0,7,20260918,789,120,6152,5117,83.17620286085825
cattrs,24.1.0,8,20260918,789,120,6152,4879,79.30754226267881
cattrs,24.1.0,9,20260918,789,120,6152,4427,71.96033810143042
cattrs,24.1.0,10,20260918,789,120,6152,4812,78.21846553966189
cattrs,24.1.0,11,20260918,789,120,6152,4948,80.42912873862159
cattrs,24.1.0,12,20260918,789,120,6152,5101,82.91612483745124
cattrs,24.1.0,13,20260918,789,120,6152,4602,74.80494148244473
cattrs,24.1.0,14,20260918,789,120,6152,4739,77.03185955786736
cattrs,24.1.0,15,20260918,789,120,6152,4865,79.07997399219767
cattrs,24.1.0,16,20260918,789,120,6152,4773,77.58452535760728
cattrs,24.1.0,17,20260918,789,120,6152,4955,80.54291287386216
cattrs,24.1.0,18,20260918,789,120,6152,4730,76.88556566970091
cattrs,24.1.0,19,20260918,789,120,6152,4760,77.37321196358907
cattrs,24.1.0,20,20260918,789,120,6152,4706,76.49544863459037
cattrs,24.1.0,21,20260918,789,120,6152,4834,78.57607282184655
cattrs,24.1.0,22,20260918,789,120,6152,4696,76.33289986996098
cattrs,24.1.0,23,20260918,789,120,6152,4710,76.56046814044213
cattrs,24.1.0,24,20260918,789,120,6152,4601,74.7886866059818
cattrs,24.1.0,25,20260918,789,120,6152,4484,72.88686605981795
cattrs,24.1.0,26,20260918,789,120,6152,4984,81.01430429128739
cattrs,24.1.0,27,20260918,789,120,6152,4774,77.60078023407021
cattrs,24.1.0,28,20260918,789,120,6152,4355,70.78998699609883
cattrs,24.1.0,29,20260918,789,120,6152,4455,72.41547464239272
cattrs,24.1.0,30,20260918,789,120,6152,4650,75.5851755526658
cattrs,24.1.0,31,20260918,789,120,6152,4884,79.3888166449935
cattrs,24.1.0,32,20260918,789,120,6152,4705,76.47919375812744
cattrs,24.1.0,33,20260918,789,120,6152,4845,78.75487646293888
cattrs,24.1.0,34,20260918,789,120,6152,4719,76.70676202860858
cattrs,24.1.0,35,20260918,789,120,6152,5036,81.85955786736021
cattrs,24.1.0,36,20260918,789,120,6152,4581,74.46358907672301
cattrs,24.1.0,37,20260918,789,120,6152,4662,75.78023407022107
cattrs,24.1.0,38,20260918,789,120,6152,4384,71.26137841352406
cattrs,24.1.0,39,20260918,789,120,6152,4659,75.73146944083226
cattrs,24.1.0,40,20260918,789,120,6152,4708,76.52795838751625
cattrs,24.1.0,41,20260918,789,120,6152,4798,77.99089726918075
cattrs,24.1.0,42,20260918,789,120,6152,4797,77.97464239271781
cattrs,24.1.0,43,20260918,789,120,6152,4703,76.44668400520156
cattrs,24.1.0,44,20260918,789,120,6152,4810,78.18595578673602
cattrs,24.1.0,45,20260918,789,120,6152,4992,81.14434330299089
cattrs,24.1.0,46,20260918,789,120,6152,5058,82.21716514954487
cattrs,24.1.0,47,20260918,789,120,6152,4758,77.3407022106632
cattrs,24.1.0,48,20260918,789,120,6152,4929,80.12028608582575
cattrs,24.1.0,49,20260918,789,120,6152,4478,72.7893368010403
cattrs,24.1.0,50,20260918,789,120,6152,4594,74.67490247074122
cattrs,24.1.0,51,20260918,789,120,6152,4695,76.31664499349804
cattrs,24.1.0,52,20260918,789,120,6152,4742,77.08062418725618
cattrs,24.1.0,53,20260918,789,120,6152,4862,79.03120936280884
cattrs,24.1.0,54,20260918,789,120,6152,4450,72.33420026007802
cattrs,24.1.0,55,20260918,789,120,6152,4782,77.73081924577373
cattrs,24.1.0,56,20260918,789,120,6152,4597,74.72366710013004
cattrs,24.1.0,57,20260918,789,120,6152,4798,77.99089726918075
cattrs,24.1.0,58,20260918,789,120,6152,4829,78.49479843953186
cattrs,24.1.0,59,20260918,789,120,6152,4566,74.21976592977893
cattrs,24.1.0,60,20260918,789,120,6152,4791,77.87711313394018
cattrs,24.1.0,61,20260918,789,120,6152,4881,79.34005201560468
cattrs,24.1.0,62,20260918,789,120,6152,5054,82.1521456436931
cattrs,24.1.0,63,20260918,789,120,6152,4499,73.13068920676203
cattrs,24.1.0,64,20260918,789,120,6152,4974,80.851755526658
cattrs,24.1.0,65,20260918,789,120,6152,4712,76.59297789336802
cattrs,24.1.0,66,20260918,789,120,6152,4819,78.33224967490247
cattrs,24.1.0,67,20260918,789,120,6152,4460,72.49674902470741
cattrs,24.1.0,68,20260918,789,120,6152,4792,77.89336801040312
cattrs,24.1.0,69,20260918,789,120,6152,4925,80.05526657997399
cattrs,24.1.0,70,20260918,789,120,6152,4857,78.94993498049415
cattrs,24.1.0,71,20260918,789,120,6152,4595,74.69115734720417
cattrs,24.1.0,72,20260918,789,120,6152,4777,77.64954486345904
cattrs,24.1.0,73,20260918,789,120,6152,4864,79.06371911573473
cattrs,24.1.0,74,20260918,789,120,6152,4719,76.70676202860858
cattrs,24.1.0,75,20260918,789,120,6152,5113,83.1111833550065
cattrs,24.1.0,76,20260918,789,120,6152,4550,73.95968790637191
cattrs,24.1.0,77,20260918,789,120,6152,4769,77.51950585175553
cattrs,24.1.0,78,20260918,789,120,6152,4680,76.07282184655396
cattrs,24.1.0,79,20260918,789,120,6152,5163,83.92392717815345
cattrs,24.1.0,80,20260918,789,120,6152,4780,77.69830949284786
cattrs,24.1.0,81,20260918,789,120,6152,4614,75.0
cattrs,24.1.0,82,20260918,789,120,6152,4648,75.55266579973993
cattrs,24.1.0,83,20260918,789,120,6152,4650,75.5851755526658
cattrs,24.1.0,84,20260918,789,120,6152,5046,82.0221066319896
cattrs,24.1.0,85,20260918,789,120,6152,5130,83.38751625487646
cattrs,24.1.0,86,20260918,789,120,6152,4638,75.39011703511053
cattrs,24.1.0,87,20260918,789,120,6152,4589,74.59362808842653
cattrs,24.1.0,88,20260918,789,120,6152,4756,77.30819245773732
cattrs,24.1.0,89,20260918,789,120,6152,4919,79.95773732119636
cattrs,24.1.0,90,20260918,789,120,6152,4766,77.47074122236671
cattrs,24.1.0,91,20260918,789,120,6152,4452,72.3667100130039
cattrs,24.1.0,92,20260918,789,120,6152,4957,80.57542262678804
cattrs,24.1.0,93,20260918,789,120,6152,4771,77.5520156046814
cattrs,24.1.0,94,20260918,789,120,6152,4789,77.84460338101431
cattrs,24.1.0,95,20260918,789,120,6152,4897,79.6001300390117
cattrs,24.1.0,96,20260918,789,120,6152,4875,79.24252275682704
cattrs,24.1.0,97,20260918,789,120,6152,4568,74.2522756827048
cattrs,24.1.0,98,20260918,789,120,6152,4960,80.62418725617685
cattrs,24.1.0,99,20260918,789,120,6152,4751,77.22691807542263
cattrs,24.1.0,100,20260918,789,120,6152,4867,79.11248374512354
cattrs,24.1.0,101,20260918,789,120,6152,5103,82.94863459037711
cattrs,24.1.0,102,20260918,789,120,6152,4837,78.62483745123536
cattrs,24.1.0,103,20260918,789,120,6152,4614,75.0
cattrs,24.1.0,104,20260918,789,120,6152,4776,77.6332899869961
cattrs,24.1.0,105,20260918,789,120,6152,4714,76.62548764629389
cattrs,24.1.0,106,20260918,789,120,6152,4458,72.46423927178154
cattrs,24.1.0,107,20260918,789,120,6152,4669,75.89401820546163
cattrs,24.1.0,108,20260918,789,120,6152,4783,77.74707412223667
cattrs,24.1.0,109,20260918,789,120,6152,4916,79.90897269180755
cattrs,24.1.0,110,20260918,789,120,6152,4933,80.1853055916775
cattrs,24.1.0,111,20260918,789,120,6152,4928,80.1040312093628
cattrs,24.1.0,112,20260918,789,120,6152,4714,76.62548764629389
cattrs,24.1.0,113,20260918,789,120,6152,5047,82.03836150845254
cattrs,24.1.0,114,20260918,789,120,6152,4771,77.5520156046814
cattrs,24.1.0,115,20260918,789,120,6152,4756,77.30819245773732
cattrs,24.1.0,116,20260918,789,120,6152,4886,79.42132639791937
cattrs,24.1.0,117,20260918,789,120,6152,4434,72.074122236671
cattrs,24.1.0,118,20260918,789,120,6152,4910,79.81144343302991
cattrs,24.1.0,119,20260918,789,120,6152,4972,80.81924577373212
cattrs,24.1.0,120,20260918,789,120,6152,4742,77.08062418725618
cattrs,24.1.0,121,20260918,789,120,6152,4576,74.38231469440832
cattrs,24.1.0,122,20260918,789,120,6152,4874,79.2262678803641
cattrs,24.1.0,123,20260918,789,120,6152,4849,78.81989596879063
cattrs,24.1.0,124,20260918,789,120,6152,4841,78.68985695708713
cattrs,24.1.0,125,20260918,789,120,6152,4780,77.69830949284786
cattrs,24.1.0,126,20260918,789,120,6152,4495,73.06566970091028
cattrs,24.1.0,127,20260918,789,120,6152,4723,76.77178153446035
cattrs,24.1.0,128,20260918,789,120,6152,4954,80.52665799739923
cattrs,24.1.0,129,20260918,789,120,6152,4701,76.41417425227569
cattrs,24.1.0,130,20260918,789,120,6152,4708,76.52795838751625
cattrs,24.1.0,131,20260918,789,120,6152,4511,73.3257477243173
cattrs,24.1.0,132,20260918,789,120,6152,4875,79.24252275682704
cattrs,24.1.0,133,20260918,789,120,6152,4237,68.87191157347205
cattrs,24.1.0,134,20260918,789,120,6152,5224,84.91547464239272
cattrs,24.1.0,135,20260918,789,120,6152,4761,77.38946684005201
cattrs,24.1.0,136,20260918,789,120,6152,4794,77.925877763329
cattrs,24.1.0,137,20260918,789,120,6152,4575,74.36605981794538
cattrs,24.1.0,138,20260918,789,120,6152,5059,82.2334200260078
cattrs,24.1.0,139,20260918,789,120,6152,4625,75.17880364109233
cattrs,24.1.0,140,20260918,789,120,6152,5002,81.30689206762028
cattrs,24.1.0,141,20260918,789,120,6152,4556,74.05721716514954
cattrs,24.1.0,142,20260918,789,120,6152,4722,76.7555266579974
cattrs,24.1.0,143,20260918,789,120,6152,4949,80.44538361508452
cattrs,24.1.0,144,20260918,789,120,6152,5050,82.08712613784135
cattrs,24.1.0,145,20260918,789,120,6152,4820,78.34850455136541
cattrs,24.1.0,146,20260918,789,120,6152,4840,78.67360208062419
cattrs,24.1.0,147,20260918,789,120,6152,4578,74.4148244473342
cattrs,24.1.0,148,20260918,789,120,6152,4925,80.05526657997399
cattrs,24.1.0,149,20260918,789,120,6152,4757,77.32444733420026
cattrs,24.1.0,150,20260918,789,120,6152,4865,79.07997399219767
cattrs,24.1.0,151,20260918,789,120,6152,4784,77.7633289986996
cattrs,24.1.0,152,20260918,789,120,6152,4763,77.4219765929779
cattrs,24.1.0,153,20260918,789,120,6152,4911,79.82769830949285
cattrs,24.1.0,154,20260918,789,120,6152,4419,71.83029908972692
cattrs,24.1.0,155,20260918,789,120,6152,4750,77.2106631989597
cattrs,24.1.0,156,20260918,789,120,6152,4690,76.23537061118336
cattrs,24.1.0,157,20260918,789,120,6152,4815,78.26723016905072
cattrs,24.1.0,158,20260918,789,120,6152,5013,81.48569570871261
cattrs,24.1.0,159,20260918,789,120,6152,4422,71.87906371911573
cattrs,24.1.0,160,20260918,789,120,6152,4996,81.20936280884266
cattrs,24.1.0,161,20260918,789,120,6152,4712,76.59297789336802
cattrs,24.1.0,162,20260918,789,120,6152,4703,76.44668400520156
cattrs,24.1.0,163,20260918,789,120,6152,4714,76.62548764629389
cattrs,24.1.0,164,20260918,789,120,6152,4631,75.27633289986996
cattrs,24.1.0,165,20260918,789,120,6152,4566,74.21976592977893
cattrs,24.1.0,166,20260918,789,120,6152,4731,76.90182054616385
cattrs,24.1.0,167,20260918,789,120,6152,4814,78.25097529258778
cattrs,24.1.0,168,20260918,789,120,6152,4886,79.42132639791937
cattrs,24.1.0,169,20260918,789,120,6152,4587,74.56111833550065
cattrs,24.1.0,170,20260918,789,120,6152,4790,77.86085825747725
cattrs,24.1.0,171,20260918,789,120,6152,4883,79.37256176853056
cattrs,24.1.0,172,20260918,789,120,6152,4637,75.3738621586476
cattrs,24.1.0,173,20260918,789,120,6152,4538,73.76462938881664
cattrs,24.1.0,174,20260918,789,120,6152,4586,74.54486345903771
cattrs,24.1.0,175,20260918,789,120,6152,4764,77.43823146944084
cattrs,24.1.0,176,20260918,789,120,6152,4908,79.77893368010403
cattrs,24.1.0,177,20260918,789,120,6152,4814,78.25097529258778
cattrs,24.1.0,178,20260918,789,120,6152,4786,77.79583875162548
cattrs,24.1.0,179,20260918,789,120,6152,4876,79.25877763328998
cattrs,24.1.0,180,20260918,789,120,6152,4878,79.29128738621587
cattrs,24.1.0,181,20260918,789,120,6152,4235,68.83940182054616
cattrs,24.1.0,182,20260918,789,120,6152,4665,75.82899869960988
cattrs,24.1.0,183,20260918,789,120,6152,4995,81.19310793237972
cattrs,24.1.0,184,20260918,789,120,6152,4282,69.60338101430429
cattrs,24.1.0,185,20260918,789,120,6152,4867,79.11248374512354
cattrs,24.1.0,186,20260918,789,120,6152,4766,77.47074122236671
cattrs,24.1.0,187,20260918,789,120,6152,4662,75.78023407022107
cattrs,24.1.0,188,20260918,789,120,6152,4846,78.77113133940182
cattrs,24.1.0,189,20260918,789,120,6152,5123,83.2737321196359
cattrs,24.1.0,190,20260918,789,120,6152,4772,77.56827048114434
cattrs,24.1.0,191,20260918,789,120,6152,4701,76.41417425227569
cattrs,24.1.0,192,20260918,789,120,6152,4900,79.64889466840052
cattrs,24.1.0,193,20260918,789,120,6152,5034,81.82704811443433
cattrs,24.1.0,194,20260918,789,120,6152,4612,74.96749024707412
cattrs,24.1.0,195,20260918,789,120,6152,4878,79.29128738621587
cattrs,24.1.0,196,20260918,789,120,6152,4961,80.64044213263979
cattrs,24.1.0,197,20260918,789,120,6152,4996,81.20936280884266
cattrs,24.1.0,198,20260918,789,120,6152,4853,78.8849154746424
cattrs,24.1.0,199,20260918,789,120,6152,4664,75.81274382314695
cattrs,24.1.0,200,20260918,789,120,6152,4978,80.91677503250975
cattrs,24.1.0,201,20260918,789,120,6152,4612,74.96749024707412
cattrs,24.1.0,202,20260918,789,120,6152,4780,77.69830949284786
cattrs,24.1.0,203,20260918,789,120,6152,4763,77.4219765929779
cattrs,24.1.0,204,20260918,789,120,6152,4926,80.07152145643693
cattrs,24.1.0,205,20260918,789,120,6152,4650,75.5851755526658
cattrs,24.1.0,206,20260918,789,120,6152,4851,78.85240572171651
cattrs,24.1.0,207,20260918,789,120,6152,4682,76.10533159947984
cattrs,24.1.0,208,20260918,789,120,6152,4945,80.38036410923277
cattrs,24.1.0,209,20260918,789,120,6152,4831,78.52730819245774
cattrs,24.1.0,210,20260918,789,120,6152,4833,78.55981794538361
cattrs,24.1.0,211,20260918,789,120,6152,4965,80.70546163849154
cattrs,24.1.0,212,20260918,789,120,6152,4793,77.90962288686606
cattrs,24.1.0,213,20260918,789,120,6152,5023,81.648244473342
cattrs,24.1.0,214,20260918,789,120,6152,4646,75.52015604681404
cattrs,24.1.0,215,20260918,789,120,6152,4887,79.43758127438231
cattrs,24.1.0,216,20260918,789,120,6152,4868,79.12873862158648
cattrs,24.1.0,217,20260918,789,120,6152,4600,74.77243172951886
cattrs,24.1.0,218,20260918,789,120,6152,4900,79.64889466840052
cattrs,24.1.0,219,20260918,789,120,6152,4809,78.16970091027308
cattrs,24.1.0,220,20260918,789,120,6152,4626,75.19505851755527
cattrs,24.1.0,221,20260918,789,120,6152,4723,76.77178153446035
cattrs,24.1.0,222,20260918,789,120,6152,4658,75.7152145643693
cattrs,24.1.0,223,20260918,789,120,6152,5027,81.71326397919375
cattrs,24.1.0,224,20260918,789,120,6152,4974,80.851755526658
cattrs,24.1.0,225,20260918,789,120,6152,4472,72.69180754226268
cattrs,24.1.0,226,20260918,789,120,6152,4943,80.3478543563069
cattrs,24.1.0,227,20260918,789,120,6152,4933,80.1853055916775
cattrs,24.1.0,228,20260918,789,120,6152,4342,70.57867360208063
cattrs,24.1.0,229,20260918,789,120,6152,4804,78.08842652795839
cattrs,24.1.0,230,20260918,789,120,6152,4900,79.64889466840052
cattrs,24.1.0,231,20260918,789,120,6152,4602,74.80494148244473
cattrs,24.1.0,232,20260918,789,120,6152,4631,75.27633289986996
cattrs,24.1.0,233,20260918,789,120,6152,4779,77.68205461638492
cattrs,24.1.0,234,20260918,789,120,6152,4711,76.57672301690508
cattrs,24.1.0,235,20260918,789,120,6152,4622,75.13003901170352
cattrs,24.1.0,236,20260918,789,120,6152,4543,73.84590377113133
cattrs,24.1.0,237,20260918,789,120,6152,4815,78.26723016905072
cattrs,24.1.0,238,20260918,789,120,6152,5247,85.2893368010403
cattrs,24.1.0,239,20260918,789,120,6152,4729,76.86931079323797
cattrs,24.1.0,240,20260918,789,120,6152,4639,75.40637191157347
cattrs,24.1.0,241,20260918,789,120,6152,4854,78.90117035110534
cattrs,24.1.0,242,20260918,789,120,6152,4628,75.22756827048114
cattrs,24.1.0,243,20260918,789,120,6152,4866,79.0962288686606
cattrs,24.1.0,244,20260918,789,120,6152,4777,77.64954486345904
cattrs,24.1.0,245,20260918,789,120,6152,4848,78.8036410923277
cattrs,24.1.0,246,20260918,789,120,6152,4908,79.77893368010403
cattrs,24.1.0,247,20260918,789,120,6152,4563,74.17100130039012
cattrs,24.1.0,248,20260918,789,120,6152,4748,77.1781534460338
cattrs,24.1.0,249,20260918,789,120,6152,4830,78.5110533159948
cattrs,24.1.0,250,20260918,789,120,6152,4588,74.57737321196359
cattrs,24.1.0,251,20260918,789,120,6152,5168,84.00520156046814
cattrs,24.1.0,252,20260918,789,120,6152,4726,76.82054616384916
cattrs,24.1.0,253,20260918,789,120,6152,4786,77.79583875162548
cattrs,24.1.0,254,20260918,789,120,6152,4526,73.56957087126138
cattrs,24.1.0,255,20260918,789,120,6152,4275,69.48959687906373
cattrs,24.1.0,256,20260918,789,120,6152,4793,77.90962288686606
cattrs,24.1.0,257,20260918,789,120,6152,4705,76.47919375812744
cattrs,24.1.0,258,20260918,789,120,6152,4286,69.66840052015604
cattrs,24.1.0,259,20260918,789,120,6152,4739,77.03185955786736
cattrs,24.1.0,260,20260918,789,120,6152,4309,70.04226267880364
cattrs,24.1.0,261,20260918,789,120,6152,4802,78.05591677503251
cattrs,24.1.0,262,20260918,789,120,6152,4507,73.26072821846554
cattrs,24.1.0,263,20260918,789,120,6152,5134,83.45253576072822
cattrs,24.1.0,264,20260918,789,120,6152,4629,75.24382314694408
cattrs,24.1.0,265,20260918,789,120,6152,5089,82.72106631989597
cattrs,24.1.0,266,20260918,789,120,6152,4784,77.7633289986996
cattrs,24.1.0,267,20260918,789,120,6152,4824,78.41352405721716
cattrs,24.1.0,268,20260918,789,120,6152,4804,78.08842652795839
cattrs,24.1.0,269,20260918,789,120,6152,4923,80.02275682704811
cattrs,24.1.0,270,20260918,789,120,6152,4759,77.35695708712613
cattrs,24.1.0,271,20260918,789,120,6152,4611,74.95123537061119
cattrs,24.1.0,272,20260918,789,120,6152,4947,80.41287386215865
cattrs,24.1.0,273,20260918,789,120,6152,4855,78.91742522756827
cattrs,24.1.0,274,20260918,789,120,6152,4978,80.91677503250975
cattrs,24.1.0,275,20260918,789,120,6152,4679,76.05656697009103
cattrs,24.1.0,276,20260918,789,120,6152,4919,79.95773732119636
cattrs,24.1.0,277,20260918,789,120,6152,4893,79.53511053315995
cattrs,24.1.0,278,20260918,789,120,6152,4879,79.30754226267881
cattrs,24.1.0,279,20260918,789,120,6152,4834,78.57607282184655
cattrs,24.1.0,280,20260918,789,120,6152,4886,79.42132639791937
cattrs,24.1.0,281,20260918,789,120,6152,4721,76.73927178153446
cattrs,24.1.0,282,20260918,789,120,6152,4899,79.63263979193758
cattrs,24.1.0,283,20260918,789,120,6152,4709,76.54421326397919
cattrs,24.1.0,284,20260918,789,120,6152,4366,70.96879063719116
cattrs,24.1.0,285,20260918,789,120,6152,4765,77.45448634590377
cattrs,24.1.0,286,20260918,789,120,6152,5000,81.2743823146944
cattrs,24.1.0,287,20260918,789,120,6152,4723,76.77178153446035
cattrs,24.1.0,288,20260918,789,120,6152,4627,75.2113133940182
cattrs,24.1.0,289,20260918,789,120,6152,5163,83.92392717815345
cattrs,24.1.0,290,20260918,789,120,6152,4859,78.98244473342002
cattrs,24.1.0,291,20260918,789,120,6152,4798,77.99089726918075
cattrs,24.1.0,292,20260918,789,120,6152,4544,73.86215864759428
cattrs,24.1.0,293,20260918,789,120,6152,4831,78.52730819245774
cattrs,24.1.0,294,20260918,789,120,6152,4653,75.63394018205462
cattrs,24.1.0,295,20260918,789,120,6152,4618,75.06501950585175
cattrs,24.1.0,296,20260918,789,120,6152,4461,72.51300390117035
cattrs,24.1.0,297,20260918,789,120,6152,4354,70.7737321196359
cattrs,24.1.0,298,20260918,789,120,6152,4947,80.41287386215865
cattrs,24.1.0,299,20260918,789,120,6152,4865,79.07997399219767
cattrs,24.1.0,300,20260918,789,120,6152,4770,77.53576072821846
cattrs,24.1.0,301,20260918,789,120,6152,4669,75.89401820546163
cattrs,24.1.0,302,20260918,789,120,6152,4668,75.8777633289987
cattrs,24.1.0,303,20260918,789,120,6152,4691,76.2516254876463
cattrs,24.1.0,304,20260918,789,120,6152,4894,79.55136540962289
cattrs,24.1.0,305,20260918,789,120,6152,4811,78.20221066319895
cattrs,24.1.0,306,20260918,789,120,6152,4809,78.16970091027308
cattrs,24.1.0,307,20260918,789,120,6152,4806,78.12093628088427
cattrs,24.1.0,308,20260918,789,120,6152,4584,74.51235370611184
cattrs,24.1.0,309,20260918,789,120,6152,4908,79.77893368010403
cattrs,24.1.0,310,20260918,789,120,6152,4760,77.37321196358907
cattrs,24.1.0,311,20260918,789,120,6152,4786,77.79583875162548
cattrs,24.1.0,312,20260918,789,120,6152,4794,77.925877763329
cattrs,24.1.0,313,20260918,789,120,6152,4795,77.94213263979194
cattrs,24.1.0,314,20260918,789,120,6152,4749,77.19440832249676
cattrs,24.1.0,315,20260918,789,120,6152,4686,76.1703511053316
cattrs,24.1.0,316,20260918,789,120,6152,4726,76.82054616384916
cattrs,24.1.0,317,20260918,789,120,6152,4620,75.09752925877763
cattrs,24.1.0,318,20260918,789,120,6152,4929,80.12028608582575
cattrs,24.1.0,319,20260918,789,120,6152,4940,80.29908972691807
cattrs,24.1.0,320,20260918,789,120,6152,4729,76.86931079323797
cattrs,24.1.0,321,20260918,789,120,6152,4561,74.13849154746424
cattrs,24.1.0,322,20260918,789,120,6152,4631,75.27633289986996
cattrs,24.1.0,323,20260918,789,120,6152,4578,74.4148244473342
cattrs,24.1.0,324,20260918,789,120,6152,4933,80.1853055916775
cattrs,24.1.0,325,20260918,789,120,6152,4908,79.77893368010403
cattrs,24.1.0,326,20260918,789,120,6152,4816,78.28348504551366
cattrs,24.1.0,327,20260918,789,120,6152,4977,80.90052015604681
cattrs,24.1.0,328,20260918,789,120,6152,4195,68.1892067620286
cattrs,24.1.0,329,20260918,789,120,6152,4766,77.47074122236671
cattrs,24.1.0,330,20260918,789,120,6152,5057,82.20091027308193
cattrs,24.1.0,331,20260918,789,120,6152,4739,77.03185955786736
cattrs,24.1.0,332,20260918,789,120,6152,4907,79.7626788036411
cattrs,24.1.0,333,20260918,789,120,6152,4816,78.28348504551366
cattrs,24.1.0,334,20260918,789,120,6152,5074,82.47724317295189
cattrs,24.1.0,335,20260918,789,120,6152,4530,73.63459037711313
cattrs,24.1.0,336,20260918,789,120,6152,4364,70.93628088426527
cattrs,24.1.0,337,20260918,789,120,6152,4229,68.74187256176853
cattrs,24.1.0,338,20260918,789,120,6152,4752,77.24317295188557
cattrs,24.1.0,339,20260918,789,120,6152,4739,77.03185955786736
cattrs,24.1.0,340,20260918,789,120,6152,4543,73.84590377113133
cattrs,24.1.0,341,20260918,789,120,6152,4930,80.13654096228869
cattrs,24.1.0,342,20260918,789,120,6152,4712,76.59297789336802
cattrs,24.1.0,343,20260918,789,120,6152,4632,75.2925877763329
cattrs,24.1.0,344,20260918,789,120,6152,4788,77.82834850455137
cattrs,24.1.0,345,20260918,789,120,6152,4325,70.30234070221066
cattrs,24.1.0,346,20260918,789,120,6152,4991,81.12808842652795
cattrs,24.1.0,347,20260918,789,120,6152,4730,76.88556566970091
cattrs,24.1.0,348,20260918,789,120,6152,4808,78.15344603381014
cattrs,24.1.0,349,20260918,789,120,6152,4863,79.04746423927178
cattrs,24.1.0,350,20260918,789,120,6152,5033,81.8107932379714
cattrs,24.1.0,351,20260918,789,120,6152,4696,76.33289986996098
cattrs,24.1.0,352,20260918,789,120,6152,4824,78.41352405721716
cattrs,24.1.0,353,20260918,789,120,6152,4668,75.8777633289987
cattrs,24.1.0,354,20260918,789,120,6152,4862,79.03120936280884
cattrs,24.1.0,355,20260918,789,120,6152,4689,76.21911573472042
cattrs,24.1.0,356,20260918,789,120,6152,4904,79.71391417425228
cattrs,24.1.0,357,20260918,789,120,6152,4722,76.7555266579974
cattrs,24.1.0,358,20260918,789,120,6152,4500,73.14694408322497
cattrs,24.1.0,359,20260918,789,120,6152,4813,78.23472041612484
cattrs,24.1.0,360,20260918,789,120,6152,4966,80.72171651495448
cattrs,24.1.0,361,20260918,789,120,6152,4856,78.93368010403121
cattrs,24.1.0,362,20260918,789,120,6152,4351,70.72496749024707
cattrs,24.1.0,363,20260918,789,120,6152,4885,79.40507152145643
cattrs,24.1.0,364,20260918,789,120,6152,4727,76.8368010403121
cattrs,24.1.0,365,20260918,789,120,6152,4683,76.12158647594278
cattrs,24.1.0,366,20260918,789,120,6152,4750,77.2106631989597
cattrs,24.1.0,367,20260918,789,120,6152,4574,74.34980494148245
cattrs,24.1.0,368,20260918,789,120,6152,4921,79.99024707412224
cattrs,24.1.0,369,20260918,789,120,6152,4325,70.30234070221066
cattrs,24.1.0,370,20260918,789,120,6152,4297,69.84720416124837
cattrs,24.1.0,371,20260918,789,120,6152,4725,76.80429128738622
cattrs,24.1.0,372,20260918,789,120,6152,4816,78.28348504551366
cattrs,24.1.0,373,20260918,789,120,6152,4999,81.25812743823147
cattrs,24.1.0,374,20260918,789,120,6152,4702,76.43042912873862
cattrs,24.1.0,375,20260918,789,120,6152,4452,72.3667100130039
cattrs,24.1.0,376,20260918,789,120,6152,4777,77.64954486345904
cattrs,24.1.0,377,20260918,789,120,6152,4489,72.96814044213264
cattrs,24.1.0,378,20260918,789,120,6152,4347,70.65994798439532
cattrs,24.1.0,379,20260918,789,120,6152,4945,80.38036410923277
cattrs,24.1.0,380,20260918,789,120,6152,4647,75.53641092327699
cattrs,24.1.0,381,20260918,789,120,6152,4807,78.1371911573472
cattrs,24.1.0,382,20260918,789,120,6152,4727,76.8368010403121
cattrs,24.1.0,383,20260918,789,120,6152,4694,76.3003901170351
cattrs,24.1.0,384,20260918,789,120,6152,4723,76.77178153446035
cattrs,24.1.0,385,20260918,789,120,6152,4855,78.91742522756827
cattrs,24.1.0,386,20260918,789,120,6152,4940,80.29908972691807
cattrs,24.1.0,387,20260918,789,120,6152,4817,78.2997399219766
cattrs,24.1.0,388,20260918,789,120,6152,4837,78.62483745123536
cattrs,24.1.0,389,20260918,789,120,6152,4796,77.95838751625487
cattrs,24.1.0,390,20260918,789,120,6152,4451,72.35045513654096
cattrs,24.1.0,391,20260918,789,120,6152,4708,76.52795838751625
cattrs,24.1.0,392,20260918,789,120,6152,4881,79.34005201560468
cattrs,24.1.0,393,20260918,789,120,6152,4802,78.05591677503251
cattrs,24.1.0,394,20260918,789,120,6152,4730,76.88556566970091
cattrs,24.1.0,395,20260918,789,120,6152,4912,79.84395318595578
cattrs,24.1.0,396,20260918,789,120,6152,4785,77.77958387516254
cattrs,24.1.0,397,20260918,789,120,6152,4873,79.21001300390117
cattrs,24.1.0,398,20260918,789,120,6152,4985,81.03055916775033
cattrs,24.1.0,399,20260918,789,120,6152,4814,78.25097529258778
cattrs,24.1.0,400,20260918,789,120,6152,4948,80.42912873862159
cattrs,24.1.0,401,20260918,789,120,6152,4500,73.14694408322497
cattrs,24.1.0,402,20260918,789,120,6152,4546,73.89466840052016
cattrs,24.1.0,403,20260918,789,120,6152,4565,74.20351105331599
cattrs,24.1.0,404,20260918,789,120,6152,4728,76.85305591677503
cattrs,24.1.0,405,20260918,789,120,6152,4833,78.55981794538361
cattrs,24.1.0,406,20260918,789,120,6152,4321,70.2373211963589
cattrs,24.1.0,407,20260918,789,120,6152,4962,80.65669700910273
cattrs,24.1.0,408,20260918,789,120,6152,4788,77.82834850455137
cattrs,24.1.0,409,20260918,789,120,6152,4600,74.77243172951886
cattrs,24.1.0,410,20260918,789,120,6152,4773,77.58452535760728
cattrs,24.1.0,411,20260918,789,120,6152,4930,80.13654096228869
cattrs,24.1.0,412,20260918,789,120,6152,4904,79.71391417425228
cattrs,24.1.0,413,20260918,789,120,6152,4799,78.00715214564369
cattrs,24.1.0,414,20260918,789,120,6152,4793,77.90962288686606
cattrs,24.1.0,415,20260918,789,120,6152,4693,76.28413524057217
cattrs,24.1.0,416,20260918,789,120,6152,4784,77.7633289986996
cattrs,24.1.0,417,20260918,789,120,6152,5118,83.19245773732119
cattrs,24.1.0,418,20260918,789,120,6152,4723,76.77178153446035
cattrs,24.1.0,419,20260918,789,120,6152,4701,76.41417425227569
cattrs,24.1.0,420,20260918,789,120,6152,4823,78.39726918075422
cattrs,24.1.0,421,20260918,789,120,6152,5031,81.77828348504552
cattrs,24.1.0,422,20260918,789,120,6152,5012,81.46944083224967
cattrs,24.1.0,423,20260918,789,120,6152,4789,77.84460338101431
cattrs,24.1.0,424,20260918,789,120,6152,4755,77.29193758127438
cattrs,24.1.0,425,20260918,789,120,6152,4660,75.7477243172952
cattrs,24.1.0,426,20260918,789,120,6152,4581,74.46358907672301
cattrs,24.1.0,427,20260918,789,120,6152,4531,73.65084525357608
cattrs,24.1.0,428,20260918,789,120,6152,4668,75.8777633289987
cattrs,24.1.0,429,20260918,789,120,6152,4871,79.17750325097529
cattrs,24.1.0,430,20260918,789,120,6152,5081,82.59102730819245
cattrs,24.1.0,431,20260918,789,120,6152,4400,71.52145643693108
cattrs,24.1.0,432,20260918,789,120,6152,5205,84.60663198959688
cattrs,24.1.0,433,20260918,789,120,6152,4078,66.28738621586476
cattrs,24.1.0,434,20260918,789,120,6152,4858,78.96618985695709
cattrs,24.1.0,435,20260918,789,120,6152,4875,79.24252275682704
cattrs,24.1.0,436,20260918,789,120,6152,4781,77.71456436931079
cattrs,24.1.0,437,20260918,789,120,6152,4675,75.99154746423928
cattrs,24.1.0,438,20260918,789,120,6152,4732,76.91807542262679
cattrs,24.1.0,439,20260918,789,120,6152,4593,74.65864759427828
cattrs,24.1.0,440,20260918,789,120,6152,4533,73.68335500650196
cattrs,24.1.0,441,20260918,789,120,6152,4686,76.1703511053316
cattrs,24.1.0,442,20260918,789,120,6152,4762,77.40572171651496
cattrs,24.1.0,443,20260918,789,120,6152,4903,79.69765929778934
cattrs,24.1.0,444,20260918,789,120,6152,4863,79.04746423927178
cattrs,24.1.0,445,20260918,789,120,6152,4711,76.57672301690508
cattrs,24.1.0,446,20260918,789,120,6152,4339,70.52990897269181
cattrs,24.1.0,447,20260918,789,120,6152,5029,81.74577373211963
cattrs,24.1.0,448,20260918,789,120,6152,5042,81.95708712613784
cattrs,24.1.0,449,20260918,789,120,6152,4533,73.68335500650196
cattrs,24.1.0,450,20260918,789,120,6152,4917,79.92522756827049
cattrs,24.1.0,451,20260918,789,120,6152,4556,74.05721716514954
cattrs,24.1.0,452,20260918,789,120,6152,4991,81.12808842652795
cattrs,24.1.0,453,20260918,789,120,6152,5063,82.29843953185956
cattrs,24.1.0,454,20260918,789,120,6152,4863,79.04746423927178
cattrs,24.1.0,455,20260918,789,120,6152,4913,79.86020806241872
cattrs,24.1.0,456,20260918,789,120,6152,4877,79.27503250975293
cattrs,24.1.0,457,20260918,789,120,6152,4609,74.91872561768531
cattrs,24.1.0,458,20260918,789,120,6152,4571,74.30104031209363
cattrs,24.1.0,459,20260918,789,120,6152,4470,72.6592977893368
cattrs,24.1.0,460,20260918,789,120,6152,4826,78.44603381014305
cattrs,24.1.0,461,20260918,789,120,6152,4713,76.60923276983095
cattrs,24.1.0,462,20260918,789,120,6152,4848,78.8036410923277
cattrs,24.1.0,463,20260918,789,120,6152,5097,82.85110533159948
cattrs,24.1.0,464,20260918,789,120,6152,4700,76.39791937581275
cattrs,24.1.0,465,20260918,789,120,6152,4892,79.51885565669701
cattrs,24.1.0,466,20260918,789,120,6152,5040,81.92457737321196
cattrs,24.1.0,467,20260918,789,120,6152,4029,65.49089726918075
cattrs,24.1.0,468,20260918,789,120,6152,4902,79.68140442132639
cattrs,24.1.0,469,20260918,789,120,6152,4584,74.51235370611184
cattrs,24.1.0,470,20260918,789,120,6152,4583,74.4960988296489
cattrs,24.1.0,471,20260918,789,120,6152,4815,78.26723016905072
cattrs,24.1.0,472,20260918,789,120,6152,4577,74.39856957087126
cattrs,24.1.0,473,20260918,789,120,6152,4572,74.31729518855657
cattrs,24.1.0,474,20260918,789,120,6152,4408,71.65149544863459
cattrs,24.1.0,475,20260918,789,120,6152,4661,75.76397919375813
cattrs,24.1.0,476,20260918,789,120,6152,4832,78.54356306892068
cattrs,24.1.0,477,20260918,789,120,6152,4643,75.47139141742522
cattrs,24.1.0,478,20260918,789,120,6152,4538,73.76462938881664
cattrs,24.1.0,479,20260918,789,120,6152,4528,73.60208062418725
cattrs,24.1.0,480,20260918,789,120,6152,4750,77.2106631989597
cattrs,24.1.0,481,20260918,789,120,6152,4871,79.17750325097529
cattrs,24.1.0,482,20260918,789,120,6152,4332,70.41612483745124
cattrs,24.1.0,483,20260918,789,120,6152,4862,79.03120936280884
cattrs,24.1.0,484,20260918,789,120,6152,4705,76.47919375812744
cattrs,24.1.0,485,20260918,789,120,6152,4812,78.21846553966189
cattrs,24.1.0,486,20260918,789,120,6152,4525,73.55331599479844
cattrs,24.1.0,487,20260918,789,120,6152,4963,80.67295188556567
cattrs,24.1.0,488,20260918,789,120,6152,4487,72.93563068920676
cattrs,24.1.0,489,20260918,789,120,6152,4362,70.9037711313394
cattrs,24.1.0,490,20260918,789,120,6152,4707,76.51170351105331
cattrs,24.1.0,491,20260918,789,120,6152,4573,74.33355006501951
cattrs,24.1.0,492,20260918,789,120,6152,4618,75.06501950585175
cattrs,24.1.0,493,20260918,789,120,6152,4857,78.94993498049415
cattrs,24.1.0,494,20260918,789,120,6152,4736,76.98309492847855
cattrs,24.1.0,495,20260918,789,120,6152,4797,77.97464239271781
cattrs,24.1.0,496,20260918,789,120,6152,4550,73.95968790637191
cattrs,24.1.0,497,20260918,789,120,6152,4800,78.02340702210664
cattrs,24.1.0,498,20260918,789,120,6152,4971,80.80299089726918
cattrs,24.1.0,499,20260918,789,120,6152,4777,77.64954486345904
cattrs,24.1.0,500,20260918,789,120,6152,4772,77.56827048114434
cattrs,24.1.0,501,20260918,789,120,6152,4437,72.12288686605982
cattrs,24.1.0,502,20260918,789,120,6152,4934,80.20156046814044
cattrs,24.1.0,503,20260918,789,120,6152,4851,78.85240572171651
cattrs,24.1.0,504,20260918,789,120,6152,4605,74.85370611183355
cattrs,24.1.0,505,20260918,789,120,6152,4564,74.18725617685305
cattrs,24.1.0,506,20260918,789,120,6152,4737,76.99934980494149
cattrs,24.1.0,507,20260918,789,120,6152,4727,76.8368010403121
cattrs,24.1.0,508,20260918,789,120,6152,4473,72.70806241872562
cattrs,24.1.0,509,20260918,789,120,6152,5033,81.8107932379714
cattrs,24.1.0,510,20260918,789,120,6152,4800,78.02340702210664
cattrs,24.1.0,511,20260918,789,120,6152,4990,81.11183355006501
cattrs,24.1.0,512,20260918,789,120,6152,4971,80.80299089726918
cattrs,24.1.0,513,20260918,789,120,6152,5047,82.03836150845254
cattrs,24.1.0,514,20260918,789,120,6152,4648,75.55266579973993
cattrs,24.1.0,515,20260918,789,120,6152,5115,83.14369310793238
cattrs,24.1.0,516,20260918,789,120,6152,4679,76.05656697009103
cattrs,24.1.0,517,20260918,789,120,6152,4567,74.23602080624187
cattrs,24.1.0,518,20260918,789,120,6152,4633,75.30884265279583
cattrs,24.1.0,519,20260918,789,120,6152,4488,72.9518855656697
cattrs,24.1.0,520,20260918,789,120,6152,4802,78.05591677503251
cattrs,24.1.0,521,20260918,789,120,6152,4502,73.17945383615084
cattrs,24.1.0,522,20260918,789,120,6152,4463,72.54551365409623
cattrs,24.1.0,523,20260918,789,120,6152,4713,76.60923276983095
cattrs,24.1.0,524,20260918,789,120,6152,4462,72.52925877763329
cattrs,24.1.0,525,20260918,789,120,6152,5082,82.6072821846554
cattrs,24.1.0,526,20260918,789,120,6152,4895,79.56762028608583
cattrs,24.1.0,527,20260918,789,120,6152,4701,76.41417425227569
cattrs,24.1.0,528,20260918,789,120,6152,4666,75.84525357607282
cattrs,24.1.0,529,20260918,789,120,6152,4614,75.0
cattrs,24.1.0,530,20260918,789,120,6152,4533,73.68335500650196
cattrs,24.1.0,531,20260918,789,120,6152,4896,79.58387516254876
cattrs,24.1.0,532,20260918,789,120,6152,4755,77.29193758127438
cattrs,24.1.0,533,20260918,789,120,6152,4780,77.69830949284786
cattrs,24.1.0,534,20260918,789,120,6152,4901,79.66514954486345
cattrs,24.1.0,535,20260918,789,120,6152,4783,77.74707412223667
cattrs,24.1.0,536,20260918,789,120,6152,5017,81.55071521456436
cattrs,24.1.0,537,20260918,789,120,6152,4769,77.51950585175553
cattrs,24.1.0,538,20260918,789,120,6152,4409,71.66775032509753
cattrs,24.1.0,539,20260918,789,120,6152,4992,81.14434330299089
cattrs,24.1.0,540,20260918,789,120,6152,4341,70.56241872561769
cattrs,24.1.0,541,20260918,789,120,6152,4851,78.85240572171651
cattrs,24.1.0,542,20260918,789,120,6152,4910,79.81144343302991
cattrs,24.1.0,543,20260918,789,120,6152,4829,78.49479843953186
cattrs,24.1.0,544,20260918,789,120,6152,4637,75.3738621586476
cattrs,24.1.0,545,20260918,789,120,6152,4926,80.07152145643693
cattrs,24.1.0,546,20260918,789,120,6152,4567,74.23602080624187
cattrs,24.1.0,547,20260918,789,120,6152,4802,78.05591677503251
cattrs,24.1.0,548,20260918,789,120,6152,4946,80.39661898569571
cattrs,24.1.0,549,20260918,789,120,6152,4662,75.78023407022107
cattrs,24.1.0,550,20260918,789,120,6152,4824,78.41352405721716
cattrs,24.1.0,551,20260918,789,120,6152,4407,71.63524057217165
cattrs,24.1.0,552,20260918,789,120,6152,5114,83.12743823146944
cattrs,24.1.0,553,20260918,789,120,6152,4833,78.55981794538361
cattrs,24.1.0,554,20260918,789,120,6152,4784,77.7633289986996
cattrs,24.1.0,555,20260918,789,120,6152,4516,73.40702210663198
cattrs,24.1.0,556,20260918,789,120,6152,4959,80.60793237971392
cattrs,24.1.0,557,20260918,789,120,6152,4716,76.65799739921977
cattrs,24.1.0,558,20260918,789,120,6152,4886,79.42132639791937
cattrs,24.1.0,559,20260918,789,120,6152,4841,78.68985695708713
cattrs,24.1.0,560,20260918,789,120,6152,4733,76.93433029908972
cattrs,24.1.0,561,20260918,789,120,6152,4868,79.12873862158648
cattrs,24.1.0,562,20260918,789,120,6152,4884,79.3888166449935
cattrs,24.1.0,563,20260918,789,120,6152,4750,77.2106631989597
cattrs,24.1.0,564,20260918,789,120,6152,4747,77.16189856957087
cattrs,24.1.0,565,20260918,789,120,6152,4830,78.5110533159948
cattrs,24.1.0,566,20260918,789,120,6152,4812,78.21846553966189
cattrs,24.1.0,567,20260918,789,120,6152,4761,77.38946684005201
cattrs,24.1.0,568,20260918,789,120,6152,4689,76.21911573472042
cattrs,24.1.0,569,20260918,789,120,6152,4776,77.6332899869961
cattrs,24.1.0,570,20260918,789,120,6152,4922,80.00650195058518
cattrs,24.1.0,571,20260918,789,120,6152,4968,80.75422626788037
cattrs,24.1.0,572,20260918,789,120,6152,5021,81.61573472041613
cattrs,24.1.0,573,20260918,789,120,6152,4611,74.95123537061119
cattrs,24.1.0,574,20260918,789,120,6152,4896,79.58387516254876
cattrs,24.1.0,575,20260918,789,120,6152,4286,69.66840052015604
cattrs,24.1.0,576,20260918,789,120,6152,4485,72.90312093628089
cattrs,24.1.0,577,20260918,789,120,6152,4654,75.65019505851755
cattrs,24.1.0,578,20260918,789,120,6152,4775,77.61703511053317
cattrs,24.1.0,579,20260918,789,120,6152,4818,78.31599479843953
cattrs,24.1.0,580,20260918,789,120,6152,4872,79.19375812743823
cattrs,24.1.0,581,20260918,789,120,6152,4865,79.07997399219767
cattrs,24.1.0,582,20260918,789,120,6152,4761,77.38946684005201
cattrs,24.1.0,583,20260918,789,120,6152,4890,79.48634590377114
cattrs,24.1.0,584,20260918,789,120,6152,5085,82.65604681404422
cattrs,24.1.0,585,20260918,789,120,6152,4866,79.0962288686606
cattrs,24.1.0,586,20260918,789,120,6152,4855,78.91742522756827
cattrs,24.1.0,587,20260918,789,120,6152,4563,74.17100130039012
cattrs,24.1.0,588,20260918,789,120,6152,4679,76.05656697009103
cattrs,24.1.0,589,20260918,789,120,6152,5029,81.74577373211963
cattrs,24.1.0,590,20260918,789,120,6152,4795,77.94213263979194
cattrs,24.1.0,591,20260918,789,120,6152,4826,78.44603381014305
cattrs,24.1.0,592,20260918,789,120,6152,4466,72.59427828348504
cattrs,24.1.0,593,20260918,789,120,6152,4957,80.57542262678804
cattrs,24.1.0,594,20260918,789,120,6152,4791,77.87711313394018
cattrs,24.1.0,595,20260918,789,120,6152,4983,80.99804941482445
cattrs,24.1.0,596,20260918,789,120,6152,4608,74.90247074122237
cattrs,24.1.0,597,20260918,789,120,6152,4720,76.72301690507152
cattrs,24.1.0,598,20260918,789,120,6152,4716,76.65799739921977
cattrs,24.1.0,599,20260918,789,120,6152,4540,73.79713914174252
cattrs,24.1.0,600,20260918,789,120,6152,4893,79.53511053315995
cattrs,24.1.0,601,20260918,789,120,6152,4837,78.62483745123536
cattrs,24.1.0,602,20260918,789,120,6152,4793,77.90962288686606
cattrs,24.1.0,603,20260918,789,120,6152,4545,73.87841352405722
cattrs,24.1.0,604,20260918,789,120,6152,4697,76.34915474642392
cattrs,24.1.0,605,20260918,789,120,6152,4791,77.87711313394018
cattrs,24.1.0,606,20260918,789,120,6152,4638,75.39011703511053
cattrs,24.1.0,607,20260918,789,120,6152,4895,79.56762028608583
cattrs,24.1.0,608,20260918,789,120,6152,4666,75.84525357607282
cattrs,24.1.0,609,20260918,789,120,6152,4748,77.1781534460338
cattrs,24.1.0,610,20260918,789,120,6152,4789,77.84460338101431
cattrs,24.1.0,611,20260918,789,120,6152,4746,77.14564369310793
cattrs,24.1.0,612,20260918,789,120,6152,4430,72.00910273081925
cattrs,24.1.0,613,20260918,789,120,6152,4992,81.14434330299089
cattrs,24.1.0,614,20260918,789,120,6152,4764,77.43823146944084
cattrs,24.1.0,615,20260918,789,120,6152,4922,80.00650195058518
cattrs,24.1.0,616,20260918,789,120,6152,4844,78.73862158647594
cattrs,24.1.0,617,20260918,789,120,6152,4830,78.5110533159948
cattrs,24.1.0,618,20260918,789,120,6152,4483,72.87061118335501
cattrs,24.1.0,619,20260918,789,120,6152,4761,77.38946684005201
cattrs,24.1.0,620,20260918,789,120,6152,4521,73.48829648894669
cattrs,24.1.0,621,20260918,789,120,6152,4599,74.75617685305592
cattrs,24.1.0,622,20260918,789,120,6152,5096,82.83485045513655
cattrs,24.1.0,623,20260918,789,120,6152,4627,75.2113133940182
cattrs,24.1.0,624,20260918,789,120,6152,4788,77.82834850455137
cattrs,24.1.0,625,20260918,789,120,6152,4898,79.61638491547464
cattrs,24.1.0,626,20260918,789,120,6152,4497,73.09817945383615
cattrs,24.1.0,627,20260918,789,120,6152,4698,76.36540962288687
cattrs,24.1.0,628,20260918,789,120,6152,4827,78.46228868660599
cattrs,24.1.0,629,20260918,789,120,6152,4634,75.32509752925878
cattrs,24.1.0,630,20260918,789,120,6152,4935,80.21781534460338
cattrs,24.1.0,631,20260918,789,120,6152,4848,78.8036410923277
cattrs,24.1.0,632,20260918,789,120,6152,4603,74.82119635890767
cattrs,24.1.0,633,20260918,789,120,6152,4916,79.90897269180755
cattrs,24.1.0,634,20260918,789,120,6152,5065,82.33094928478543
cattrs,24.1.0,635,20260918,789,120,6152,4817,78.2997399219766
cattrs,24.1.0,636,20260918,789,120,6152,4795,77.94213263979194
cattrs,24.1.0,637,20260918,789,120,6152,5188,84.33029908972692
cattrs,24.1.0,638,20260918,789,120,6152,4816,78.28348504551366
cattrs,24.1.0,639,20260918,789,120,6152,4806,78.12093628088427
cattrs,24.1.0,640,20260918,789,120,6152,4548,73.92717815344604
cattrs,24.1.0,641,20260918,789,120,6152,4680,76.07282184655396
cattrs,24.1.0,642,20260918,789,120,6152,4701,76.41417425227569
cattrs,24.1.0,643,20260918,789,120,6152,4545,73.87841352405722
cattrs,24.1.0,644,20260918,789,120,6152,4820,78.34850455136541
cattrs,24.1.0,645,20260918,789,120,6152,4653,75.63394018205462
cattrs,24.1.0,646,20260918,789,120,6152,4856,78.93368010403121
cattrs,24.1.0,647,20260918,789,120,6152,4632,75.2925877763329
cattrs,24.1.0,648,20260918,789,120,6152,4892,79.51885565669701
cattrs,24.1.0,649,20260918,789,120,6152,4858,78.96618985695709
cattrs,24.1.0,650,20260918,789,120,6152,4572,74.31729518855657
cattrs,24.1.0,651,20260918,789,120,6152,4691,76.2516254876463
cattrs,24.1.0,652,20260918,789,120,6152,4566,74.21976592977893
cattrs,24.1.0,653,20260918,789,120,6152,4794,77.925877763329
cattrs,24.1.0,654,20260918,789,120,6152,5063,82.29843953185956
cattrs,24.1.0,655,20260918,789,120,6152,4687,76.18660598179454
cattrs,24.1.0,656,20260918,789,120,6152,5120,83.22496749024707
cattrs,24.1.0,657,20260918,789,120,6152,4937,80.25032509752926
cattrs,24.1.0,658,20260918,789,120,6152,4910,79.81144343302991
cattrs,24.1.0,659,20260918,789,120,6152,4745,77.12938881664499
cattrs,24.1.0,660,20260918,789,120,6152,4826,78.44603381014305
cattrs,24.1.0,661,20260918,789,120,6152,4738,77.01560468140443
cattrs,24.1.0,662,20260918,789,120,6152,5044,81.98959687906373
cattrs,24.1.0,663,20260918,789,120,6152,4833,78.55981794538361
cattrs,24.1.0,664,20260918,789,120,6152,4767,77.48699609882965
cattrs,24.1.0,665,20260918,789,120,6152,4866,79.0962288686606
cattrs,24.1.0,666,20260918,789,120,6152,4660,75.7477243172952
cattrs,24.1.0,667,20260918,789,120,6152,5044,81.98959687906373
cattrs,24.1.0,668,20260918,789,120,6152,4635,75.34135240572172
cattrs,24.1.0,669,20260918,789,120,6152,4844,78.73862158647594
cattrs,24.1.0,670,20260918,789,120,6152,4612,74.96749024707412
cattrs,24.1.0,671,20260918,789,120,6152,4847,78.78738621586476
cattrs,24.1.0,672,20260918,789,120,6152,4813,78.23472041612484
cattrs,24.1.0,673,20260918,789,120,6152,4705,76.47919375812744
cattrs,24.1.0,674,20260918,789,120,6152,4767,77.48699609882965
cattrs,24.1.0,675,20260918,789,120,6152,4618,75.06501950585175
cattrs,24.1.0,676,20260918,789,120,6152,4753,77.2594278283485
cattrs,24.1.0,677,20260918,789,120,6152,4742,77.08062418725618
cattrs,24.1.0,678,20260918,789,120,6152,4636,75.35760728218466
cattrs,24.1.0,679,20260918,789,120,6152,5087,82.68855656697009
cattrs,24.1.0,680,20260918,789,120,6152,4692,76.26788036410923
cattrs,24.1.0,681,20260918,789,120,6152,4779,77.68205461638492
cattrs,24.1.0,682,20260918,789,120,6152,4889,79.47009102730819
cattrs,24.1.0,683,20260918,789,120,6152,4582,74.47984395318596
cattrs,24.1.0,684,20260918,789,120,6152,4842,78.70611183355007
cattrs,24.1.0,685,20260918,789,120,6152,5002,81.30689206762028
cattrs,24.1.0,686,20260918,789,120,6152,4878,79.29128738621587
cattrs,24.1.0,687,20260918,789,120,6152,4947,80.41287386215865
cattrs,24.1.0,688,20260918,789,120,6152,4770,77.53576072821846
cattrs,24.1.0,689,20260918,789,120,6152,4294,69.79843953185956
cattrs,24.1.0,690,20260918,789,120,6152,4401,71.53771131339401
cattrs,24.1.0,691,20260918,789,120,6152,4866,79.0962288686606
cattrs,24.1.0,692,20260918,789,120,6152,4911,79.82769830949285
cattrs,24.1.0,693,20260918,789,120,6152,5187,84.31404421326398
cattrs,24.1.0,694,20260918,789,120,6152,4889,79.47009102730819
cattrs,24.1.0,695,20260918,789,120,6152,4783,77.74707412223667
cattrs,24.1.0,696,20260918,789,120,6152,4661,75.76397919375813
cattrs,24.1.0,697,20260918,789,120,6152,5121,83.24122236671002
cattrs,24.1.0,698,20260918,789,120,6152,4772,77.56827048114434
cattrs,24.1.0,699,20260918,789,120,6152,4524,73.5370611183355
cattrs,24.1.0,700,20260918,789,120,6152,4425,71.92782834850455
cattrs,24.1.0,701,20260918,789,120,6152,4689,76.21911573472042
cattrs,24.1.0,702,20260918,789,120,6152,4762,77.40572171651496
cattrs,24.1.0,703,20260918,789,120,6152,4704,76.4629388816645
cattrs,24.1.0,704,20260918,789,120,6152,4821,78.36475942782835
cattrs,24.1.0,705,20260918,789,120,6152,4611,74.95123537061119
cattrs,24.1.0,706,20260918,789,120,6152,4603,74.82119635890767
cattrs,24.1.0,707,20260918,789,120,6152,4926,80.07152145643693
cattrs,24.1.0,708,20260918,789,120,6152,4784,77.7633289986996
cattrs,24.1.0,709,20260918,789,120,6152,4782,77.73081924577373
cattrs,24.1.0,710,20260918,789,120,6152,4849,78.81989596879063
cattrs,24.1.0,711,20260918,789,120,6152,4844,78.73862158647594
cattrs,24.1.0,712,20260918,789,120,6152,4808,78.15344603381014
cattrs,24.1.0,713,20260918,789,120,6152,4879,79.30754226267881
cattrs,24.1.0,714,20260918,789,120,6152,4834,78.57607282184655
cattrs,24.1.0,715,20260918,789,120,6152,4927,80.08777633289986
cattrs,24.1.0,716,20260918,789,120,6152,4835,78.59232769830949
cattrs,24.1.0,717,20260918,789,120,6152,5097,82.85110533159948
cattrs,24.1.0,718,20260918,789,120,6152,4851,78.85240572171651
cattrs,24.1.0,719,20260918,789,120,6152,4881,79.34005201560468
cattrs,24.1.0,720,20260918,789,120,6152,5034,81.82704811443433
cattrs,24.1.0,721,20260918,789,120,6152,4730,76.88556566970091
cattrs,24.1.0,722,20260918,789,120,6152,4731,76.90182054616385
cattrs,24.1.0,723,20260918,789,120,6152,4306,69.99349804941482
cattrs,24.1.0,724,20260918,789,120,6152,4856,78.93368010403121
cattrs,24.1.0,725,20260918,789,120,6152,4688,76.20286085825748
cattrs,24.1.0,726,20260918,789,120,6152,4479,72.80559167750324
cattrs,24.1.0,727,20260918,789,120,6152,4712,76.59297789336802
cattrs,24.1.0,728,20260918,789,120,6152,4435,72.09037711313394
cattrs,24.1.0,729,20260918,789,120,6152,4712,76.59297789336802
cattrs,24.1.0,730,20260918,789,120,6152,4681,76.0890767230169
cattrs,24.1.0,731,20260918,789,120,6152,4594,74.67490247074122
cattrs,24.1.0,732,20260918,789,120,6152,4954,80.52665799739923
cattrs,24.1.0,733,20260918,789,120,6152,4610,74.93498049414825
cattrs,24.1.0,734,20260918,789,120,6152,4577,74.39856957087126
cattrs,24.1.0,735,20260918,789,120,6152,4805,78.10468140442133
cattrs,24.1.0,736,20260918,789,120,6152,4778,77.66579973992198
cattrs,24.1.0,737,20260918,789,120,6152,4955,80.54291287386216
cattrs,24.1.0,738,20260918,789,120,6152,4942,80.33159947984396
cattrs,24.1.0,739,20260918,789,120,6152,4554,74.02470741222366
cattrs,24.1.0,740,20260918,789,120,6152,4630,75.26007802340702
cattrs,24.1.0,741,20260918,789,120,6152,5194,84.42782834850455
cattrs,24.1.0,742,20260918,789,120,6152,4717,76.6742522756827
cattrs,24.1.0,743,20260918,789,120,6152,4299,69.87971391417425
cattrs,24.1.0,744,20260918,789,120,6152,4411,71.7002600780234
cattrs,24.1.0,745,20260918,789,120,6152,4790,77.86085825747725
cattrs,24.1.0,746,20260918,789,120,6152,5033,81.8107932379714
cattrs,24.1.0,747,20260918,789,120,6152,5128,83.35500650195058
cattrs,24.1.0,748,20260918,789,120,6152,4715,76.64174252275683
cattrs,24.1.0,749,20260918,789,120,6152,4648,75.55266579973993
cattrs,24.1.0,750,20260918,789,120,6152,4806,78.12093628088427
cattrs,24.1.0,751,20260918,789,120,6152,5142,83.58257477243173
cattrs,24.1.0,752,20260918,789,120,6152,4491,73.00065019505851
cattrs,24.1.0,753,20260918,789,120,6152,4818,78.31599479843953
cattrs,24.1.0,754,20260918,789,120,6152,4683,76.12158647594278
cattrs,24.1.0,755,20260918,789,120,6152,4771,77.5520156046814
cattrs,24.1.0,756,20260918,789,120,6152,5058,82.21716514954487
cattrs,24.1.0,757,20260918,789,120,6152,4889,79.47009102730819
cattrs,24.1.0,758,20260918,789,120,6152,5009,81.42067620286086
cattrs,24.1.0,759,20260918,789,120,6152,4748,77.1781534460338
cattrs,24.1.0,760,20260918,789,120,6152,4273,69.45708712613784
cattrs,24.1.0,761,20260918,789,120,6152,4662,75.78023407022107
cattrs,24.1.0,762,20260918,789,120,6152,4930,80.13654096228869
cattrs,24.1.0,763,20260918,789,120,6152,4907,79.7626788036411
cattrs,24.1.0,764,20260918,789,120,6152,4575,74.36605981794538
cattrs,24.1.0,765,20260918,789,120,6152,5026,81.69700910273082
cattrs,24.1.0,766,20260918,789,120,6152,4592,74.64239271781534
cattrs,24.1.0,767,20260918,789,120,6152,4687,76.18660598179454
cattrs,24.1.0,768,20260918,789,120,6152,4697,76.34915474642392
cattrs,24.1.0,769,20260918,789,120,6152,4793,77.90962288686606
cattrs,24.1.0,770,20260918,789,120,6152,4509,73.29323797139142
cattrs,24.1.0,771,20260918,789,120,6152,4676,76.00780234070221
cattrs,24.1.0,772,20260918,789,120,6152,4766,77.47074122236671
cattrs,24.1.0,773,20260918,789,120,6152,5040,81.92457737321196
cattrs,24.1.0,774,20260918,789,120,6152,4488,72.9518855656697
cattrs,24.1.0,775,20260918,789,120,6152,4485,72.90312093628089
cattrs,24.1.0,776,20260918,789,120,6152,4756,77.30819245773732
cattrs,24.1.0,777,20260918,789,120,6152,5098,82.86736020806242
cattrs,24.1.0,778,20260918,789,120,6152,4765,77.45448634590377
cattrs,24.1.0,779,20260918,789,120,6152,4338,70.51365409622886
cattrs,24.1.0,780,20260918,789,120,6152,5146,83.64759427828349
cattrs,24.1.0,781,20260918,789,120,6152,4760,77.37321196358907
cattrs,24.1.0,782,20260918,789,120,6152,4706,76.49544863459037
cattrs,24.1.0,783,20260918,789,120,6152,5151,83.72886866059818
cattrs,24.1.0,784,20260918,789,120,6152,4754,77.27568270481144
cattrs,24.1.0,785,20260918,789,120,6152,4705,76.47919375812744
cattrs,24.1.0,786,20260918,789,120,6152,4936,80.23407022106632
cattrs,24.1.0,787,20260918,789,120,6152,4797,77.97464239271781
cattrs,24.1.0,788,20260918,789,120,6152,5164,83.94018205461639
cattrs,24.1.0,789,20260918,789,120,6152,4817,78.2997399219766
cattrs,24.1.0,790,20260918,789,120,6152,4719,76.70676202860858
cattrs,24.1.0,791,20260918,789,120,6152,4393,71.40767230169051
cattrs,24.1.0,792,20260918,789,120,6152,4941,80.31534460338102
cattrs,24.1.0,793,20260918,789,120,6152,4960,80.62418725617685
cattrs,24.1.0,794,20260918,789,120,6152,4948,80.42912873862159
cattrs,24.1.0,795,20260918,789,120,6152,4607,74.88621586475942
cattrs,24.1.0,796,20260918,789,120,6152,4797,77.97464239271781
cattrs,24.1.0,797,20260918,789,120,6152,4888,79.45383615084525
cattrs,24.1.0,798,20260918,789,120,6152,4750,77.2106631989597
cattrs,24.1.0,799,20260918,789,120,6152,4767,77.48699609882965
cattrs,24.1.0,800,20260918,789,120,6152,5079,82.55851755526658
cattrs,24.1.0,801,20260918,789,120,6152,3988,64.82444733420026
cattrs,24.1.0,802,20260918,789,120,6152,4979,80.93302990897269
cattrs,24.1.0,803,20260918,789,120,6152,4664,75.81274382314695
cattrs,24.1.0,804,20260918,789,120,6152,4793,77.90962288686606
cattrs,24.1.0,805,20260918,789,120,6152,4936,80.23407022106632
cattrs,24.1.0,806,20260918,789,120,6152,4659,75.73146944083226
cattrs,24.1.0,807,20260918,789,120,6152,4641,75.43888166449935
cattrs,24.1.0,808,20260918,789,120,6152,4761,77.38946684005201
cattrs,24.1.0,809,20260918,789,120,6152,5118,83.19245773732119
cattrs,24.1.0,810,20260918,789,120,6152,4925,80.05526657997399
cattrs,24.1.0,811,20260918,789,120,6152,4968,80.75422626788037
cattrs,24.1.0,812,20260918,789,120,6152,4877,79.27503250975293
cattrs,24.1.0,813,20260918,789,120,6152,5037,81.87581274382315
cattrs,24.1.0,814,20260918,789,120,6152,4865,79.07997399219767
cattrs,24.1.0,815,20260918,789,120,6152,4732,76.91807542262679
cattrs,24.1.0,816,20260918,789,120,6152,4928,80.1040312093628
cattrs,24.1.0,817,20260918,789,120,6152,4744,77.11313394018205
cattrs,24.1.0,818,20260918,789,120,6152,4901,79.66514954486345
cattrs,24.1.0,819,20260918,789,120,6152,4482,72.85435630689207
cattrs,24.1.0,820,20260918,789,120,6152,4805,78.10468140442133
cattrs,24.1.0,821,20260918,789,120,6152,4440,72.17165149544863
cattrs,24.1.0,822,20260918,789,120,6152,4746,77.14564369310793
cattrs,24.1.0,823,20260918,789,120,6152,4683,76.12158647594278
cattrs,24.1.0,824,20260918,789,120,6152,4859,78.98244473342002
cattrs,24.1.0,825,20260918,789,120,6152,4856,78.93368010403121
cattrs,24.1.0,826,20260918,789,120,6152,4527,73.58582574772431
cattrs,24.1.0,827,20260918,789,120,6152,4759,77.35695708712613
cattrs,24.1.0,828,20260918,789,120,6152,4555,74.0409622886866
cattrs,24.1.0,829,20260918,789,120,6152,4865,79.07997399219767
cattrs,24.1.0,830,20260918,789,120,6152,4838,78.6410923276983
cattrs,24.1.0,831,20260918,789,120,6152,4892,79.51885565669701
cattrs,24.1.0,832,20260918,789,120,6152,4617,75.04876462938881
cattrs,24.1.0,833,20260918,789,120,6152,4596,74.7074122236671
cattrs,24.1.0,834,20260918,789,120,6152,4874,79.2262678803641
cattrs,24.1.0,835,20260918,789,120,6152,4735,76.9668400520156
cattrs,24.1.0,836,20260918,789,120,6152,4723,76.77178153446035
cattrs,24.1.0,837,20260918,789,120,6152,4897,79.6001300390117
cattrs,24.1.0,838,20260918,789,120,6152,4708,76.52795838751625
cattrs,24.1.0,839,20260918,789,120,6152,5306,86.2483745123537
cattrs,24.1.0,840,20260918,789,120,6152,4828,78.47854356306892
cattrs,24.1.0,841,20260918,789,120,6152,5021,81.61573472041613
cattrs,24.1.0,842,20260918,789,120,6152,5004,81.33940182054616
cattrs,24.1.0,843,20260918,789,120,6152,4857,78.94993498049415
cattrs,24.1.0,844,20260918,789,120,6152,4403,71.5702210663199
cattrs,24.1.0,845,20260918,789,120,6152,4765,77.45448634590377
cattrs,24.1.0,846,20260918,789,120,6152,4397,71.47269180754226
cattrs,24.1.0,847,20260918,789,120,6152,4769,77.51950585175553
cattrs,24.1.0,848,20260918,789,120,6152,4865,79.07997399219767
cattrs,24.1.0,849,20260918,789,120,6152,4729,76.86931079323797
cattrs,24.1.0,850,20260918,789,120,6152,4615,75.01625487646294
cattrs,24.1.0,851,20260918,789,120,6152,5070,82.41222366710014
cattrs,24.1.0,852,20260918,789,120,6152,4882,79.35630689206762
cattrs,24.1.0,853,20260918,789,120,6152,4495,73.06566970091028
cattrs,24.1.0,854,20260918,789,120,6152,4755,77.29193758127438
cattrs,24.1.0,855,20260918,789,120,6152,4805,78.10468140442133
cattrs,24.1.0,856,20260918,789,120,6152,4889,79.47009102730819
cattrs,24.1.0,857,20260918,789,120,6152,4658,75.7152145643693
cattrs,24.1.0,858,20260918,789,120,6152,4683,76.12158647594278
cattrs,24.1.0,859,20260918,789,120,6152,4871,79.17750325097529
cattrs,24.1.0,860,20260918,789,120,6152,4469,72.64304291287387
cattrs,24.1.0,861,20260918,789,120,6152,4645,75.5039011703511
cattrs,24.1.0,862,20260918,789,120,6152,4483,72.87061118335501
cattrs,24.1.0,863,20260918,789,120,6152,4770,77.53576072821846
cattrs,24.1.0,864,20260918,789,120,6152,4903,79.69765929778934
cattrs,24.1.0,865,20260918,789,120,6152,4927,80.08777633289986
cattrs,24.1.0,866,20260918,789,120,6152,4898,79.61638491547464
cattrs,24.1.0,867,20260918,789,120,6152,4519,73.45578673602081
cattrs,24.1.0,868,20260918,789,120,6152,4506,73.2444733420026
cattrs,24.1.0,869,20260918,789,120,6152,4599,74.75617685305592
cattrs,24.1.0,870,20260918,789,120,6152,4844,78.73862158647594
cattrs,24.1.0,871,20260918,789,120,6152,4890,79.48634590377114
cattrs,24.1.0,872,20260918,789,120,6152,4827,78.46228868660599
cattrs,24.1.0,873,20260918,789,120,6152,4328,70.35110533159948
cattrs,24.1.0,874,20260918,789,120,6152,4866,79.0962288686606
cattrs,24.1.0,875,20260918,789,120,6152,4816,78.28348504551366
cattrs,24.1.0,876,20260918,789,120,6152,4323,70.26983094928478
cattrs,24.1.0,877,20260918,789,120,6152,4430,72.00910273081925
cattrs,24.1.0,878,20260918,789,120,6152,4879,79.30754226267881
cattrs,24.1.0,879,20260918,789,120,6152,4395,71.44018205461639
cattrs,24.1.0,880,20260918,789,120,6152,4970,80.78673602080625
cattrs,24.1.0,881,20260918,789,120,6152,5046,82.0221066319896
cattrs,24.1.0,882,20260918,789,120,6152,4737,76.99934980494149
cattrs,24.1.0,883,20260918,789,120,6152,4709,76.54421326397919
cattrs,24.1.0,884,20260918,789,120,6152,4689,76.21911573472042
cattrs,24.1.0,885,20260918,789,120,6152,4906,79.74642392717816
cattrs,24.1.0,886,20260918,789,120,6152,4683,76.12158647594278
cattrs,24.1.0,887,20260918,789,120,6152,4993,81.16059817945384
cattrs,24.1.0,888,20260918,789,120,6152,4867,79.11248374512354
cattrs,24.1.0,889,20260918,789,120,6152,4846,78.77113133940182
cattrs,24.1.0,890,20260918,789,120,6152,4590,74.60988296488947
cattrs,24.1.0,891,20260918,789,120,6152,4985,81.03055916775033
cattrs,24.1.0,892,20260918,789,120,6152,4821,78.36475942782835
cattrs,24.1.0,893,20260918,789,120,6152,4609,74.91872561768531
cattrs,24.1.0,894,20260918,789,120,6152,4594,74.67490247074122
cattrs,24.1.0,895,20260918,789,120,6152,4745,77.12938881664499
cattrs,24.1.0,896,20260918,789,120,6152,4651,75.60143042912874
cattrs,24.1.0,897,20260918,789,120,6152,4444,72.2366710013004
cattrs,24.1.0,898,20260918,789,120,6152,4783,77.74707412223667
cattrs,24.1.0,899,20260918,789,120,6152,4789,77.84460338101431
cattrs,24.1.0,900,20260918,789,120,6152,4815,78.26723016905072
cattrs,24.1.0,901,20260918,789,120,6152,4482,72.85435630689207
cattrs,24.1.0,902,20260918,789,120,6152,4635,75.34135240572172
cattrs,24.1.0,903,20260918,789,120,6152,4981,80.96553966189857
cattrs,24.1.0,904,20260918,789,120,6152,4866,79.0962288686606
cattrs,24.1.0,905,20260918,789,120,6152,4644,75.48764629388816
cattrs,24.1.0,906,20260918,789,120,6152,4975,80.86801040312093
cattrs,24.1.0,907,20260918,789,120,6152,4748,77.1781534460338
cattrs,24.1.0,908,20260918,789,120,6152,4783,77.74707412223667
cattrs,24.1.0,909,20260918,789,120,6152,4550,73.95968790637191
cattrs,24.1.0,910,20260918,789,120,6152,4768,77.50325097529259
cattrs,24.1.0,911,20260918,789,120,6152,4756,77.30819245773732
cattrs,24.1.0,912,20260918,789,120,6152,5173,84.08647594278284
cattrs,24.1.0,913,20260918,789,120,6152,4731,76.90182054616385
cattrs,24.1.0,914,20260918,789,120,6152,4751,77.22691807542263
cattrs,24.1.0,915,20260918,789,120,6152,4978,80.91677503250975
cattrs,24.1.0,916,20260918,789,120,6152,4619,75.08127438231469
cattrs,24.1.0,917,20260918,789,120,6152,4789,77.84460338101431
cattrs,24.1.0,918,20260918,789,120,6152,4676,76.00780234070221
cattrs,24.1.0,919,20260918,789,120,6152,4961,80.64044213263979
cattrs,24.1.0,920,20260918,789,120,6152,4915,79.8927178153446
cattrs,24.1.0,921,20260918,789,120,6152,4521,73.48829648894669
cattrs,24.1.0,922,20260918,789,120,6152,4940,80.29908972691807
cattrs,24.1.0,923,20260918,789,120,6152,4830,78.5110533159948
cattrs,24.1.0,924,20260918,789,120,6152,4901,79.66514954486345
cattrs,24.1.0,925,20260918,789,120,6152,4460,72.49674902470741
cattrs,24.1.0,926,20260918,789,120,6152,4743,77.09687906371911
cattrs,24.1.0,927,20260918,789,120,6152,5054,82.1521456436931
cattrs,24.1.0,928,20260918,789,120,6152,4998,81.24187256176853
cattrs,24.1.0,929,20260918,789,120,6152,4735,76.9668400520156
cattrs,24.1.0,930,20260918,789,120,6152,4914,79.87646293888166
cattrs,24.1.0,931,20260918,789,120,6152,4902,79.68140442132639
cattrs,24.1.0,932,20260918,789,120,6152,4546,73.89466840052016
cattrs,24.1.0,933,20260918,789,120,6152,4366,70.96879063719116
cattrs,24.1.0,934,20260918,789,120,6152,4695,76.31664499349804
cattrs,24.1.0,935,20260918,789,120,6152,4903,79.69765929778934
cattrs,24.1.0,936,20260918,789,120,6152,4743,77.09687906371911
cattrs,24.1.0,937,20260918,789,120,6152,4854,78.90117035110534
cattrs,24.1.0,938,20260918,789,120,6152,5078,82.54226267880364
cattrs,24.1.0,939,20260918,789,120,6152,4751,77.22691807542263
cattrs,24.1.0,940,20260918,789,120,6152,4791,77.87711313394018
cattrs,24.1.0,941,20260918,789,120,6152,4320,70.22106631989597
cattrs,24.1.0,942,20260918,789,120,6152,4306,69.99349804941482
cattrs,24.1.0,943,20260918,789,120,6152,4794,77.925877763329
cattrs,24.1.0,944,20260918,789,120,6152,4875,79.24252275682704
cattrs,24.1.0,945,20260918,789,120,6152,4774,77.60078023407021
cattrs,24.1.0,946,20260918,789,120,6152,4612,74.96749024707412
cattrs,24.1.0,947,20260918,789,120,6152,4755,77.29193758127438
cattrs,24.1.0,948,20260918,789,120,6152,4892,79.51885565669701
cattrs,24.1.0,949,20260918,789,120,6152,4451,72.35045513654096
cattrs,24.1.0,950,20260918,789,120,6152,4874,79.2262678803641
cattrs,24.1.0,951,20260918,789,120,6152,4486,72.91937581274382
cattrs,24.1.0,952,20260918,789,120,6152,4822,78.38101430429128
cattrs,24.1.0,953,20260918,789,120,6152,4877,79.27503250975293
cattrs,24.1.0,954,20260918,789,120,6152,4614,75.0
cattrs,24.1.0,955,20260918,789,120,6152,4701,76.41417425227569
cattrs,24.1.0,956,20260918,789,120,6152,4696,76.33289986996098
cattrs,24.1.0,957,20260918,789,120,6152,4609,74.91872561768531
cattrs,24.1.0,958,20260918,789,120,6152,4653,75.63394018205462
cattrs,24.1.0,959,20260918,789,120,6152,4639,75.40637191157347
cattrs,24.1.0,960,20260918,789,120,6152,4850,78.83615084525357
cattrs,24.1.0,961,20260918,789,120,6152,4800,78.02340702210664
cattrs,24.1.0,962,20260918,789,120,6152,4874,79.2262678803641
cattrs,24.1.0,963,20260918,789,120,6152,4549,73.94343302990897
cattrs,24.1.0,964,20260918,789,120,6152,4896,79.58387516254876
cattrs,24.1.0,965,20260918,789,120,6152,4890,79.48634590377114
cattrs,24.1.0,966,20260918,789,120,6152,4625,75.17880364109233
cattrs,24.1.0,967,20260918,789,120,6152,5167,83.9889466840052
cattrs,24.1.0,968,20260918,789,120,6152,4571,74.30104031209363
cattrs,24.1.0,969,20260918,789,120,6152,4890,79.48634590377114
cattrs,24.1.0,970,20260918,789,120,6152,4768,77.50325097529259
cattrs,24.1.0,971,20260918,789,120,6152,4692,76.26788036410923
cattrs,24.1.0,972,20260918,789,120,6152,4733,76.93433029908972
cattrs,24.1.0,973,20260918,789,120,6152,4812,78.21846553966189
cattrs,24.1.0,974,20260918,789,120,6152,4577,74.39856957087126
cattrs,24.1.0,975,20260918,789,120,6152,5042,81.95708712613784
cattrs,24.1.0,976,20260918,789,120,6152,4472,72.69180754226268
cattrs,24.1.0,977,20260918,789,120,6152,5004,81.33940182054616
cattrs,24.1.0,978,20260918,789,120,6152,4755,77.29193758127438
cattrs,24.1.0,979,20260918,789,120,6152,4826,78.44603381014305
cattrs,24.1.0,980,20260918,789,120,6152,4846,78.77113133940182
cattrs,24.1.0,981,20260918,789,120,6152,4913,79.86020806241872
cattrs,24.1.0,982,20260918,789,120,6152,4806,78.12093628088427
cattrs,24.1.0,983,20260918,789,120,6152,4764,77.43823146944084
cattrs,24.1.0,984,20260918,789,120,6152,4853,78.8849154746424
cattrs,24.1.0,985,20260918,789,120,6152,4807,78.1371911573472
cattrs,24.1.0,986,20260918,789,120,6152,4953,80.51040312093627
cattrs,24.1.0,987,20260918,789,120,6152,4784,77.7633289986996
cattrs,24.1.0,988,20260918,789,120,6152,4357,70.82249674902471
cattrs,24.1.0,989,20260918,789,120,6152,4843,78.722366710013
cattrs,24.1.0,990,20260918,789,120,6152,4809,78.16970091027308
cattrs,24.1.0,991,20260918,789,120,6152,4906,79.74642392717816
cattrs,24.1.0,992,20260918,789,120,6152,5042,81.95708712613784
cattrs,24.1.0,993,20260918,789,120,6152,4957,80.57542262678804
cattrs,24.1.0,994,20260918,789,120,6152,4784,77.7633289986996
cattrs,24.1.0,995,20260918,789,120,6152,4731,76.90182054616385
cattrs,24.1.0,996,20260918,789,120,6152,4764,77.43823146944084
cattrs,24.1.0,997,20260918,789,120,6152,4750,77.2106631989597
cattrs,24.1.0,998,20260918,789,120,6152,4919,79.95773732119636
cattrs,24.1.0,999,20260918,789,120,6152,4740,77.0481144343303
cattrs,24.1.0,1000,20260918,789,120,6152,4866,79.0962288686606
cattrs,25.3.0,1,20260919,937,135,6504,5320,81.79581795817958
cattrs,25.3.0,2,20260919,937,135,6504,4920,75.64575645756457
cattrs,25.3.0,3,20260919,937,135,6504,5214,80.1660516605166
cattrs,25.3.0,4,20260919,937,135,6504,4972,76.44526445264452
cattrs,25.3.0,5,20260919,937,135,6504,5293,81.38068880688807
cattrs,25.3.0,6,20260919,937,135,6504,4570,70.26445264452644
cattrs,25.3.0,7,20260919,937,135,6504,4894,75.2460024600246
cattrs,25.3.0,8,20260919,937,135,6504,5199,79.93542435424354
cattrs,25.3.0,9,20260919,937,135,6504,4546,69.89544895448954
cattrs,25.3.0,10,20260919,937,135,6504,5128,78.84378843788438
cattrs,25.3.0,11,20260919,937,135,6504,4956,76.19926199261992
cattrs,25.3.0,12,20260919,937,135,6504,4925,75.72263222632226
cattrs,25.3.0,13,20260919,937,135,6504,5047,77.59840098400984
cattrs,25.3.0,14,20260919,937,135,6504,4931,75.81488314883148
cattrs,25.3.0,15,20260919,937,135,6504,5054,77.7060270602706
cattrs,25.3.0,16,20260919,937,135,6504,5288,81.30381303813039
cattrs,25.3.0,17,20260919,937,135,6504,4984,76.62976629766298
cattrs,25.3.0,18,20260919,937,135,6504,5060,77.79827798277982
cattrs,25.3.0,19,20260919,937,135,6504,5023,77.22939729397294
cattrs,25.3.0,20,20260919,937,135,6504,4898,75.30750307503075
cattrs,25.3.0,21,20260919,937,135,6504,5277,81.13468634686348
cattrs,25.3.0,22,20260919,937,135,6504,5169,79.47416974169742
cattrs,25.3.0,23,20260919,937,135,6504,5249,80.70418204182042
cattrs,25.3.0,24,20260919,937,135,6504,5169,79.47416974169742
cattrs,25.3.0,25,20260919,937,135,6504,5441,83.65621156211562
cattrs,25.3.0,26,20260919,937,135,6504,5104,78.47478474784748
cattrs,25.3.0,27,20260919,937,135,6504,4674,71.86346863468634
cattrs,25.3.0,28,20260919,937,135,6504,4831,74.27736777367774
cattrs,25.3.0,29,20260919,937,135,6504,4931,75.81488314883148
cattrs,25.3.0,30,20260919,937,135,6504,5220,80.25830258302582
cattrs,25.3.0,31,20260919,937,135,6504,5213,80.15067650676507
cattrs,25.3.0,32,20260919,937,135,6504,5108,78.53628536285363
cattrs,25.3.0,33,20260919,937,135,6504,5011,77.04489544895449
cattrs,25.3.0,34,20260919,937,135,6504,5106,78.50553505535055
cattrs,25.3.0,35,20260919,937,135,6504,4955,76.18388683886839
cattrs,25.3.0,36,20260919,937,135,6504,5142,79.0590405904059
cattrs,25.3.0,37,20260919,937,135,6504,4978,76.53751537515375
cattrs,25.3.0,38,20260919,937,135,6504,4977,76.52214022140221
cattrs,25.3.0,39,20260919,937,135,6504,4980,76.56826568265683
cattrs,25.3.0,40,20260919,937,135,6504,5299,81.4729397293973
cattrs,25.3.0,41,20260919,937,135,6504,5168,79.45879458794587
cattrs,25.3.0,42,20260919,937,135,6504,5069,77.93665436654366
cattrs,25.3.0,43,20260919,937,135,6504,4477,68.83456334563346
cattrs,25.3.0,44,20260919,937,135,6504,5191,79.81242312423124
cattrs,25.3.0,45,20260919,937,135,6504,4711,72.43234932349324
cattrs,25.3.0,46,20260919,937,135,6504,4825,74.18511685116852
cattrs,25.3.0,47,20260919,937,135,6504,5411,83.1949569495695
cattrs,25.3.0,48,20260919,937,135,6504,5247,80.67343173431735
cattrs,25.3.0,49,20260919,937,135,6504,5129,78.85916359163592
cattrs,25.3.0,50,20260919,937,135,6504,5263,80.91943419434195
cattrs,25.3.0,51,20260919,937,135,6504,4935,75.87638376383764
cattrs,25.3.0,52,20260919,937,135,6504,4889,75.16912669126691
cattrs,25.3.0,53,20260919,937,135,6504,5282,81.21156211562116
cattrs,25.3.0,54,20260919,937,135,6504,5276,81.11931119311193
cattrs,25.3.0,55,20260919,937,135,6504,5421,83.34870848708488
cattrs,25.3.0,56,20260919,937,135,6504,5065,77.87515375153751
cattrs,25.3.0,57,20260919,937,135,6504,4966,76.3530135301353
cattrs,25.3.0,58,20260919,937,135,6504,5230,80.4120541205412
cattrs,25.3.0,59,20260919,937,135,6504,4968,76.38376383763837
cattrs,25.3.0,60,20260919,937,135,6504,5078,78.0750307503075
cattrs,25.3.0,61,20260919,937,135,6504,5134,78.93603936039361
cattrs,25.3.0,62,20260919,937,135,6504,4479,68.86531365313652
cattrs,25.3.0,63,20260919,937,135,6504,5020,77.18327183271833
cattrs,25.3.0,64,20260919,937,135,6504,4983,76.61439114391143
cattrs,25.3.0,65,20260919,937,135,6504,5243,80.6119311193112
cattrs,25.3.0,66,20260919,937,135,6504,5262,80.90405904059041
cattrs,25.3.0,67,20260919,937,135,6504,5016,77.12177121771218
cattrs,25.3.0,68,20260919,937,135,6504,5076,78.04428044280442
cattrs,25.3.0,69,20260919,937,135,6504,5300,81.48831488314883
cattrs,25.3.0,70,20260919,937,135,6504,4979,76.5528905289053
cattrs,25.3.0,71,20260919,937,135,6504,5039,77.47539975399754
cattrs,25.3.0,72,20260919,937,135,6504,5235,80.48892988929889
cattrs,25.3.0,73,20260919,937,135,6504,5083,78.1519065190652
cattrs,25.3.0,74,20260919,937,135,6504,4731,72.73985239852398
cattrs,25.3.0,75,20260919,937,135,6504,5068,77.92127921279213
cattrs,25.3.0,76,20260919,937,135,6504,5195,79.8739237392374
cattrs,25.3.0,77,20260919,937,135,6504,5117,78.67466174661746
cattrs,25.3.0,78,20260919,937,135,6504,4969,76.39913899138992
cattrs,25.3.0,79,20260919,937,135,6504,5026,77.27552275522756
cattrs,25.3.0,80,20260919,937,135,6504,4826,74.20049200492005
cattrs,25.3.0,81,20260919,937,135,6504,5007,76.98339483394834
cattrs,25.3.0,82,20260919,937,135,6504,5245,80.64268142681426
cattrs,25.3.0,83,20260919,937,135,6504,5223,80.30442804428044
cattrs,25.3.0,84,20260919,937,135,6504,5161,79.35116851168512
cattrs,25.3.0,85,20260919,937,135,6504,5074,78.01353013530135
cattrs,25.3.0,86,20260919,937,135,6504,4918,75.6150061500615
cattrs,25.3.0,87,20260919,937,135,6504,5126,78.8130381303813
cattrs,25.3.0,88,20260919,937,135,6504,5135,78.95141451414514
cattrs,25.3.0,89,20260919,937,135,6504,4351,66.89729397293974
cattrs,25.3.0,90,20260919,937,135,6504,5278,81.15006150061501
cattrs,25.3.0,91,20260919,937,135,6504,5102,78.44403444034441
cattrs,25.3.0,92,20260919,937,135,6504,5229,80.39667896678966
cattrs,25.3.0,93,20260919,937,135,6504,4981,76.58364083640836
cattrs,25.3.0,94,20260919,937,135,6504,4860,74.72324723247233
cattrs,25.3.0,95,20260919,937,135,6504,5115,78.64391143911439
cattrs,25.3.0,96,20260919,937,135,6504,5100,78.41328413284133
cattrs,25.3.0,97,20260919,937,135,6504,4875,74.95387453874538
cattrs,25.3.0,98,20260919,937,135,6504,4989,76.70664206642067
cattrs,25.3.0,99,20260919,937,135,6504,4975,76.49138991389914
cattrs,25.3.0,100,20260919,937,135,6504,4937,75.9071340713407
cattrs,25.3.0,101,20260919,937,135,6504,4920,75.64575645756457
cattrs,25.3.0,102,20260919,937,135,6504,5313,81.68819188191883
cattrs,25.3.0,103,20260919,937,135,6504,4819,74.0928659286593
cattrs,25.3.0,104,20260919,937,135,6504,5178,79.61254612546125
cattrs,25.3.0,105,20260919,937,135,6504,5016,77.12177121771218
cattrs,25.3.0,106,20260919,937,135,6504,4929,75.78413284132841
cattrs,25.3.0,107,20260919,937,135,6504,5020,77.18327183271833
cattrs,25.3.0,108,20260919,937,135,6504,4752,73.06273062730628
cattrs,25.3.0,109,20260919,937,135,6504,5195,79.8739237392374
cattrs,25.3.0,110,20260919,937,135,6504,5169,79.47416974169742
cattrs,25.3.0,111,20260919,937,135,6504,5280,81.18081180811808
cattrs,25.3.0,112,20260919,937,135,6504,4981,76.58364083640836
cattrs,25.3.0,113,20260919,937,135,6504,5142,79.0590405904059
cattrs,25.3.0,114,20260919,937,135,6504,4947,76.06088560885608
cattrs,25.3.0,115,20260919,937,135,6504,4954,76.16851168511685
cattrs,25.3.0,116,20260919,937,135,6504,5040,77.49077490774907
cattrs,25.3.0,117,20260919,937,135,6504,5015,77.10639606396064
cattrs,25.3.0,118,20260919,937,135,6504,5154,79.24354243542436
cattrs,25.3.0,119,20260919,937,135,6504,5039,77.47539975399754
cattrs,25.3.0,120,20260919,937,135,6504,5130,78.87453874538745
cattrs,25.3.0,121,20260919,937,135,6504,5282,81.21156211562116
cattrs,25.3.0,122,20260919,937,135,6504,4690,72.10947109471094
cattrs,25.3.0,123,20260919,937,135,6504,5158,79.3050430504305
cattrs,25.3.0,124,20260919,937,135,6504,4916,75.58425584255842
cattrs,25.3.0,125,20260919,937,135,6504,4897,75.29212792127922
cattrs,25.3.0,126,20260919,937,135,6504,5007,76.98339483394834
cattrs,25.3.0,127,20260919,937,135,6504,5088,78.22878228782288
cattrs,25.3.0,128,20260919,937,135,6504,4736,72.81672816728167
cattrs,25.3.0,129,20260919,937,135,6504,5393,82.91820418204182
cattrs,25.3.0,130,20260919,937,135,6504,4955,76.18388683886839
cattrs,25.3.0,131,20260919,937,135,6504,4908,75.46125461254613
cattrs,25.3.0,132,20260919,937,135,6504,5116,78.65928659286593
cattrs,25.3.0,133,20260919,937,135,6504,4914,75.55350553505535
cattrs,25.3.0,134,20260919,937,135,6504,4941,75.96863468634686
cattrs,25.3.0,135,20260919,937,135,6504,4558,70.079950799508
cattrs,25.3.0,136,20260919,937,135,6504,5260,80.87330873308733
cattrs,25.3.0,137,20260919,937,135,6504,4970,76.41451414514145
cattrs,25.3.0,138,20260919,937,135,6504,5174,79.55104551045511
cattrs,25.3.0,139,20260919,937,135,6504,4788,73.61623616236163
cattrs,25.3.0,140,20260919,937,135,6504,4989,76.70664206642067
cattrs,25.3.0,141,20260919,937,135,6504,4734,72.7859778597786
cattrs,25.3.0,142,20260919,937,135,6504,5051,77.659901599016
cattrs,25.3.0,143,20260919,937,135,6504,5347,82.21094710947109
cattrs,25.3.0,144,20260919,937,135,6504,5280,81.18081180811808
cattrs,25.3.0,145,20260919,937,135,6504,4920,75.64575645756457
cattrs,25.3.0,146,20260919,937,135,6504,5070,77.9520295202952
cattrs,25.3.0,147,20260919,937,135,6504,5184,79.70479704797047
cattrs,25.3.0,148,20260919,937,135,6504,4925,75.72263222632226
cattrs,25.3.0,149,20260919,937,135,6504,5056,77.73677736777368
cattrs,25.3.0,150,20260919,937,135,6504,4981,76.58364083640836
cattrs,25.3.0,151,20260919,937,135,6504,5088,78.22878228782288
cattrs,25.3.0,152,20260919,937,135,6504,4833,74.30811808118081
cattrs,25.3.0,153,20260919,937,135,6504,5006,76.9680196801968
cattrs,25.3.0,154,20260919,937,135,6504,5132,78.90528905289052
cattrs,25.3.0,155,20260919,937,135,6504,5250,80.71955719557195
cattrs,25.3.0,156,20260919,937,135,6504,5163,79.38191881918819
cattrs,25.3.0,157,20260919,937,135,6504,5089,78.24415744157442
cattrs,25.3.0,158,20260919,937,135,6504,5227,80.3659286592866
cattrs,25.3.0,159,20260919,937,135,6504,4772,73.37023370233702
cattrs,25.3.0,160,20260919,937,135,6504,5302,81.5190651906519
cattrs,25.3.0,161,20260919,937,135,6504,4899,75.32287822878229
cattrs,25.3.0,162,20260919,937,135,6504,5087,78.21340713407135
cattrs,25.3.0,163,20260919,937,135,6504,5164,79.39729397293974
cattrs,25.3.0,164,20260919,937,135,6504,4829,74.24661746617465
cattrs,25.3.0,165,20260919,937,135,6504,5152,79.21279212792128
cattrs,25.3.0,166,20260919,937,135,6504,5113,78.61316113161132
cattrs,25.3.0,167,20260919,937,135,6504,5008,76.99876998769987
cattrs,25.3.0,168,20260919,937,135,6504,5107,78.5209102091021
cattrs,25.3.0,169,20260919,937,135,6504,5073,77.99815498154982
cattrs,25.3.0,170,20260919,937,135,6504,5106,78.50553505535055
cattrs,25.3.0,171,20260919,937,135,6504,4855,74.64637146371464
cattrs,25.3.0,172,20260919,937,135,6504,5265,80.95018450184502
cattrs,25.3.0,173,20260919,937,135,6504,5022,77.2140221402214
cattrs,25.3.0,174,20260919,937,135,6504,5140,79.02829028290283
cattrs,25.3.0,175,20260919,937,135,6504,4516,69.43419434194342
cattrs,25.3.0,176,20260919,937,135,6504,4991,76.73739237392374
cattrs,25.3.0,177,20260919,937,135,6504,5038,77.460024600246
cattrs,25.3.0,178,20260919,937,135,6504,4847,74.52337023370234
cattrs,25.3.0,179,20260919,937,135,6504,5185,79.72017220172202
cattrs,25.3.0,180,20260919,937,135,6504,5154,79.24354243542436
cattrs,25.3.0,181,20260919,937,135,6504,4892,75.21525215252153
cattrs,25.3.0,182,20260919,937,135,6504,4931,75.81488314883148
cattrs,25.3.0,183,20260919,937,135,6504,5100,78.41328413284133
cattrs,25.3.0,184,20260919,937,135,6504,4729,72.70910209102091
cattrs,25.3.0,185,20260919,937,135,6504,5191,79.81242312423124
cattrs,25.3.0,186,20260919,937,135,6504,5104,78.47478474784748
cattrs,25.3.0,187,20260919,937,135,6504,5109,78.55166051660517
cattrs,25.3.0,188,20260919,937,135,6504,5445,83.71771217712177
cattrs,25.3.0,189,20260919,937,135,6504,5144,79.08979089790898
cattrs,25.3.0,190,20260919,937,135,6504,5115,78.64391143911439
cattrs,25.3.0,191,20260919,937,135,6504,4855,74.64637146371464
cattrs,25.3.0,192,20260919,937,135,6504,5321,81.81119311193112
cattrs,25.3.0,193,20260919,937,135,6504,4591,70.58733087330873
cattrs,25.3.0,194,20260919,937,135,6504,5058,77.76752767527675
cattrs,25.3.0,195,20260919,937,135,6504,5171,79.50492004920049
cattrs,25.3.0,196,20260919,937,135,6504,5220,80.25830258302582
cattrs,25.3.0,197,20260919,937,135,6504,4785,73.57011070110701
cattrs,25.3.0,198,20260919,937,135,6504,4932,75.83025830258302
cattrs,25.3.0,199,20260919,937,135,6504,4996,76.81426814268143
cattrs,25.3.0,200,20260919,937,135,6504,5187,79.75092250922509
cattrs,25.3.0,201,20260919,937,135,6504,4901,75.35362853628536
cattrs,25.3.0,202,20260919,937,135,6504,5203,79.99692496924969
cattrs,25.3.0,203,20260919,937,135,6504,5176,79.58179581795818
cattrs,25.3.0,204,20260919,937,135,6504,4915,75.56888068880689
cattrs,25.3.0,205,20260919,937,135,6504,5092,78.29028290282903
cattrs,25.3.0,206,20260919,937,135,6504,5380,82.71832718327184
cattrs,25.3.0,207,20260919,937,135,6504,5194,79.85854858548585
cattrs,25.3.0,208,20260919,937,135,6504,5125,78.79766297662977
cattrs,25.3.0,209,20260919,937,135,6504,4692,72.14022140221402
cattrs,25.3.0,210,20260919,937,135,6504,4936,75.89175891758917
cattrs,25.3.0,211,20260919,937,135,6504,5012,77.06027060270603
cattrs,25.3.0,212,20260919,937,135,6504,5017,77.13714637146371
cattrs,25.3.0,213,20260919,937,135,6504,5186,79.73554735547356
cattrs,25.3.0,214,20260919,937,135,6504,5080,78.10578105781057
cattrs,25.3.0,215,20260919,937,135,6504,5396,82.96432964329644
cattrs,25.3.0,216,20260919,937,135,6504,4906,75.43050430504304
cattrs,25.3.0,217,20260919,937,135,6504,4905,75.41512915129151
cattrs,25.3.0,218,20260919,937,135,6504,5056,77.73677736777368
cattrs,25.3.0,219,20260919,937,135,6504,4979,76.5528905289053
cattrs,25.3.0,220,20260919,937,135,6504,5156,79.27429274292743
cattrs,25.3.0,221,20260919,937,135,6504,5278,81.15006150061501
cattrs,25.3.0,222,20260919,937,135,6504,5140,79.02829028290283
cattrs,25.3.0,223,20260919,937,135,6504,5170,79.48954489544896
cattrs,25.3.0,224,20260919,937,135,6504,5324,81.85731857318574
cattrs,25.3.0,225,20260919,937,135,6504,4853,74.61562115621156
cattrs,25.3.0,226,20260919,937,135,6504,5133,78.92066420664207
cattrs,25.3.0,227,20260919,937,135,6504,4871,74.89237392373924
cattrs,25.3.0,228,20260919,937,135,6504,5130,78.87453874538745
cattrs,25.3.0,229,20260919,937,135,6504,5002,76.90651906519065
cattrs,25.3.0,230,20260919,937,135,6504,4877,74.98462484624847
cattrs,25.3.0,231,20260919,937,135,6504,5045,77.56765067650676
cattrs,25.3.0,232,20260919,937,135,6504,5175,79.56642066420665
cattrs,25.3.0,233,20260919,937,135,6504,5098,78.38253382533826
cattrs,25.3.0,234,20260919,937,135,6504,4984,76.62976629766298
cattrs,25.3.0,235,20260919,937,135,6504,4779,73.47785977859779
cattrs,25.3.0,236,20260919,937,135,6504,5060,77.79827798277982
cattrs,25.3.0,237,20260919,937,135,6504,4770,73.33948339483395
cattrs,25.3.0,238,20260919,937,135,6504,4815,74.03136531365314
cattrs,25.3.0,239,20260919,937,135,6504,4713,72.46309963099631
cattrs,25.3.0,240,20260919,937,135,6504,4938,75.92250922509226
cattrs,25.3.0,241,20260919,937,135,6504,5239,80.55043050430504
cattrs,25.3.0,242,20260919,937,135,6504,4847,74.52337023370234
cattrs,25.3.0,243,20260919,937,135,6504,5054,77.7060270602706
cattrs,25.3.0,244,20260919,937,135,6504,5226,80.35055350553506
cattrs,25.3.0,245,20260919,937,135,6504,4887,75.13837638376384
cattrs,25.3.0,246,20260919,937,135,6504,4779,73.47785977859779
cattrs,25.3.0,247,20260919,937,135,6504,5154,79.24354243542436
cattrs,25.3.0,248,20260919,937,135,6504,5157,79.28966789667896
cattrs,25.3.0,249,20260919,937,135,6504,5309,81.62669126691267
cattrs,25.3.0,250,20260919,937,135,6504,5003,76.92189421894219
cattrs,25.3.0,251,20260919,937,135,6504,4843,74.46186961869618
cattrs,25.3.0,252,20260919,937,135,6504,5235,80.48892988929889
cattrs,25.3.0,253,20260919,937,135,6504,5324,81.85731857318574
cattrs,25.3.0,254,20260919,937,135,6504,5072,77.98277982779828
cattrs,25.3.0,255,20260919,937,135,6504,5496,84.50184501845018
cattrs,25.3.0,256,20260919,937,135,6504,5134,78.93603936039361
cattrs,25.3.0,257,20260919,937,135,6504,5310,81.64206642066421
cattrs,25.3.0,258,20260919,937,135,6504,4812,73.98523985239852
cattrs,25.3.0,259,20260919,937,135,6504,5373,82.61070110701107
cattrs,25.3.0,260,20260919,937,135,6504,4914,75.55350553505535
cattrs,25.3.0,261,20260919,937,135,6504,5435,83.56396063960639
cattrs,25.3.0,262,20260919,937,135,6504,4874,74.93849938499385
cattrs,25.3.0,263,20260919,937,135,6504,5180,79.64329643296433
cattrs,25.3.0,264,20260919,937,135,6504,5273,81.07318573185732
cattrs,25.3.0,265,20260919,937,135,6504,5201,79.96617466174662
cattrs,25.3.0,266,20260919,937,135,6504,5113,78.61316113161132
cattrs,25.3.0,267,20260919,937,135,6504,5067,77.9059040590406
cattrs,25.3.0,268,20260919,937,135,6504,5045,77.56765067650676
cattrs,25.3.0,269,20260919,937,135,6504,5036,77.42927429274293
cattrs,25.3.0,270,20260919,937,135,6504,4862,74.7539975399754
cattrs,25.3.0,271,20260919,937,135,6504,5112,78.59778597785977
cattrs,25.3.0,272,20260919,937,135,6504,5199,79.93542435424354
cattrs,25.3.0,273,20260919,937,135,6504,5239,80.55043050430504
cattrs,25.3.0,274,20260919,937,135,6504,4989,76.70664206642067
cattrs,25.3.0,275,20260919,937,135,6504,5111,78.58241082410824
cattrs,25.3.0,276,20260919,937,135,6504,4851,74.58487084870849
cattrs,25.3.0,277,20260919,937,135,6504,5048,77.61377613776138
cattrs,25.3.0,278,20260919,937,135,6504,5148,79.15129151291512
cattrs,25.3.0,279,20260919,937,135,6504,4810,73.95448954489545
cattrs,25.3.0,280,20260919,937,135,6504,5252,80.75030750307504
cattrs,25.3.0,281,20260919,937,135,6504,5455,83.87146371463714
cattrs,25.3.0,282,20260919,937,135,6504,4872,74.90774907749078
cattrs,25.3.0,283,20260919,937,135,6504,4704,72.32472324723247
cattrs,25.3.0,284,20260919,937,135,6504,4805,73.87761377613776
cattrs,25.3.0,285,20260919,937,135,6504,5218,80.22755227552275
cattrs,25.3.0,286,20260919,937,135,6504,5043,77.53690036900369
cattrs,25.3.0,287,20260919,937,135,6504,5097,78.36715867158672
cattrs,25.3.0,288,20260919,937,135,6504,4852,74.60024600246003
cattrs,25.3.0,289,20260919,937,135,6504,5177,79.59717097170972
cattrs,25.3.0,290,20260919,937,135,6504,5260,80.87330873308733
cattrs,25.3.0,291,20260919,937,135,6504,5018,77.15252152521525
cattrs,25.3.0,292,20260919,937,135,6504,5149,79.16666666666667
cattrs,25.3.0,293,20260919,937,135,6504,4818,74.07749077490774
cattrs,25.3.0,294,20260919,937,135,6504,4926,75.7380073800738
cattrs,25.3.0,295,20260919,937,135,6504,5222,80.28905289052891
cattrs,25.3.0,296,20260919,937,135,6504,5394,82.93357933579335
cattrs,25.3.0,297,20260919,937,135,6504,5258,80.84255842558426
cattrs,25.3.0,298,20260919,937,135,6504,5300,81.48831488314883
cattrs,25.3.0,299,20260919,937,135,6504,4968,76.38376383763837
cattrs,25.3.0,300,20260919,937,135,6504,4881,75.04612546125462
cattrs,25.3.0,301,20260919,937,135,6504,4940,75.95325953259533
cattrs,25.3.0,302,20260919,937,135,6504,5224,80.31980319803198
cattrs,25.3.0,303,20260919,937,135,6504,4898,75.30750307503075
cattrs,25.3.0,304,20260919,937,135,6504,4771,73.35485854858548
cattrs,25.3.0,305,20260919,937,135,6504,5001,76.89114391143912
cattrs,25.3.0,306,20260919,937,135,6504,4953,76.15313653136532
cattrs,25.3.0,307,20260919,937,135,6504,4997,76.82964329643296
cattrs,25.3.0,308,20260919,937,135,6504,5039,77.47539975399754
cattrs,25.3.0,309,20260919,937,135,6504,5060,77.79827798277982
cattrs,25.3.0,310,20260919,937,135,6504,5028,77.30627306273063
cattrs,25.3.0,311,20260919,937,135,6504,5055,77.72140221402213
cattrs,25.3.0,312,20260919,937,135,6504,5380,82.71832718327184
cattrs,25.3.0,313,20260919,937,135,6504,5143,79.07441574415745
cattrs,25.3.0,314,20260919,937,135,6504,5114,78.62853628536286
cattrs,25.3.0,315,20260919,937,135,6504,5121,78.73616236162361
cattrs,25.3.0,316,20260919,937,135,6504,5019,77.16789667896678
cattrs,25.3.0,317,20260919,937,135,6504,4717,72.52460024600246
cattrs,25.3.0,318,20260919,937,135,6504,5242,80.59655596555966
cattrs,25.3.0,319,20260919,937,135,6504,4887,75.13837638376384
cattrs,25.3.0,320,20260919,937,135,6504,5024,77.24477244772447
cattrs,25.3.0,321,20260919,937,135,6504,4987,76.67589175891759
cattrs,25.3.0,322,20260919,937,135,6504,5055,77.72140221402213
cattrs,25.3.0,323,20260919,937,135,6504,5025,77.26014760147602
cattrs,25.3.0,324,20260919,937,135,6504,5056,77.73677736777368
cattrs,25.3.0,325,20260919,937,135,6504,5180,79.64329643296433
cattrs,25.3.0,326,20260919,937,135,6504,4848,74.53874538745387
cattrs,25.3.0,327,20260919,937,135,6504,5103,78.45940959409594
cattrs,25.3.0,328,20260919,937,135,6504,5165,79.41266912669127
cattrs,25.3.0,329,20260919,937,135,6504,5174,79.55104551045511
cattrs,25.3.0,330,20260919,937,135,6504,5172,79.52029520295203
cattrs,25.3.0,331,20260919,937,135,6504,5066,77.89052890528906
cattrs,25.3.0,332,20260919,937,135,6504,4943,75.99938499384994
cattrs,25.3.0,333,20260919,937,135,6504,5210,80.10455104551046
cattrs,25.3.0,334,20260919,937,135,6504,5106,78.50553505535055
cattrs,25.3.0,335,20260919,937,135,6504,5096,78.35178351783517
cattrs,25.3.0,336,20260919,937,135,6504,5365,82.48769987699878
cattrs,25.3.0,337,20260919,937,135,6504,5201,79.96617466174662
cattrs,25.3.0,338,20260919,937,135,6504,5379,82.70295202952029
cattrs,25.3.0,339,20260919,937,135,6504,5088,78.22878228782288
cattrs,25.3.0,340,20260919,937,135,6504,4444,68.32718327183272
cattrs,25.3.0,341,20260919,937,135,6504,5147,79.13591635916359
cattrs,25.3.0,342,20260919,937,135,6504,5278,81.15006150061501
cattrs,25.3.0,343,20260919,937,135,6504,4522,69.52644526445265
cattrs,25.3.0,344,20260919,937,135,6504,5086,78.1980319803198
cattrs,25.3.0,345,20260919,937,135,6504,5246,80.65805658056581
cattrs,25.3.0,346,20260919,937,135,6504,5096,78.35178351783517
cattrs,25.3.0,347,20260919,937,135,6504,4811,73.96986469864699
cattrs,25.3.0,348,20260919,937,135,6504,5374,82.6260762607626
cattrs,25.3.0,349,20260919,937,135,6504,5140,79.02829028290283
cattrs,25.3.0,350,20260919,937,135,6504,5022,77.2140221402214
cattrs,25.3.0,351,20260919,937,135,6504,4820,74.10824108241083
cattrs,25.3.0,352,20260919,937,135,6504,5036,77.42927429274293
cattrs,25.3.0,353,20260919,937,135,6504,5324,81.85731857318574
cattrs,25.3.0,354,20260919,937,135,6504,4959,76.24538745387454
cattrs,25.3.0,355,20260919,937,135,6504,5074,78.01353013530135
cattrs,25.3.0,356,20260919,937,135,6504,4925,75.72263222632226
cattrs,25.3.0,357,20260919,937,135,6504,5102,78.44403444034441
cattrs,25.3.0,358,20260919,937,135,6504,5244,80.62730627306273
cattrs,25.3.0,359,20260919,937,135,6504,5237,80.51968019680197
cattrs,25.3.0,360,20260919,937,135,6504,4959,76.24538745387454
cattrs,25.3.0,361,20260919,937,135,6504,5061,77.81365313653137
cattrs,25.3.0,362,20260919,937,135,6504,4941,75.96863468634686
cattrs,25.3.0,363,20260919,937,135,6504,5378,82.68757687576876
cattrs,25.3.0,364,20260919,937,135,6504,4887,75.13837638376384
cattrs,25.3.0,365,20260919,937,135,6504,5177,79.59717097170972
cattrs,25.3.0,366,20260919,937,135,6504,5372,82.59532595325953
cattrs,25.3.0,367,20260919,937,135,6504,5005,76.95264452644527
cattrs,25.3.0,368,20260919,937,135,6504,4944,76.01476014760148
cattrs,25.3.0,369,20260919,937,135,6504,4995,76.7988929889299
cattrs,25.3.0,370,20260919,937,135,6504,5020,77.18327183271833
cattrs,25.3.0,371,20260919,937,135,6504,5047,77.59840098400984
cattrs,25.3.0,372,20260919,937,135,6504,5014,77.0910209102091
cattrs,25.3.0,373,20260919,937,135,6504,5231,80.42742927429275
cattrs,25.3.0,374,20260919,937,135,6504,5038,77.460024600246
cattrs,25.3.0,375,20260919,937,135,6504,5116,78.65928659286593
cattrs,25.3.0,376,20260919,937,135,6504,4892,75.21525215252153
cattrs,25.3.0,377,20260919,937,135,6504,5267,80.9809348093481
cattrs,25.3.0,378,20260919,937,135,6504,5113,78.61316113161132
cattrs,25.3.0,379,20260919,937,135,6504,4861,74.73862238622387
cattrs,25.3.0,380,20260919,937,135,6504,5031,77.35239852398524
cattrs,25.3.0,381,20260919,937,135,6504,4898,75.30750307503075
cattrs,25.3.0,382,20260919,937,135,6504,4818,74.07749077490774
cattrs,25.3.0,383,20260919,937,135,6504,5251,80.73493234932349
cattrs,25.3.0,384,20260919,937,135,6504,5029,77.32164821648216
cattrs,25.3.0,385,20260919,937,135,6504,4933,75.84563345633457
cattrs,25.3.0,386,20260919,937,135,6504,5092,78.29028290282903
cattrs,25.3.0,387,20260919,937,135,6504,5116,78.65928659286593
cattrs,25.3.0,388,20260919,937,135,6504,5159,79.32041820418205
cattrs,25.3.0,389,20260919,937,135,6504,5337,82.05719557195572
cattrs,25.3.0,390,20260919,937,135,6504,5383,82.76445264452644
cattrs,25.3.0,391,20260919,937,135,6504,5265,80.95018450184502
cattrs,25.3.0,392,20260919,937,135,6504,5078,78.0750307503075
cattrs,25.3.0,393,20260919,937,135,6504,4952,76.13776137761377
cattrs,25.3.0,394,20260919,937,135,6504,4986,76.66051660516605
cattrs,25.3.0,395,20260919,937,135,6504,5224,80.31980319803198
cattrs,25.3.0,396,20260919,937,135,6504,5116,78.65928659286593
cattrs,25.3.0,397,20260919,937,135,6504,4862,74.7539975399754
cattrs,25.3.0,398,20260919,937,135,6504,5313,81.68819188191883
cattrs,25.3.0,399,20260919,937,135,6504,5134,78.93603936039361
cattrs,25.3.0,400,20260919,937,135,6504,5281,81.19618696186961
cattrs,25.3.0,401,20260919,937,135,6504,5111,78.58241082410824
cattrs,25.3.0,402,20260919,937,135,6504,4949,76.09163591635917
cattrs,25.3.0,403,20260919,937,135,6504,5192,79.82779827798278
cattrs,25.3.0,404,20260919,937,135,6504,5041,77.50615006150062
cattrs,25.3.0,405,20260919,937,135,6504,4967,76.36838868388683
cattrs,25.3.0,406,20260919,937,135,6504,5041,77.50615006150062
cattrs,25.3.0,407,20260919,937,135,6504,4794,73.70848708487085
cattrs,25.3.0,408,20260919,937,135,6504,5192,79.82779827798278
cattrs,25.3.0,409,20260919,937,135,6504,4983,76.61439114391143
cattrs,25.3.0,410,20260919,937,135,6504,5282,81.21156211562116
cattrs,25.3.0,411,20260919,937,135,6504,5369,82.54920049200491
cattrs,25.3.0,412,20260919,937,135,6504,5023,77.22939729397294
cattrs,25.3.0,413,20260919,937,135,6504,5048,77.61377613776138
cattrs,25.3.0,414,20260919,937,135,6504,4635,71.26383763837639
cattrs,25.3.0,415,20260919,937,135,6504,5318,81.76506765067651
cattrs,25.3.0,416,20260919,937,135,6504,5309,81.62669126691267
cattrs,25.3.0,417,20260919,937,135,6504,5151,79.19741697416974
cattrs,25.3.0,418,20260919,937,135,6504,5125,78.79766297662977
cattrs,25.3.0,419,20260919,937,135,6504,5057,77.75215252152522
cattrs,25.3.0,420,20260919,937,135,6504,5372,82.59532595325953
cattrs,25.3.0,421,20260919,937,135,6504,5206,80.04305043050431
cattrs,25.3.0,422,20260919,937,135,6504,5296,81.42681426814268
cattrs,25.3.0,423,20260919,937,135,6504,5257,80.82718327183272
cattrs,25.3.0,424,20260919,937,135,6504,5395,82.94895448954489
cattrs,25.3.0,425,20260919,937,135,6504,5019,77.16789667896678
cattrs,25.3.0,426,20260919,937,135,6504,4995,76.7988929889299
cattrs,25.3.0,427,20260919,937,135,6504,5203,79.99692496924969
cattrs,25.3.0,428,20260919,937,135,6504,4551,69.97232472324723
cattrs,25.3.0,429,20260919,937,135,6504,5078,78.0750307503075
cattrs,25.3.0,430,20260919,937,135,6504,5128,78.84378843788438
cattrs,25.3.0,431,20260919,937,135,6504,4984,76.62976629766298
cattrs,25.3.0,432,20260919,937,135,6504,5018,77.15252152521525
cattrs,25.3.0,433,20260919,937,135,6504,4879,75.01537515375153
cattrs,25.3.0,434,20260919,937,135,6504,4959,76.24538745387454
cattrs,25.3.0,435,20260919,937,135,6504,4895,75.26137761377613
cattrs,25.3.0,436,20260919,937,135,6504,5005,76.95264452644527
cattrs,25.3.0,437,20260919,937,135,6504,5311,81.65744157441574
cattrs,25.3.0,438,20260919,937,135,6504,4960,76.26076260762608
cattrs,25.3.0,439,20260919,937,135,6504,5025,77.26014760147602
cattrs,25.3.0,440,20260919,937,135,6504,5231,80.42742927429275
cattrs,25.3.0,441,20260919,937,135,6504,4997,76.82964329643296
cattrs,25.3.0,442,20260919,937,135,6504,4695,72.18634686346863
cattrs,25.3.0,443,20260919,937,135,6504,4835,74.33886838868389
cattrs,25.3.0,444,20260919,937,135,6504,5257,80.82718327183272
cattrs,25.3.0,445,20260919,937,135,6504,5064,77.85977859778598
cattrs,25.3.0,446,20260919,937,135,6504,4671,71.81734317343174
cattrs,25.3.0,447,20260919,937,135,6504,5170,79.48954489544896
cattrs,25.3.0,448,20260919,937,135,6504,5086,78.1980319803198
cattrs,25.3.0,449,20260919,937,135,6504,4961,76.27613776137761
cattrs,25.3.0,450,20260919,937,135,6504,5265,80.95018450184502
cattrs,25.3.0,451,20260919,937,135,6504,5042,77.52152521525215
cattrs,25.3.0,452,20260919,937,135,6504,5250,80.71955719557195
cattrs,25.3.0,453,20260919,937,135,6504,4965,76.33763837638377
cattrs,25.3.0,454,20260919,937,135,6504,5153,79.22816728167281
cattrs,25.3.0,455,20260919,937,135,6504,4999,76.86039360393605
cattrs,25.3.0,456,20260919,937,135,6504,5239,80.55043050430504
cattrs,25.3.0,457,20260919,937,135,6504,5518,84.840098400984
cattrs,25.3.0,458,20260919,937,135,6504,5344,82.16482164821649
cattrs,25.3.0,459,20260919,937,135,6504,4830,74.2619926199262
cattrs,25.3.0,460,20260919,937,135,6504,5300,81.48831488314883
cattrs,25.3.0,461,20260919,937,135,6504,4986,76.66051660516605
cattrs,25.3.0,462,20260919,937,135,6504,5329,81.93419434194342
cattrs,25.3.0,463,20260919,937,135,6504,5058,77.76752767527675
cattrs,25.3.0,464,20260919,937,135,6504,5133,78.92066420664207
cattrs,25.3.0,465,20260919,937,135,6504,5215,80.18142681426814
cattrs,25.3.0,466,20260919,937,135,6504,5178,79.61254612546125
cattrs,25.3.0,467,20260919,937,135,6504,5058,77.76752767527675
cattrs,25.3.0,468,20260919,937,135,6504,5224,80.31980319803198
cattrs,25.3.0,469,20260919,937,135,6504,5201,79.96617466174662
cattrs,25.3.0,470,20260919,937,135,6504,5026,77.27552275522756
cattrs,25.3.0,471,20260919,937,135,6504,4989,76.70664206642067
cattrs,25.3.0,472,20260919,937,135,6504,5198,79.920049200492
cattrs,25.3.0,473,20260919,937,135,6504,5139,79.0129151291513
cattrs,25.3.0,474,20260919,937,135,6504,4958,76.23001230012301
cattrs,25.3.0,475,20260919,937,135,6504,5262,80.90405904059041
cattrs,25.3.0,476,20260919,937,135,6504,5143,79.07441574415745
cattrs,25.3.0,477,20260919,937,135,6504,5071,77.96740467404675
cattrs,25.3.0,478,20260919,937,135,6504,5103,78.45940959409594
cattrs,25.3.0,479,20260919,937,135,6504,5139,79.0129151291513
cattrs,25.3.0,480,20260919,937,135,6504,5100,78.41328413284133
cattrs,25.3.0,481,20260919,937,135,6504,4796,73.73923739237392
cattrs,25.3.0,482,20260919,937,135,6504,5175,79.56642066420665
cattrs,25.3.0,483,20260919,937,135,6504,5057,77.75215252152522
cattrs,25.3.0,484,20260919,937,135,6504,4997,76.82964329643296
cattrs,25.3.0,485,20260919,937,135,6504,5200,79.95079950799509
cattrs,25.3.0,486,20260919,937,135,6504,5168,79.45879458794587
cattrs,25.3.0,487,20260919,937,135,6504,5220,80.25830258302582
cattrs,25.3.0,488,20260919,937,135,6504,5027,77.29089790897909
cattrs,25.3.0,489,20260919,937,135,6504,4999,76.86039360393605
cattrs,25.3.0,490,20260919,937,135,6504,5232,80.44280442804428
cattrs,25.3.0,491,20260919,937,135,6504,4803,73.84686346863468
cattrs,25.3.0,492,20260919,937,135,6504,4997,76.82964329643296
cattrs,25.3.0,493,20260919,937,135,6504,5018,77.15252152521525
cattrs,25.3.0,494,20260919,937,135,6504,5275,81.10393603936039
cattrs,25.3.0,495,20260919,937,135,6504,4752,73.06273062730628
cattrs,25.3.0,496,20260919,937,135,6504,5114,78.62853628536286
cattrs,25.3.0,497,20260919,937,135,6504,5137,78.98216482164821
cattrs,25.3.0,498,20260919,937,135,6504,4978,76.53751537515375
cattrs,25.3.0,499,20260919,937,135,6504,5234,80.47355473554735
cattrs,25.3.0,500,20260919,937,135,6504,5210,80.10455104551046
cattrs,25.3.0,501,20260919,937,135,6504,5146,79.12054120541205
cattrs,25.3.0,502,20260919,937,135,6504,4694,72.1709717097171
cattrs,25.3.0,503,20260919,937,135,6504,4869,74.86162361623616
cattrs,25.3.0,504,20260919,937,135,6504,5067,77.9059040590406
cattrs,25.3.0,505,20260919,937,135,6504,4897,75.29212792127922
cattrs,25.3.0,506,20260919,937,135,6504,4949,76.09163591635917
cattrs,25.3.0,507,20260919,937,135,6504,4940,75.95325953259533
cattrs,25.3.0,508,20260919,937,135,6504,5081,78.12115621156211
cattrs,25.3.0,509,20260919,937,135,6504,5051,77.659901599016
cattrs,25.3.0,510,20260919,937,135,6504,5194,79.85854858548585
cattrs,25.3.0,511,20260919,937,135,6504,5201,79.96617466174662
cattrs,25.3.0,512,20260919,937,135,6504,4990,76.7220172201722
cattrs,25.3.0,513,20260919,937,135,6504,5051,77.659901599016
cattrs,25.3.0,514,20260919,937,135,6504,4946,76.04551045510455
cattrs,25.3.0,515,20260919,937,135,6504,5072,77.98277982779828
cattrs,25.3.0,516,20260919,937,135,6504,5022,77.2140221402214
cattrs,25.3.0,517,20260919,937,135,6504,5181,79.65867158671587
cattrs,25.3.0,518,20260919,937,135,6504,5321,81.81119311193112
cattrs,25.3.0,519,20260919,937,135,6504,4815,74.03136531365314
cattrs,25.3.0,520,20260919,937,135,6504,4751,73.04735547355473
cattrs,25.3.0,521,20260919,937,135,6504,5109,78.55166051660517
cattrs,25.3.0,522,20260919,937,135,6504,5087,78.21340713407135
cattrs,25.3.0,523,20260919,937,135,6504,5104,78.47478474784748
cattrs,25.3.0,524,20260919,937,135,6504,4801,73.81611316113161
cattrs,25.3.0,525,20260919,937,135,6504,5155,79.2589175891759
cattrs,25.3.0,526,20260919,937,135,6504,5134,78.93603936039361
cattrs,25.3.0,527,20260919,937,135,6504,4825,74.18511685116852
cattrs,25.3.0,528,20260919,937,135,6504,4618,71.00246002460024
cattrs,25.3.0,529,20260919,937,135,6504,4912,75.52275522755228
cattrs,25.3.0,530,20260919,937,135,6504,5163,79.38191881918819
cattrs,25.3.0,531,20260919,937,135,6504,4551,69.97232472324723
cattrs,25.3.0,532,20260919,937,135,6504,4999,76.86039360393605
cattrs,25.3.0,533,20260919,937,135,6504,5219,80.24292742927429
cattrs,25.3.0,534,20260919,937,135,6504,4966,76.3530135301353
cattrs,25.3.0,535,20260919,937,135,6504,4860,74.72324723247233
cattrs,25.3.0,536,20260919,937,135,6504,5301,81.50369003690037
cattrs,25.3.0,537,20260919,937,135,6504,5204,80.01230012300122
cattrs,25.3.0,538,20260919,937,135,6504,5213,80.15067650676507
cattrs,25.3.0,539,20260919,937,135,6504,4922,75.67650676506766
cattrs,25.3.0,540,20260919,937,135,6504,5182,79.6740467404674
cattrs,25.3.0,541,20260919,937,135,6504,5259,80.85793357933579
cattrs,25.3.0,542,20260919,937,135,6504,4860,74.72324723247233
cattrs,25.3.0,543,20260919,937,135,6504,5102,78.44403444034441
cattrs,25.3.0,544,20260919,937,135,6504,5053,77.69065190651907
cattrs,25.3.0,545,20260919,937,135,6504,4979,76.5528905289053
cattrs,25.3.0,546,20260919,937,135,6504,4874,74.93849938499385
cattrs,25.3.0,547,20260919,937,135,6504,5127,78.82841328413284
cattrs,25.3.0,548,20260919,937,135,6504,5204,80.01230012300122
cattrs,25.3.0,549,20260919,937,135,6504,5128,78.84378843788438
cattrs,25.3.0,550,20260919,937,135,6504,5128,78.84378843788438
cattrs,25.3.0,551,20260919,937,135,6504,4930,75.79950799507995
cattrs,25.3.0,552,20260919,937,135,6504,4777,73.4471094710947
cattrs,25.3.0,553,20260919,937,135,6504,5318,81.76506765067651
cattrs,25.3.0,554,20260919,937,135,6504,5051,77.659901599016
cattrs,25.3.0,555,20260919,937,135,6504,4905,75.41512915129151
cattrs,25.3.0,556,20260919,937,135,6504,4767,73.29335793357933
cattrs,25.3.0,557,20260919,937,135,6504,5032,77.36777367773678
cattrs,25.3.0,558,20260919,937,135,6504,4819,74.0928659286593
cattrs,25.3.0,559,20260919,937,135,6504,5337,82.05719557195572
cattrs,25.3.0,560,20260919,937,135,6504,4915,75.56888068880689
cattrs,25.3.0,561,20260919,937,135,6504,4717,72.52460024600246
cattrs,25.3.0,562,20260919,937,135,6504,4997,76.82964329643296
cattrs,25.3.0,563,20260919,937,135,6504,5141,79.04366543665436
cattrs,25.3.0,564,20260919,937,135,6504,5232,80.44280442804428
cattrs,25.3.0,565,20260919,937,135,6504,5153,79.22816728167281
cattrs,25.3.0,566,20260919,937,135,6504,4912,75.52275522755228
cattrs,25.3.0,567,20260919,937,135,6504,4946,76.04551045510455
cattrs,25.3.0,568,20260919,937,135,6504,5179,79.62792127921279
cattrs,25.3.0,569,20260919,937,135,6504,4645,71.41758917589176
cattrs,25.3.0,570,20260919,937,135,6504,4949,76.09163591635917
cattrs,25.3.0,571,20260919,937,135,6504,4758,73.1549815498155
cattrs,25.3.0,572,20260919,937,135,6504,5433,83.53321033210332
cattrs,25.3.0,573,20260919,937,135,6504,5321,81.81119311193112
cattrs,25.3.0,574,20260919,937,135,6504,5086,78.1980319803198
cattrs,25.3.0,575,20260919,937,135,6504,5096,78.35178351783517
cattrs,25.3.0,576,20260919,937,135,6504,5385,82.79520295202953
cattrs,25.3.0,577,20260919,937,135,6504,5145,79.10516605166052
cattrs,25.3.0,578,20260919,937,135,6504,5131,78.88991389913899
cattrs,25.3.0,579,20260919,937,135,6504,5105,78.49015990159901
cattrs,25.3.0,580,20260919,937,135,6504,5220,80.25830258302582
cattrs,25.3.0,581,20260919,937,135,6504,5009,77.01414514145141
cattrs,25.3.0,582,20260919,937,135,6504,5305,81.56519065190652
cattrs,25.3.0,583,20260919,937,135,6504,5076,78.04428044280442
cattrs,25.3.0,584,20260919,937,135,6504,5111,78.58241082410824
cattrs,25.3.0,585,20260919,937,135,6504,4997,76.82964329643296
cattrs,25.3.0,586,20260919,937,135,6504,5058,77.76752767527675
cattrs,25.3.0,587,20260919,937,135,6504,4855,74.64637146371464
cattrs,25.3.0,588,20260919,937,135,6504,4762,73.21648216482164
cattrs,25.3.0,589,20260919,937,135,6504,5091,78.27490774907749
cattrs,25.3.0,590,20260919,937,135,6504,4688,72.07872078720787
cattrs,25.3.0,591,20260919,937,135,6504,5011,77.04489544895449
cattrs,25.3.0,592,20260919,937,135,6504,5424,83.39483394833948
cattrs,25.3.0,593,20260919,937,135,6504,5150,79.1820418204182
cattrs,25.3.0,594,20260919,937,135,6504,5316,81.73431734317343
cattrs,25.3.0,595,20260919,937,135,6504,5234,80.47355473554735
cattrs,25.3.0,596,20260919,937,135,6504,4953,76.15313653136532
cattrs,25.3.0,597,20260919,937,135,6504,4909,75.47662976629766
cattrs,25.3.0,598,20260919,937,135,6504,5017,77.13714637146371
cattrs,25.3.0,599,20260919,937,135,6504,5189,79.78167281672816
cattrs,25.3.0,600,20260919,937,135,6504,4957,76.21463714637146
cattrs,25.3.0,601,20260919,937,135,6504,5034,77.39852398523985
cattrs,25.3.0,602,20260919,937,135,6504,4647,71.44833948339483
cattrs,25.3.0,603,20260919,937,135,6504,4999,76.86039360393605
cattrs,25.3.0,604,20260919,937,135,6504,5054,77.7060270602706
cattrs,25.3.0,605,20260919,937,135,6504,5123,78.7669126691267
cattrs,25.3.0,606,20260919,937,135,6504,4863,74.76937269372694
cattrs,25.3.0,607,20260919,937,135,6504,5072,77.98277982779828
cattrs,25.3.0,608,20260919,937,135,6504,5166,79.4280442804428
cattrs,25.3.0,609,20260919,937,135,6504,5127,78.82841328413284
cattrs,25.3.0,610,20260919,937,135,6504,5013,77.07564575645756
cattrs,25.3.0,611,20260919,937,135,6504,5394,82.93357933579335
cattrs,25.3.0,612,20260919,937,135,6504,5278,81.15006150061501
cattrs,25.3.0,613,20260919,937,135,6504,5013,77.07564575645756
cattrs,25.3.0,614,20260919,937,135,6504,4943,75.99938499384994
cattrs,25.3.0,615,20260919,937,135,6504,5007,76.98339483394834
cattrs,25.3.0,616,20260919,937,135,6504,5029,77.32164821648216
cattrs,25.3.0,617,20260919,937,135,6504,5034,77.39852398523985
cattrs,25.3.0,618,20260919,937,135,6504,4677,71.90959409594096
cattrs,25.3.0,619,20260919,937,135,6504,5201,79.96617466174662
cattrs,25.3.0,620,20260919,937,135,6504,5180,79.64329643296433
cattrs,25.3.0,621,20260919,937,135,6504,4811,73.96986469864699
cattrs,25.3.0,622,20260919,937,135,6504,5264,80.93480934809348
cattrs,25.3.0,623,20260919,937,135,6504,4992,76.75276752767527
cattrs,25.3.0,624,20260919,937,135,6504,5270,81.0270602706027
cattrs,25.3.0,625,20260919,937,135,6504,4875,74.95387453874538
cattrs,25.3.0,626,20260919,937,135,6504,5039,77.47539975399754
cattrs,25.3.0,627,20260919,937,135,6504,4798,73.76998769987699
cattrs,25.3.0,628,20260919,937,135,6504,5457,83.90221402214023
cattrs,25.3.0,629,20260919,937,135,6504,4864,74.78474784747847
cattrs,25.3.0,630,20260919,937,135,6504,4669,71.78659286592865
cattrs,25.3.0,631,20260919,937,135,6504,5134,78.93603936039361
cattrs,25.3.0,632,20260919,937,135,6504,5084,78.16728167281673
cattrs,25.3.0,633,20260919,937,135,6504,5164,79.39729397293974
cattrs,25.3.0,634,20260919,937,135,6504,5178,79.61254612546125
cattrs,25.3.0,635,20260919,937,135,6504,5232,80.44280442804428
cattrs,25.3.0,636,20260919,937,135,6504,4991,76.73739237392374
cattrs,25.3.0,637,20260919,937,135,6504,4948,76.07626076260763
cattrs,25.3.0,638,20260919,937,135,6504,4585,70.49507995079951
cattrs,25.3.0,639,20260919,937,135,6504,4842,74.44649446494465
cattrs,25.3.0,640,20260919,937,135,6504,5167,79.44341943419434
cattrs,25.3.0,641,20260919,937,135,6504,5040,77.49077490774907
cattrs,25.3.0,642,20260919,937,135,6504,5332,81.98031980319803
cattrs,25.3.0,643,20260919,937,135,6504,5229,80.39667896678966
cattrs,25.3.0,644,20260919,937,135,6504,4979,76.5528905289053
cattrs,25.3.0,645,20260919,937,135,6504,4617,70.9870848708487
cattrs,25.3.0,646,20260919,937,135,6504,5187,79.75092250922509
cattrs,25.3.0,647,20260919,937,135,6504,5072,77.98277982779828
cattrs,25.3.0,648,20260919,937,135,6504,5003,76.92189421894219
cattrs,25.3.0,649,20260919,937,135,6504,5449,83.77921279212792
cattrs,25.3.0,650,20260919,937,135,6504,5276,81.11931119311193
cattrs,25.3.0,651,20260919,937,135,6504,4997,76.82964329643296
cattrs,25.3.0,652,20260919,937,135,6504,4697,72.21709717097171
cattrs,25.3.0,653,20260919,937,135,6504,4967,76.36838868388683
cattrs,25.3.0,654,20260919,937,135,6504,5010,77.02952029520296
cattrs,25.3.0,655,20260919,937,135,6504,4717,72.52460024600246
cattrs,25.3.0,656,20260919,937,135,6504,5060,77.79827798277982
cattrs,25.3.0,657,20260919,937,135,6504,5328,81.91881918819188
cattrs,25.3.0,658,20260919,937,135,6504,4965,76.33763837638377
cattrs,25.3.0,659,20260919,937,135,6504,5033,77.38314883148831
cattrs,25.3.0,660,20260919,937,135,6504,5026,77.27552275522756
cattrs,25.3.0,661,20260919,937,135,6504,5150,79.1820418204182
cattrs,25.3.0,662,20260919,937,135,6504,5154,79.24354243542436
cattrs,25.3.0,663,20260919,937,135,6504,5108,78.53628536285363
cattrs,25.3.0,664,20260919,937,135,6504,5313,81.68819188191883
cattrs,25.3.0,665,20260919,937,135,6504,4982,76.5990159901599
cattrs,25.3.0,666,20260919,937,135,6504,5460,83.94833948339483
cattrs,25.3.0,667,20260919,937,135,6504,4624,71.09471094710948
cattrs,25.3.0,668,20260919,937,135,6504,5153,79.22816728167281
cattrs,25.3.0,669,20260919,937,135,6504,4784,73.55473554735548
cattrs,25.3.0,670,20260919,937,135,6504,5218,80.22755227552275
cattrs,25.3.0,671,20260919,937,135,6504,5075,78.02890528905289
cattrs,25.3.0,672,20260919,937,135,6504,4723,72.61685116851169
cattrs,25.3.0,673,20260919,937,135,6504,5117,78.67466174661746
cattrs,25.3.0,674,20260919,937,135,6504,4942,75.9840098400984
cattrs,25.3.0,675,20260919,937,135,6504,4579,70.40282902829028
cattrs,25.3.0,676,20260919,937,135,6504,4930,75.79950799507995
cattrs,25.3.0,677,20260919,937,135,6504,5385,82.79520295202953
cattrs,25.3.0,678,20260919,937,135,6504,5082,78.13653136531366
cattrs,25.3.0,679,20260919,937,135,6504,4790,73.6469864698647
cattrs,25.3.0,680,20260919,937,135,6504,5274,81.08856088560886
cattrs,25.3.0,681,20260919,937,135,6504,4837,74.36961869618696
cattrs,25.3.0,682,20260919,937,135,6504,5045,77.56765067650676
cattrs,25.3.0,683,20260919,937,135,6504,5093,78.30565805658057
cattrs,25.3.0,684,20260919,937,135,6504,5273,81.07318573185732
cattrs,25.3.0,685,20260919,937,135,6504,5050,77.64452644526445
cattrs,25.3.0,686,20260919,937,135,6504,5184,79.70479704797047
cattrs,25.3.0,687,20260919,937,135,6504,5443,83.6869618696187
cattrs,25.3.0,688,20260919,937,135,6504,5162,79.36654366543665
cattrs,25.3.0,689,20260919,937,135,6504,5133,78.92066420664207
cattrs,25.3.0,690,20260919,937,135,6504,4924,75.70725707257073
cattrs,25.3.0,691,20260919,937,135,6504,4999,76.86039360393605
cattrs,25.3.0,692,20260919,937,135,6504,5238,80.5350553505535
cattrs,25.3.0,693,20260919,937,135,6504,5418,83.30258302583026
cattrs,25.3.0,694,20260919,937,135,6504,5262,80.90405904059041
cattrs,25.3.0,695,20260919,937,135,6504,5045,77.56765067650676
cattrs,25.3.0,696,20260919,937,135,6504,5093,78.30565805658057
cattrs,25.3.0,697,20260919,937,135,6504,5257,80.82718327183272
cattrs,25.3.0,698,20260919,937,135,6504,5142,79.0590405904059
cattrs,25.3.0,699,20260919,937,135,6504,4877,74.98462484624847
cattrs,25.3.0,700,20260919,937,135,6504,5005,76.95264452644527
cattrs,25.3.0,701,20260919,937,135,6504,5235,80.48892988929889
cattrs,25.3.0,702,20260919,937,135,6504,5181,79.65867158671587
cattrs,25.3.0,703,20260919,937,135,6504,5206,80.04305043050431
cattrs,25.3.0,704,20260919,937,135,6504,5148,79.15129151291512
cattrs,25.3.0,705,20260919,937,135,6504,5105,78.49015990159901
cattrs,25.3.0,706,20260919,937,135,6504,5024,77.24477244772447
cattrs,25.3.0,707,20260919,937,135,6504,5357,82.36469864698647
cattrs,25.3.0,708,20260919,937,135,6504,5115,78.64391143911439
cattrs,25.3.0,709,20260919,937,135,6504,4887,75.13837638376384
cattrs,25.3.0,710,20260919,937,135,6504,4989,76.70664206642067
cattrs,25.3.0,711,20260919,937,135,6504,4627,71.14083640836408
cattrs,25.3.0,712,20260919,937,135,6504,5316,81.73431734317343
cattrs,25.3.0,713,20260919,937,135,6504,5150,79.1820418204182
cattrs,25.3.0,714,20260919,937,135,6504,5149,79.16666666666667
cattrs,25.3.0,715,20260919,937,135,6504,4355,66.95879458794587
cattrs,25.3.0,716,20260919,937,135,6504,4952,76.13776137761377
cattrs,25.3.0,717,20260919,937,135,6504,5235,80.48892988929889
cattrs,25.3.0,718,20260919,937,135,6504,5137,78.98216482164821
cattrs,25.3.0,719,20260919,937,135,6504,4920,75.64575645756457
cattrs,25.3.0,720,20260919,937,135,6504,4905,75.41512915129151
cattrs,25.3.0,721,20260919,937,135,6504,5285,81.25768757687577
cattrs,25.3.0,722,20260919,937,135,6504,5025,77.26014760147602
cattrs,25.3.0,723,20260919,937,135,6504,5373,82.61070110701107
cattrs,25.3.0,724,20260919,937,135,6504,5157,79.28966789667896
cattrs,25.3.0,725,20260919,937,135,6504,5048,77.61377613776138
cattrs,25.3.0,726,20260919,937,135,6504,4981,76.58364083640836
cattrs,25.3.0,727,20260919,937,135,6504,5157,79.28966789667896
cattrs,25.3.0,728,20260919,937,135,6504,5466,84.04059040590406
cattrs,25.3.0,729,20260919,937,135,6504,5094,78.3210332103321
cattrs,25.3.0,730,20260919,937,135,6504,5303,81.53444034440345
cattrs,25.3.0,731,20260919,937,135,6504,5345,82.18019680196802
cattrs,25.3.0,732,20260919,937,135,6504,5202,79.98154981549816
cattrs,25.3.0,733,20260919,937,135,6504,4734,72.7859778597786
cattrs,25.3.0,734,20260919,937,135,6504,5352,82.28782287822878
cattrs,25.3.0,735,20260919,937,135,6504,5260,80.87330873308733
cattrs,25.3.0,736,20260919,937,135,6504,5156,79.27429274292743
cattrs,25.3.0,737,20260919,937,135,6504,5109,78.55166051660517
cattrs,25.3.0,738,20260919,937,135,6504,5136,78.96678966789668
cattrs,25.3.0,739,20260919,937,135,6504,5106,78.50553505535055
cattrs,25.3.0,740,20260919,937,135,6504,5221,80.27367773677737
cattrs,25.3.0,741,20260919,937,135,6504,5264,80.93480934809348
cattrs,25.3.0,742,20260919,937,135,6504,5236,80.50430504305044
cattrs,25.3.0,743,20260919,937,135,6504,4879,75.01537515375153
cattrs,25.3.0,744,20260919,937,135,6504,5017,77.13714637146371
cattrs,25.3.0,745,20260919,937,135,6504,5024,77.24477244772447
cattrs,25.3.0,746,20260919,937,135,6504,5041,77.50615006150062
cattrs,25.3.0,747,20260919,937,135,6504,4926,75.7380073800738
cattrs,25.3.0,748,20260919,937,135,6504,5215,80.18142681426814
cattrs,25.3.0,749,20260919,937,135,6504,5178,79.61254612546125
cattrs,25.3.0,750,20260919,937,135,6504,5119,78.70541205412054
cattrs,25.3.0,751,20260919,937,135,6504,5381,82.73370233702337
cattrs,25.3.0,752,20260919,937,135,6504,5359,82.39544895448954
cattrs,25.3.0,753,20260919,937,135,6504,5121,78.73616236162361
cattrs,25.3.0,754,20260919,937,135,6504,4861,74.73862238622387
cattrs,25.3.0,755,20260919,937,135,6504,4952,76.13776137761377
cattrs,25.3.0,756,20260919,937,135,6504,4956,76.19926199261992
cattrs,25.3.0,757,20260919,937,135,6504,5109,78.55166051660517
cattrs,25.3.0,758,20260919,937,135,6504,4889,75.16912669126691
cattrs,25.3.0,759,20260919,937,135,6504,4943,75.99938499384994
cattrs,25.3.0,760,20260919,937,135,6504,5148,79.15129151291512
cattrs,25.3.0,761,20260919,937,135,6504,4884,75.09225092250922
cattrs,25.3.0,762,20260919,937,135,6504,5065,77.87515375153751
cattrs,25.3.0,763,20260919,937,135,6504,4903,75.38437884378844
cattrs,25.3.0,764,20260919,937,135,6504,5134,78.93603936039361
cattrs,25.3.0,765,20260919,937,135,6504,5141,79.04366543665436
cattrs,25.3.0,766,20260919,937,135,6504,5101,78.42865928659286
cattrs,25.3.0,767,20260919,937,135,6504,4703,72.30934809348093
cattrs,25.3.0,768,20260919,937,135,6504,5342,82.1340713407134
cattrs,25.3.0,769,20260919,937,135,6504,4865,74.80012300123
cattrs,25.3.0,770,20260919,937,135,6504,5102,78.44403444034441
cattrs,25.3.0,771,20260919,937,135,6504,5360,82.41082410824109
cattrs,25.3.0,772,20260919,937,135,6504,4922,75.67650676506766
cattrs,25.3.0,773,20260919,937,135,6504,5212,80.13530135301353
cattrs,25.3.0,774,20260919,937,135,6504,5315,81.7189421894219
cattrs,25.3.0,775,20260919,937,135,6504,4978,76.53751537515375
cattrs,25.3.0,776,20260919,937,135,6504,5264,80.93480934809348
cattrs,25.3.0,777,20260919,937,135,6504,5249,80.70418204182042
cattrs,25.3.0,778,20260919,937,135,6504,4979,76.5528905289053
cattrs,25.3.0,779,20260919,937,135,6504,4956,76.19926199261992
cattrs,25.3.0,780,20260919,937,135,6504,4661,71.66359163591636
cattrs,25.3.0,781,20260919,937,135,6504,4669,71.78659286592865
cattrs,25.3.0,782,20260919,937,135,6504,5121,78.73616236162361
cattrs,25.3.0,783,20260919,937,135,6504,5123,78.7669126691267
cattrs,25.3.0,784,20260919,937,135,6504,5162,79.36654366543665
cattrs,25.3.0,785,20260919,937,135,6504,5257,80.82718327183272
cattrs,25.3.0,786,20260919,937,135,6504,4840,74.41574415744158
cattrs,25.3.0,787,20260919,937,135,6504,5147,79.13591635916359
cattrs,25.3.0,788,20260919,937,135,6504,5538,85.14760147601476
cattrs,25.3.0,789,20260919,937,135,6504,5116,78.65928659286593
cattrs,25.3.0,790,20260919,937,135,6504,5047,77.59840098400984
cattrs,25.3.0,791,20260919,937,135,6504,5067,77.9059040590406
cattrs,25.3.0,792,20260919,937,135,6504,5064,77.85977859778598
cattrs,25.3.0,793,20260919,937,135,6504,4835,74.33886838868389
cattrs,25.3.0,794,20260919,937,135,6504,4891,75.19987699877
cattrs,25.3.0,795,20260919,937,135,6504,4993,76.76814268142681
cattrs,25.3.0,796,20260919,937,135,6504,4845,74.49261992619927
cattrs,25.3.0,797,20260919,937,135,6504,5204,80.01230012300122
cattrs,25.3.0,798,20260919,937,135,6504,5152,79.21279212792128
cattrs,25.3.0,799,20260919,937,135,6504,4950,76.1070110701107
cattrs,25.3.0,800,20260919,937,135,6504,4877,74.98462484624847
cattrs,25.3.0,801,20260919,937,135,6504,5007,76.98339483394834
cattrs,25.3.0,802,20260919,937,135,6504,4754,73.09348093480935
cattrs,25.3.0,803,20260919,937,135,6504,5085,78.18265682656826
cattrs,25.3.0,804,20260919,937,135,6504,5133,78.92066420664207
cattrs,25.3.0,805,20260919,937,135,6504,4904,75.39975399753997
cattrs,25.3.0,806,20260919,937,135,6504,4880,75.03075030750307
cattrs,25.3.0,807,20260919,937,135,6504,5218,80.22755227552275
cattrs,25.3.0,808,20260919,937,135,6504,5233,80.45817958179582
cattrs,25.3.0,809,20260919,937,135,6504,4955,76.18388683886839
cattrs,25.3.0,810,20260919,937,135,6504,5194,79.85854858548585
cattrs,25.3.0,811,20260919,937,135,6504,5367,82.51845018450184
cattrs,25.3.0,812,20260919,937,135,6504,5031,77.35239852398524
cattrs,25.3.0,813,20260919,937,135,6504,5298,81.45756457564576
cattrs,25.3.0,814,20260919,937,135,6504,5261,80.88868388683886
cattrs,25.3.0,815,20260919,937,135,6504,5002,76.90651906519065
cattrs,25.3.0,816,20260919,937,135,6504,5017,77.13714637146371
cattrs,25.3.0,817,20260919,937,135,6504,5006,76.9680196801968
cattrs,25.3.0,818,20260919,937,135,6504,5011,77.04489544895449
cattrs,25.3.0,819,20260919,937,135,6504,4738,72.84747847478475
cattrs,25.3.0,820,20260919,937,135,6504,4936,75.89175891758917
cattrs,25.3.0,821,20260919,937,135,6504,5331,81.9649446494465
cattrs,25.3.0,822,20260919,937,135,6504,5242,80.59655596555966
cattrs,25.3.0,823,20260919,937,135,6504,5192,79.82779827798278
cattrs,25.3.0,824,20260919,937,135,6504,5454,83.85608856088561
cattrs,25.3.0,825,20260919,937,135,6504,4965,76.33763837638377
cattrs,25.3.0,826,20260919,937,135,6504,4937,75.9071340713407
cattrs,25.3.0,827,20260919,937,135,6504,5071,77.96740467404675
cattrs,25.3.0,828,20260919,937,135,6504,5043,77.53690036900369
cattrs,25.3.0,829,20260919,937,135,6504,5239,80.55043050430504
cattrs,25.3.0,830,20260919,937,135,6504,5281,81.19618696186961
cattrs,25.3.0,831,20260919,937,135,6504,5217,80.21217712177122
cattrs,25.3.0,832,20260919,937,135,6504,5204,80.01230012300122
cattrs,25.3.0,833,20260919,937,135,6504,5159,79.32041820418205
cattrs,25.3.0,834,20260919,937,135,6504,5307,81.59594095940959
cattrs,25.3.0,835,20260919,937,135,6504,5066,77.89052890528906
cattrs,25.3.0,836,20260919,937,135,6504,5220,80.25830258302582
cattrs,25.3.0,837,20260919,937,135,6504,4868,74.84624846248462
cattrs,25.3.0,838,20260919,937,135,6504,5309,81.62669126691267
cattrs,25.3.0,839,20260919,937,135,6504,4902,75.3690036900369
cattrs,25.3.0,840,20260919,937,135,6504,5257,80.82718327183272
cattrs,25.3.0,841,20260919,937,135,6504,5141,79.04366543665436
cattrs,25.3.0,842,20260919,937,135,6504,4887,75.13837638376384
cattrs,25.3.0,843,20260919,937,135,6504,5320,81.79581795817958
cattrs,25.3.0,844,20260919,937,135,6504,5077,78.05965559655597
cattrs,25.3.0,845,20260919,937,135,6504,4876,74.96924969249693
cattrs,25.3.0,846,20260919,937,135,6504,4973,76.46063960639606
cattrs,25.3.0,847,20260919,937,135,6504,4987,76.67589175891759
cattrs,25.3.0,848,20260919,937,135,6504,4750,73.0319803198032
cattrs,25.3.0,849,20260919,937,135,6504,5255,80.79643296432964
cattrs,25.3.0,850,20260919,937,135,6504,4786,73.58548585485855
cattrs,25.3.0,851,20260919,937,135,6504,5311,81.65744157441574
cattrs,25.3.0,852,20260919,937,135,6504,4739,72.86285362853629
cattrs,25.3.0,853,20260919,937,135,6504,4936,75.89175891758917
cattrs,25.3.0,854,20260919,937,135,6504,4545,69.880073800738
cattrs,25.3.0,855,20260919,937,135,6504,4992,76.75276752767527
cattrs,25.3.0,856,20260919,937,135,6504,4940,75.95325953259533
cattrs,25.3.0,857,20260919,937,135,6504,5288,81.30381303813039
cattrs,25.3.0,858,20260919,937,135,6504,5237,80.51968019680197
cattrs,25.3.0,859,20260919,937,135,6504,5206,80.04305043050431
cattrs,25.3.0,860,20260919,937,135,6504,5194,79.85854858548585
cattrs,25.3.0,861,20260919,937,135,6504,5018,77.15252152521525
cattrs,25.3.0,862,20260919,937,135,6504,4869,74.86162361623616
cattrs,25.3.0,863,20260919,937,135,6504,5473,84.14821648216483
cattrs,25.3.0,864,20260919,937,135,6504,5249,80.70418204182042
cattrs,25.3.0,865,20260919,937,135,6504,4953,76.15313653136532
cattrs,25.3.0,866,20260919,937,135,6504,4961,76.27613776137761
cattrs,25.3.0,867,20260919,937,135,6504,4781,73.50861008610086
cattrs,25.3.0,868,20260919,937,135,6504,5048,77.61377613776138
cattrs,25.3.0,869,20260919,937,135,6504,4812,73.98523985239852
cattrs,25.3.0,870,20260919,937,135,6504,5147,79.13591635916359
cattrs,25.3.0,871,20260919,937,135,6504,5157,79.28966789667896
cattrs,25.3.0,872,20260919,937,135,6504,4755,73.10885608856088
cattrs,25.3.0,873,20260919,937,135,6504,5360,82.41082410824109
cattrs,25.3.0,874,20260919,937,135,6504,5381,82.73370233702337
cattrs,25.3.0,875,20260919,937,135,6504,5254,80.7810578105781
cattrs,25.3.0,876,20260919,937,135,6504,5321,81.81119311193112
cattrs,25.3.0,877,20260919,937,135,6504,5035,77.4138991389914
cattrs,25.3.0,878,20260919,937,135,6504,5394,82.93357933579335
cattrs,25.3.0,879,20260919,937,135,6504,5242,80.59655596555966
cattrs,25.3.0,880,20260919,937,135,6504,5084,78.16728167281673
cattrs,25.3.0,881,20260919,937,135,6504,5252,80.75030750307504
cattrs,25.3.0,882,20260919,937,135,6504,5116,78.65928659286593
cattrs,25.3.0,883,20260919,937,135,6504,4931,75.81488314883148
cattrs,25.3.0,884,20260919,937,135,6504,5072,77.98277982779828
cattrs,25.3.0,885,20260919,937,135,6504,5144,79.08979089790898
cattrs,25.3.0,886,20260919,937,135,6504,5009,77.01414514145141
cattrs,25.3.0,887,20260919,937,135,6504,5101,78.42865928659286
cattrs,25.3.0,888,20260919,937,135,6504,5231,80.42742927429275
cattrs,25.3.0,889,20260919,937,135,6504,4951,76.12238622386224
cattrs,25.3.0,890,20260919,937,135,6504,4792,73.67773677736777
cattrs,25.3.0,891,20260919,937,135,6504,5006,76.9680196801968
cattrs,25.3.0,892,20260919,937,135,6504,5253,80.76568265682657
cattrs,25.3.0,893,20260919,937,135,6504,5012,77.06027060270603
cattrs,25.3.0,894,20260919,937,135,6504,4817,74.06211562115621
cattrs,25.3.0,895,20260919,937,135,6504,5068,77.92127921279213
cattrs,25.3.0,896,20260919,937,135,6504,5251,80.73493234932349
cattrs,25.3.0,897,20260919,937,135,6504,5156,79.27429274292743
cattrs,25.3.0,898,20260919,937,135,6504,4694,72.1709717097171
cattrs,25.3.0,899,20260919,937,135,6504,5291,81.34993849938499
cattrs,25.3.0,900,20260919,937,135,6504,4999,76.86039360393605
cattrs,25.3.0,901,20260919,937,135,6504,5162,79.36654366543665
cattrs,25.3.0,902,20260919,937,135,6504,5186,79.73554735547356
cattrs,25.3.0,903,20260919,937,135,6504,5122,78.75153751537515
cattrs,25.3.0,904,20260919,937,135,6504,5436,83.57933579335793
cattrs,25.3.0,905,20260919,937,135,6504,5214,80.1660516605166
cattrs,25.3.0,906,20260919,937,135,6504,5139,79.0129151291513
cattrs,25.3.0,907,20260919,937,135,6504,4608,70.84870848708488
cattrs,25.3.0,908,20260919,937,135,6504,5181,79.65867158671587
cattrs,25.3.0,909,20260919,937,135,6504,5037,77.44464944649447
cattrs,25.3.0,910,20260919,937,135,6504,5427,83.4409594095941
cattrs,25.3.0,911,20260919,937,135,6504,5171,79.50492004920049
cattrs,25.3.0,912,20260919,937,135,6504,4769,73.32410824108241
cattrs,25.3.0,913,20260919,937,135,6504,4995,76.7988929889299
cattrs,25.3.0,914,20260919,937,135,6504,5282,81.21156211562116
cattrs,25.3.0,915,20260919,937,135,6504,4694,72.1709717097171
cattrs,25.3.0,916,20260919,937,135,6504,5141,79.04366543665436
cattrs,25.3.0,917,20260919,937,135,6504,5076,78.04428044280442
cattrs,25.3.0,918,20260919,937,135,6504,4895,75.26137761377613
cattrs,25.3.0,919,20260919,937,135,6504,5030,77.33702337023371
cattrs,25.3.0,920,20260919,937,135,6504,5065,77.87515375153751
cattrs,25.3.0,921,20260919,937,135,6504,4747,72.98585485854859
cattrs,25.3.0,922,20260919,937,135,6504,5276,81.11931119311193
cattrs,25.3.0,923,20260919,937,135,6504,5175,79.56642066420665
cattrs,25.3.0,924,20260919,937,135,6504,5117,78.67466174661746
cattrs,25.3.0,925,20260919,937,135,6504,5205,80.02767527675277
cattrs,25.3.0,926,20260919,937,135,6504,5175,79.56642066420665
cattrs,25.3.0,927,20260919,937,135,6504,5074,78.01353013530135
cattrs,25.3.0,928,20260919,937,135,6504,5274,81.08856088560886
cattrs,25.3.0,929,20260919,937,135,6504,5436,83.57933579335793
cattrs,25.3.0,930,20260919,937,135,6504,4990,76.7220172201722
cattrs,25.3.0,931,20260919,937,135,6504,4723,72.61685116851169
cattrs,25.3.0,932,20260919,937,135,6504,5200,79.95079950799509
cattrs,25.3.0,933,20260919,937,135,6504,4737,72.83210332103322
cattrs,25.3.0,934,20260919,937,135,6504,4934,75.8610086100861
cattrs,25.3.0,935,20260919,937,135,6504,5094,78.3210332103321
cattrs,25.3.0,936,20260919,937,135,6504,4709,72.40159901599016
cattrs,25.3.0,937,20260919,937,135,6504,5142,79.0590405904059
cattrs,25.3.0,938,20260919,937,135,6504,5038,77.460024600246
cattrs,25.3.0,939,20260919,937,135,6504,5204,80.01230012300122
cattrs,25.3.0,940,20260919,937,135,6504,5446,83.7330873308733
cattrs,25.3.0,941,20260919,937,135,6504,4838,74.3849938499385
cattrs,25.3.0,942,20260919,937,135,6504,5183,79.68942189421894
cattrs,25.3.0,943,20260919,937,135,6504,5205,80.02767527675277
cattrs,25.3.0,944,20260919,937,135,6504,4817,74.06211562115621
cattrs,25.3.0,945,20260919,937,135,6504,5111,78.58241082410824
cattrs,25.3.0,946,20260919,937,135,6504,4848,74.53874538745387
cattrs,25.3.0,947,20260919,937,135,6504,5078,78.0750307503075
cattrs,25.3.0,948,20260919,937,135,6504,4997,76.82964329643296
cattrs,25.3.0,949,20260919,937,135,6504,5039,77.47539975399754
cattrs,25.3.0,950,20260919,937,135,6504,5151,79.19741697416974
cattrs,25.3.0,951,20260919,937,135,6504,4774,73.4009840098401
cattrs,25.3.0,952,20260919,937,135,6504,5176,79.58179581795818
cattrs,25.3.0,953,20260919,937,135,6504,5233,80.45817958179582
cattrs,25.3.0,954,20260919,937,135,6504,5071,77.96740467404675
cattrs,25.3.0,955,20260919,937,135,6504,5153,79.22816728167281
cattrs,25.3.0,956,20260919,937,135,6504,4835,74.33886838868389
cattrs,25.3.0,957,20260919,937,135,6504,4990,76.7220172201722
cattrs,25.3.0,958,20260919,937,135,6504,4883,75.07687576875769
cattrs,25.3.0,959,20260919,937,135,6504,5224,80.31980319803198
cattrs,25.3.0,960,20260919,937,135,6504,4992,76.75276752767527
cattrs,25.3.0,961,20260919,937,135,6504,4982,76.5990159901599
cattrs,25.3.0,962,20260919,937,135,6504,5090,78.25953259532595
cattrs,25.3.0,963,20260919,937,135,6504,4733,72.77060270602706
cattrs,25.3.0,964,20260919,937,135,6504,4808,73.92373923739237
cattrs,25.3.0,965,20260919,937,135,6504,4850,74.56949569495696
cattrs,25.3.0,966,20260919,937,135,6504,5029,77.32164821648216
cattrs,25.3.0,967,20260919,937,135,6504,5222,80.28905289052891
cattrs,25.3.0,968,20260919,937,135,6504,5066,77.89052890528906
cattrs,25.3.0,969,20260919,937,135,6504,5061,77.81365313653137
cattrs,25.3.0,970,20260919,937,135,6504,5370,82.56457564575646
cattrs,25.3.0,971,20260919,937,135,6504,5222,80.28905289052891
cattrs,25.3.0,972,20260919,937,135,6504,4827,74.21586715867159
cattrs,25.3.0,973,20260919,937,135,6504,5032,77.36777367773678
cattrs,25.3.0,974,20260919,937,135,6504,4916,75.58425584255842
cattrs,25.3.0,975,20260919,937,135,6504,5371,82.579950799508
cattrs,25.3.0,976,20260919,937,135,6504,5232,80.44280442804428
cattrs,25.3.0,977,20260919,937,135,6504,5199,79.93542435424354
cattrs,25.3.0,978,20260919,937,135,6504,5177,79.59717097170972
cattrs,25.3.0,979,20260919,937,135,6504,5237,80.51968019680197
cattrs,25.3.0,980,20260919,937,135,6504,4804,73.86223862238623
cattrs,25.3.0,981,20260919,937,135,6504,4839,74.40036900369003
cattrs,25.3.0,982,20260919,937,135,6504,5374,82.6260762607626
cattrs,25.3.0,983,20260919,937,135,6504,4568,70.23370233702337
cattrs,25.3.0,984,20260919,937,135,6504,4993,76.76814268142681
cattrs,25.3.0,985,20260919,937,135,6504,5383,82.76445264452644
cattrs,25.3.0,986,20260919,937,135,6504,4978,76.53751537515375
cattrs,25.3.0,987,20260919,937,135,6504,5199,79.93542435424354
cattrs,25.3.0,988,20260919,937,135,6504,5207,80.05842558425584
cattrs,25.3.0,989,20260919,937,135,6504,5088,78.22878228782288
cattrs,25.3.0,990,20260919,937,135,6504,5144,79.08979089790898
cattrs,25.3.0,991,20260919,937,135,6504,5140,79.02829028290283
cattrs,25.3.0,992,20260919,937,135,6504,5114,78.62853628536286
cattrs,25.3.0,993,20260919,937,135,6504,5199,79.93542435424354
cattrs,25.3.0,994,20260919,937,135,6504,5318,81.76506765067651
cattrs,25.3.0,995,20260919,937,135,6504,5027,77.29089790897909
cattrs,25.3.0,996,20260919,937,135,6504,5261,80.88868388683886
cattrs,25.3.0,997,20260919,937,135,6504,5232,80.44280442804428
cattrs,25.3.0,998,20260919,937,135,6504,5156,79.27429274292743
cattrs,25.3.0,999,20260919,937,135,6504,4812,73.98523985239852
cattrs,25.3.0,1000,20260919,937,135,6504,4929,75.78413284132841
cattrs,26.1.0,1,20260920,972,141,6786,5361,79.00088417329796
cattrs,26.1.0,2,20260920,972,141,6786,5069,74.69790745652814
cattrs,26.1.0,3,20260920,972,141,6786,5439,80.15030946065428
cattrs,26.1.0,4,20260920,972,141,6786,5524,81.40288829944002
cattrs,26.1.0,5,20260920,972,141,6786,5367,79.0893015030946
cattrs,26.1.0,6,20260920,972,141,6786,5324,78.45564397288535
cattrs,26.1.0,7,20260920,972,141,6786,5339,78.67668729737696
cattrs,26.1.0,8,20260920,972,141,6786,5036,74.21161214264663
cattrs,26.1.0,9,20260920,972,141,6786,5067,74.6684350132626
cattrs,26.1.0,10,20260920,972,141,6786,5266,77.6009431181845
cattrs,26.1.0,11,20260920,972,141,6786,4900,72.20748600058945
cattrs,26.1.0,12,20260920,972,141,6786,4983,73.43059239610963
cattrs,26.1.0,13,20260920,972,141,6786,5463,80.50397877984085
cattrs,26.1.0,14,20260920,972,141,6786,5394,79.48717948717949
cattrs,26.1.0,15,20260920,972,141,6786,5353,78.88299440023577
cattrs,26.1.0,16,20260920,972,141,6786,5523,81.38815207780725
cattrs,26.1.0,17,20260920,972,141,6786,5322,78.42617152961981
cattrs,26.1.0,18,20260920,972,141,6786,5272,77.68936044798114
cattrs,26.1.0,19,20260920,972,141,6786,5352,78.868258178603
cattrs,26.1.0,20,20260920,972,141,6786,5272,77.68936044798114
cattrs,26.1.0,21,20260920,972,141,6786,4924,72.561155319776
cattrs,26.1.0,22,20260920,972,141,6786,5258,77.48305334512231
cattrs,26.1.0,23,20260920,972,141,6786,5360,78.98614795166519
cattrs,26.1.0,24,20260920,972,141,6786,5318,78.36722664308871
cattrs,26.1.0,25,20260920,972,141,6786,5434,80.07662835249042
cattrs,26.1.0,26,20260920,972,141,6786,5019,73.96109637488948
cattrs,26.1.0,27,20260920,972,141,6786,4875,71.83908045977012
cattrs,26.1.0,28,20260920,972,141,6786,5005,73.75478927203065
cattrs,26.1.0,29,20260920,972,141,6786,5380,79.28087238432066
cattrs,26.1.0,30,20260920,972,141,6786,5470,80.60713233127026
cattrs,26.1.0,31,20260920,972,141,6786,5019,73.96109637488948
cattrs,26.1.0,32,20260920,972,141,6786,4764,70.20335985853227
cattrs,26.1.0,33,20260920,972,141,6786,5217,76.8788682581786
cattrs,26.1.0,34,20260920,972,141,6786,5516,81.28499852637783
cattrs,26.1.0,35,20260920,972,141,6786,5122,75.47892720306514
cattrs,26.1.0,36,20260920,972,141,6786,5367,79.0893015030946
cattrs,26.1.0,37,20260920,972,141,6786,5063,74.6094901267315
cattrs,26.1.0,38,20260920,972,141,6786,5206,76.71676982021809
cattrs,26.1.0,39,20260920,972,141,6786,5531,81.50604185086944
cattrs,26.1.0,40,20260920,972,141,6786,5158,76.00943118184497
cattrs,26.1.0,41,20260920,972,141,6786,5214,76.83465959328028
cattrs,26.1.0,42,20260920,972,141,6786,5535,81.56498673740053
cattrs,26.1.0,43,20260920,972,141,6786,5344,78.75036840554083
cattrs,26.1.0,44,20260920,972,141,6786,5225,76.99675803124079
cattrs,26.1.0,45,20260920,972,141,6786,5370,79.13351016799292
cattrs,26.1.0,46,20260920,972,141,6786,5148,75.86206896551724
cattrs,26.1.0,47,20260920,972,141,6786,5323,78.44090775125258
cattrs,26.1.0,48,20260920,972,141,6786,5472,80.63660477453581
cattrs,26.1.0,49,20260920,972,141,6786,5528,81.46183318597112
cattrs,26.1.0,50,20260920,972,141,6786,5442,80.1945181255526
cattrs,26.1.0,51,20260920,972,141,6786,5520,81.34394341290893
cattrs,26.1.0,52,20260920,972,141,6786,5624,82.87651046271736
cattrs,26.1.0,53,20260920,972,141,6786,5432,80.04715590922487
cattrs,26.1.0,54,20260920,972,141,6786,5210,76.77571470674918
cattrs,26.1.0,55,20260920,972,141,6786,5111,75.31682876510463
cattrs,26.1.0,56,20260920,972,141,6786,5152,75.92101385204833
cattrs,26.1.0,57,20260920,972,141,6786,5174,76.24521072796935
cattrs,26.1.0,58,20260920,972,141,6786,5543,81.68287651046272
cattrs,26.1.0,59,20260920,972,141,6786,5503,81.09342764515178
cattrs,26.1.0,60,20260920,972,141,6786,5226,77.01149425287356
cattrs,26.1.0,61,20260920,972,141,6786,5628,82.93545534924846
cattrs,26.1.0,62,20260920,972,141,6786,5132,75.62628941939286
cattrs,26.1.0,63,20260920,972,141,6786,4767,70.24756852343059
cattrs,26.1.0,64,20260920,972,141,6786,5212,76.80518715001473
cattrs,26.1.0,65,20260920,972,141,6786,5251,77.3798997936929
cattrs,26.1.0,66,20260920,972,141,6786,5510,81.19658119658119
cattrs,26.1.0,67,20260920,972,141,6786,5369,79.11877394636015
cattrs,26.1.0,68,20260920,972,141,6786,5682,83.73121131741821
cattrs,26.1.0,69,20260920,972,141,6786,5306,78.19039198349543
cattrs,26.1.0,70,20260920,972,141,6786,5366,79.07456528146183
cattrs,26.1.0,71,20260920,972,141,6786,5352,78.868258178603
cattrs,26.1.0,72,20260920,972,141,6786,5138,75.7147067491895
cattrs,26.1.0,73,20260920,972,141,6786,5327,78.49985263778368
cattrs,26.1.0,74,20260920,972,141,6786,5336,78.63247863247864
cattrs,26.1.0,75,20260920,972,141,6786,5090,75.00736811081639
cattrs,26.1.0,76,20260920,972,141,6786,5437,80.12083701738874
cattrs,26.1.0,77,20260920,972,141,6786,5436,80.10610079575596
cattrs,26.1.0,78,20260920,972,141,6786,5478,80.72502210433245
cattrs,26.1.0,79,20260920,972,141,6786,5483,80.79870321249632
cattrs,26.1.0,80,20260920,972,141,6786,5096,75.09578544061303
cattrs,26.1.0,81,20260920,972,141,6786,5337,78.64721485411141
cattrs,26.1.0,82,20260920,972,141,6786,5308,78.21986442676098
cattrs,26.1.0,83,20260920,972,141,6786,5419,79.85558502799883
cattrs,26.1.0,84,20260920,972,141,6786,5330,78.544061302682
cattrs,26.1.0,85,20260920,972,141,6786,5408,79.69348659003832
cattrs,26.1.0,86,20260920,972,141,6786,5294,78.01355732390215
cattrs,26.1.0,87,20260920,972,141,6786,5127,75.552608311229
cattrs,26.1.0,88,20260920,972,141,6786,5164,76.09784851164162
cattrs,26.1.0,89,20260920,972,141,6786,5401,79.5903330386089
cattrs,26.1.0,90,20260920,972,141,6786,5090,75.00736811081639
cattrs,26.1.0,91,20260920,972,141,6786,5257,77.46831712348954
cattrs,26.1.0,92,20260920,972,141,6786,5211,76.79045092838196
cattrs,26.1.0,93,20260920,972,141,6786,5006,73.76952549366342
cattrs,26.1.0,94,20260920,972,141,6786,5098,75.12525788387858
cattrs,26.1.0,95,20260920,972,141,6786,5269,77.64515178308282
cattrs,26.1.0,96,20260920,972,141,6786,5083,74.90421455938697
cattrs,26.1.0,97,20260920,972,141,6786,4952,72.97376952549367
cattrs,26.1.0,98,20260920,972,141,6786,5149,75.87680518715001
cattrs,26.1.0,99,20260920,972,141,6786,5209,76.76097848511641
cattrs,26.1.0,100,20260920,972,141,6786,5510,81.19658119658119
cattrs,26.1.0,101,20260920,972,141,6786,5342,78.72089596227528
cattrs,26.1.0,102,20260920,972,141,6786,5192,76.51046271735927
cattrs,26.1.0,103,20260920,972,141,6786,5197,76.58414382552314
cattrs,26.1.0,104,20260920,972,141,6786,5480,80.754494547598
cattrs,26.1.0,105,20260920,972,141,6786,5431,80.0324196875921
cattrs,26.1.0,106,20260920,972,141,6786,5428,79.98821102269378
cattrs,26.1.0,107,20260920,972,141,6786,5361,79.00088417329796
cattrs,26.1.0,108,20260920,972,141,6786,5446,80.2534630120837
cattrs,26.1.0,109,20260920,972,141,6786,5316,78.33775419982317
cattrs,26.1.0,110,20260920,972,141,6786,5709,84.1290893015031
cattrs,26.1.0,111,20260920,972,141,6786,5270,77.6598880047156
cattrs,26.1.0,112,20260920,972,141,6786,4928,72.6201002063071
cattrs,26.1.0,113,20260920,972,141,6786,5253,77.40937223695845
cattrs,26.1.0,114,20260920,972,141,6786,4807,70.83701738874153
cattrs,26.1.0,115,20260920,972,141,6786,5281,77.82198644267609
cattrs,26.1.0,116,20260920,972,141,6786,5330,78.544061302682
cattrs,26.1.0,117,20260920,972,141,6786,5339,78.67668729737696
cattrs,26.1.0,118,20260920,972,141,6786,5220,76.92307692307692
cattrs,26.1.0,119,20260920,972,141,6786,5476,80.6955496610669
cattrs,26.1.0,120,20260920,972,141,6786,5054,74.47686413203654
cattrs,26.1.0,121,20260920,972,141,6786,5171,76.20100206307103
cattrs,26.1.0,122,20260920,972,141,6786,5298,78.07250221043324
cattrs,26.1.0,123,20260920,972,141,6786,5458,80.43029767167698
cattrs,26.1.0,124,20260920,972,141,6786,5552,81.81550250515768
cattrs,26.1.0,125,20260920,972,141,6786,5304,78.16091954022988
cattrs,26.1.0,126,20260920,972,141,6786,5271,77.67462422634837
cattrs,26.1.0,127,20260920,972,141,6786,5364,79.04509283819628
cattrs,26.1.0,128,20260920,972,141,6786,5073,74.75685234305924
cattrs,26.1.0,129,20260920,972,141,6786,4897,72.16327733569113
cattrs,26.1.0,130,20260920,972,141,6786,5120,75.4494547597996
cattrs,26.1.0,131,20260920,972,141,6786,5420,79.8703212496316
cattrs,26.1.0,132,20260920,972,141,6786,5205,76.70203359858532
cattrs,26.1.0,133,20260920,972,141,6786,5294,78.01355732390215
cattrs,26.1.0,134,20260920,972,141,6786,5184,76.39257294429709
cattrs,26.1.0,135,20260920,972,141,6786,5412,79.75243147656941
cattrs,26.1.0,136,20260920,972,141,6786,5497,81.00501031535514
cattrs,26.1.0,137,20260920,972,141,6786,5154,75.95048629531388
cattrs,26.1.0,138,20260920,972,141,6786,5115,75.37577365163573
cattrs,26.1.0,139,20260920,972,141,6786,5117,75.40524609490127
cattrs,26.1.0,140,20260920,972,141,6786,5621,82.83230179781904
cattrs,26.1.0,141,20260920,972,141,6786,5197,76.58414382552314
cattrs,26.1.0,142,20260920,972,141,6786,5286,77.89566755083996
cattrs,26.1.0,143,20260920,972,141,6786,4944,72.85587975243148
cattrs,26.1.0,144,20260920,972,141,6786,4924,72.561155319776
cattrs,26.1.0,145,20260920,972,141,6786,5397,79.53138815207781
cattrs,26.1.0,146,20260920,972,141,6786,5177,76.28941939286767
cattrs,26.1.0,147,20260920,972,141,6786,5305,78.17565576186266
cattrs,26.1.0,148,20260920,972,141,6786,5229,77.05570291777188
cattrs,26.1.0,149,20260920,972,141,6786,5193,76.52519893899205
cattrs,26.1.0,150,20260920,972,141,6786,5069,74.69790745652814
cattrs,26.1.0,151,20260920,972,141,6786,5239,77.20306513409962
cattrs,26.1.0,152,20260920,972,141,6786,5483,80.79870321249632
cattrs,26.1.0,153,20260920,972,141,6786,5298,78.07250221043324
cattrs,26.1.0,154,20260920,972,141,6786,5415,79.79664014146773
cattrs,26.1.0,155,20260920,972,141,6786,5201,76.64308871205422
cattrs,26.1.0,156,20260920,972,141,6786,5137,75.69997052755673
cattrs,26.1.0,157,20260920,972,141,6786,5406,79.66401414677277
cattrs,26.1.0,158,20260920,972,141,6786,5444,80.22399056881815
cattrs,26.1.0,159,20260920,972,141,6786,5126,75.53787208959623
cattrs,26.1.0,160,20260920,972,141,6786,5437,80.12083701738874
cattrs,26.1.0,161,20260920,972,141,6786,5354,78.89773062186855
cattrs,26.1.0,162,20260920,972,141,6786,5453,80.35661656351311
cattrs,26.1.0,163,20260920,972,141,6786,5374,79.19245505452402
cattrs,26.1.0,164,20260920,972,141,6786,4984,73.4453286177424
cattrs,26.1.0,165,20260920,972,141,6786,5411,79.73769525493664
cattrs,26.1.0,166,20260920,972,141,6786,5273,77.70409666961392
cattrs,26.1.0,167,20260920,972,141,6786,5457,80.41556145004421
cattrs,26.1.0,168,20260920,972,141,6786,5420,79.8703212496316
cattrs,26.1.0,169,20260920,972,141,6786,5015,73.90215148835838
cattrs,26.1.0,170,20260920,972,141,6786,5352,78.868258178603
cattrs,26.1.0,171,20260920,972,141,6786,5631,82.97966401414678
cattrs,26.1.0,172,20260920,972,141,6786,5670,83.55437665782493
cattrs,26.1.0,173,20260920,972,141,6786,5506,81.1376363100501
cattrs,26.1.0,174,20260920,972,141,6786,5459,80.44503389330976
cattrs,26.1.0,175,20260920,972,141,6786,5388,79.39876215738285
cattrs,26.1.0,176,20260920,972,141,6786,5256,77.45358090185677
cattrs,26.1.0,177,20260920,972,141,6786,5180,76.33362805776599
cattrs,26.1.0,178,20260920,972,141,6786,5116,75.3905098732685
cattrs,26.1.0,179,20260920,972,141,6786,5363,79.03035661656351
cattrs,26.1.0,180,20260920,972,141,6786,5139,75.72944297082228
cattrs,26.1.0,181,20260920,972,141,6786,5264,77.57147067491896
cattrs,26.1.0,182,20260920,972,141,6786,5460,80.45977011494253
cattrs,26.1.0,183,20260920,972,141,6786,5257,77.46831712348954
cattrs,26.1.0,184,20260920,972,141,6786,5241,77.23253757736516
cattrs,26.1.0,185,20260920,972,141,6786,5032,74.15266725611554
cattrs,26.1.0,186,20260920,972,141,6786,5190,76.48099027409373
cattrs,26.1.0,187,20260920,972,141,6786,5410,79.72295903330387
cattrs,26.1.0,188,20260920,972,141,6786,5209,76.76097848511641
cattrs,26.1.0,189,20260920,972,141,6786,5673,83.59858532272325
cattrs,26.1.0,190,20260920,972,141,6786,5176,76.2746831712349
cattrs,26.1.0,191,20260920,972,141,6786,5339,78.67668729737696
cattrs,26.1.0,192,20260920,972,141,6786,5255,77.438844680224
cattrs,26.1.0,193,20260920,972,141,6786,5548,81.75655761862659
cattrs,26.1.0,194,20260920,972,141,6786,5563,81.97760094311819
cattrs,26.1.0,195,20260920,972,141,6786,5363,79.03035661656351
cattrs,26.1.0,196,20260920,972,141,6786,5104,75.21367521367522
cattrs,26.1.0,197,20260920,972,141,6786,5112,75.3315649867374
cattrs,26.1.0,198,20260920,972,141,6786,5364,79.04509283819628
cattrs,26.1.0,199,20260920,972,141,6786,5180,76.33362805776599
cattrs,26.1.0,200,20260920,972,141,6786,5502,81.078691423519
cattrs,26.1.0,201,20260920,972,141,6786,5012,73.85794282346006
cattrs,26.1.0,202,20260920,972,141,6786,5347,78.79457707043915
cattrs,26.1.0,203,20260920,972,141,6786,5536,81.5797229590333
cattrs,26.1.0,204,20260920,972,141,6786,5076,74.80106100795756
cattrs,26.1.0,205,20260920,972,141,6786,5087,74.96315944591807
cattrs,26.1.0,206,20260920,972,141,6786,5464,80.51871500147362
cattrs,26.1.0,207,20260920,972,141,6786,5267,77.61567933981728
cattrs,26.1.0,208,20260920,972,141,6786,5372,79.16298261125847
cattrs,26.1.0,209,20260920,972,141,6786,5561,81.94812849985264
cattrs,26.1.0,210,20260920,972,141,6786,5256,77.45358090185677
cattrs,26.1.0,211,20260920,972,141,6786,5085,74.93368700265252
cattrs,26.1.0,212,20260920,972,141,6786,5311,78.2640730916593
cattrs,26.1.0,213,20260920,972,141,6786,5330,78.544061302682
cattrs,26.1.0,214,20260920,972,141,6786,5512,81.22605363984674
cattrs,26.1.0,215,20260920,972,141,6786,5202,76.657824933687
cattrs,26.1.0,216,20260920,972,141,6786,4897,72.16327733569113
cattrs,26.1.0,217,20260920,972,141,6786,5210,76.77571470674918
cattrs,26.1.0,218,20260920,972,141,6786,4771,70.30651340996168
cattrs,26.1.0,219,20260920,972,141,6786,5506,81.1376363100501
cattrs,26.1.0,220,20260920,972,141,6786,5014,73.88741526672561
cattrs,26.1.0,221,20260920,972,141,6786,5270,77.6598880047156
cattrs,26.1.0,222,20260920,972,141,6786,4983,73.43059239610963
cattrs,26.1.0,223,20260920,972,141,6786,5078,74.8305334512231
cattrs,26.1.0,224,20260920,972,141,6786,5111,75.31682876510463
cattrs,26.1.0,225,20260920,972,141,6786,5568,82.05128205128206
cattrs,26.1.0,226,20260920,972,141,6786,5060,74.56528146183318
cattrs,26.1.0,227,20260920,972,141,6786,5156,75.97995873857943
cattrs,26.1.0,228,20260920,972,141,6786,5273,77.70409666961392
cattrs,26.1.0,229,20260920,972,141,6786,5376,79.22192749778957
cattrs,26.1.0,230,20260920,972,141,6786,5368,79.10403772472738
cattrs,26.1.0,231,20260920,972,141,6786,5680,83.70173887415267
cattrs,26.1.0,232,20260920,972,141,6786,5548,81.75655761862659
cattrs,26.1.0,233,20260920,972,141,6786,5445,80.23872679045093
cattrs,26.1.0,234,20260920,972,141,6786,5180,76.33362805776599
cattrs,26.1.0,235,20260920,972,141,6786,5194,76.53993516062482
cattrs,26.1.0,236,20260920,972,141,6786,5552,81.81550250515768
cattrs,26.1.0,237,20260920,972,141,6786,5161,76.0536398467433
cattrs,26.1.0,238,20260920,972,141,6786,5086,74.94842322428529
cattrs,26.1.0,239,20260920,972,141,6786,5320,78.39669908635426
cattrs,26.1.0,240,20260920,972,141,6786,5345,78.7651046271736
cattrs,26.1.0,241,20260920,972,141,6786,5334,78.60300618921309
cattrs,26.1.0,242,20260920,972,141,6786,5273,77.70409666961392
cattrs,26.1.0,243,20260920,972,141,6786,5313,78.29354553492485
cattrs,26.1.0,244,20260920,972,141,6786,5258,77.48305334512231
cattrs,26.1.0,245,20260920,972,141,6786,5108,75.27262010020631
cattrs,26.1.0,246,20260920,972,141,6786,5396,79.51665193044504
cattrs,26.1.0,247,20260920,972,141,6786,5335,78.61774241084586
cattrs,26.1.0,248,20260920,972,141,6786,5407,79.67875036840555
cattrs,26.1.0,249,20260920,972,141,6786,5659,83.39227821986442
cattrs,26.1.0,250,20260920,972,141,6786,5143,75.78838785735337
cattrs,26.1.0,251,20260920,972,141,6786,5447,80.26819923371647
cattrs,26.1.0,252,20260920,972,141,6786,5310,78.24933687002653
cattrs,26.1.0,253,20260920,972,141,6786,5203,76.67256115531977
cattrs,26.1.0,254,20260920,972,141,6786,4679,68.95078101974654
cattrs,26.1.0,255,20260920,972,141,6786,5364,79.04509283819628
cattrs,26.1.0,256,20260920,972,141,6786,5457,80.41556145004421
cattrs,26.1.0,257,20260920,972,141,6786,5318,78.36722664308871
cattrs,26.1.0,258,20260920,972,141,6786,5181,76.34836427939877
cattrs,26.1.0,259,20260920,972,141,6786,4780,70.43913940465664
cattrs,26.1.0,260,20260920,972,141,6786,4907,72.31063955201886
cattrs,26.1.0,261,20260920,972,141,6786,5257,77.46831712348954
cattrs,26.1.0,262,20260920,972,141,6786,5290,77.95461243737105
cattrs,26.1.0,263,20260920,972,141,6786,5489,80.88712054229296
cattrs,26.1.0,264,20260920,972,141,6786,5502,81.078691423519
cattrs,26.1.0,265,20260920,972,141,6786,5237,77.17359269083407
cattrs,26.1.0,266,20260920,972,141,6786,5622,82.84703801945182
cattrs,26.1.0,267,20260920,972,141,6786,5084,74.91895078101975
cattrs,26.1.0,268,20260920,972,141,6786,5151,75.90627763041556
cattrs,26.1.0,269,20260920,972,141,6786,5442,80.1945181255526
cattrs,26.1.0,270,20260920,972,141,6786,5096,75.09578544061303
cattrs,26.1.0,271,20260920,972,141,6786,5175,76.25994694960212
cattrs,26.1.0,272,20260920,972,141,6786,5049,74.40318302387269
cattrs,26.1.0,273,20260920,972,141,6786,5151,75.90627763041556
cattrs,26.1.0,274,20260920,972,141,6786,5057,74.52107279693486
cattrs,26.1.0,275,20260920,972,141,6786,5298,78.07250221043324
cattrs,26.1.0,276,20260920,972,141,6786,5260,77.51252578838786
cattrs,26.1.0,277,20260920,972,141,6786,5171,76.20100206307103
cattrs,26.1.0,278,20260920,972,141,6786,5156,75.97995873857943
cattrs,26.1.0,279,20260920,972,141,6786,5501,81.06395520188623
cattrs,26.1.0,280,20260920,972,141,6786,5164,76.09784851164162
cattrs,26.1.0,281,20260920,972,141,6786,5353,78.88299440023577
cattrs,26.1.0,282,20260920,972,141,6786,4749,69.98231653404068
cattrs,26.1.0,283,20260920,972,141,6786,5063,74.6094901267315
cattrs,26.1.0,284,20260920,972,141,6786,5402,79.60506926024168
cattrs,26.1.0,285,20260920,972,141,6786,5637,83.06808134394342
cattrs,26.1.0,286,20260920,972,141,6786,5052,74.447391688771
cattrs,26.1.0,287,20260920,972,141,6786,5422,79.89979369289713
cattrs,26.1.0,288,20260920,972,141,6786,5127,75.552608311229
cattrs,26.1.0,289,20260920,972,141,6786,5288,77.9251399941055
cattrs,26.1.0,290,20260920,972,141,6786,4992,73.5632183908046
cattrs,26.1.0,291,20260920,972,141,6786,5273,77.70409666961392
cattrs,26.1.0,292,20260920,972,141,6786,5298,78.07250221043324
cattrs,26.1.0,293,20260920,972,141,6786,5227,77.02623047450633
cattrs,26.1.0,294,20260920,972,141,6786,5497,81.00501031535514
cattrs,26.1.0,295,20260920,972,141,6786,5333,78.58826996758032
cattrs,26.1.0,296,20260920,972,141,6786,5365,79.05982905982906
cattrs,26.1.0,297,20260920,972,141,6786,5571,82.09549071618036
cattrs,26.1.0,298,20260920,972,141,6786,5156,75.97995873857943
cattrs,26.1.0,299,20260920,972,141,6786,5553,81.83023872679045
cattrs,26.1.0,300,20260920,972,141,6786,5385,79.35455349248453
cattrs,26.1.0,301,20260920,972,141,6786,5266,77.6009431181845
cattrs,26.1.0,302,20260920,972,141,6786,5333,78.58826996758032
cattrs,26.1.0,303,20260920,972,141,6786,5464,80.51871500147362
cattrs,26.1.0,304,20260920,972,141,6786,5424,79.92926613616268
cattrs,26.1.0,305,20260920,972,141,6786,5559,81.9186560565871
cattrs,26.1.0,306,20260920,972,141,6786,5219,76.90834070144415
cattrs,26.1.0,307,20260920,972,141,6786,5404,79.63454170350722
cattrs,26.1.0,308,20260920,972,141,6786,5515,81.27026230474506
cattrs,26.1.0,309,20260920,972,141,6786,5276,77.74830533451222
cattrs,26.1.0,310,20260920,972,141,6786,5531,81.50604185086944
cattrs,26.1.0,311,20260920,972,141,6786,5360,78.98614795166519
cattrs,26.1.0,312,20260920,972,141,6786,5138,75.7147067491895
cattrs,26.1.0,313,20260920,972,141,6786,5230,77.07043913940466
cattrs,26.1.0,314,20260920,972,141,6786,4939,72.78219864426761
cattrs,26.1.0,315,20260920,972,141,6786,5200,76.62835249042146
cattrs,26.1.0,316,20260920,972,141,6786,5436,80.10610079575596
cattrs,26.1.0,317,20260920,972,141,6786,5305,78.17565576186266
cattrs,26.1.0,318,20260920,972,141,6786,5342,78.72089596227528
cattrs,26.1.0,319,20260920,972,141,6786,5360,78.98614795166519
cattrs,26.1.0,320,20260920,972,141,6786,5232,77.0999115826702
cattrs,26.1.0,321,20260920,972,141,6786,5481,80.76923076923077
cattrs,26.1.0,322,20260920,972,141,6786,5458,80.43029767167698
cattrs,26.1.0,323,20260920,972,141,6786,4666,68.75921013852049
cattrs,26.1.0,324,20260920,972,141,6786,5452,80.34188034188034
cattrs,26.1.0,325,20260920,972,141,6786,5134,75.65576186265841
cattrs,26.1.0,326,20260920,972,141,6786,5154,75.95048629531388
cattrs,26.1.0,327,20260920,972,141,6786,5606,82.61125847332744
cattrs,26.1.0,328,20260920,972,141,6786,5526,81.43236074270557
cattrs,26.1.0,329,20260920,972,141,6786,5291,77.96934865900383
cattrs,26.1.0,330,20260920,972,141,6786,5085,74.93368700265252
cattrs,26.1.0,331,20260920,972,141,6786,5696,83.93751842027704
cattrs,26.1.0,332,20260920,972,141,6786,5006,73.76952549366342
cattrs,26.1.0,333,20260920,972,141,6786,5260,77.51252578838786
cattrs,26.1.0,334,20260920,972,141,6786,5145,75.81786030061892
cattrs,26.1.0,335,20260920,972,141,6786,5536,81.5797229590333
cattrs,26.1.0,336,20260920,972,141,6786,5450,80.3124078986148
cattrs,26.1.0,337,20260920,972,141,6786,5164,76.09784851164162
cattrs,26.1.0,338,20260920,972,141,6786,5148,75.86206896551724
cattrs,26.1.0,339,20260920,972,141,6786,5323,78.44090775125258
cattrs,26.1.0,340,20260920,972,141,6786,5198,76.59888004715592
cattrs,26.1.0,341,20260920,972,141,6786,5227,77.02623047450633
cattrs,26.1.0,342,20260920,972,141,6786,5485,80.82817565576187
cattrs,26.1.0,343,20260920,972,141,6786,5340,78.69142351900973
cattrs,26.1.0,344,20260920,972,141,6786,5056,74.50633657530209
cattrs,26.1.0,345,20260920,972,141,6786,5373,79.17771883289124
cattrs,26.1.0,346,20260920,972,141,6786,5376,79.22192749778957
cattrs,26.1.0,347,20260920,972,141,6786,4996,73.62216327733569
cattrs,26.1.0,348,20260920,972,141,6786,5291,77.96934865900383
cattrs,26.1.0,349,20260920,972,141,6786,4826,71.11700559976423
cattrs,26.1.0,350,20260920,972,141,6786,5169,76.17152961980548
cattrs,26.1.0,351,20260920,972,141,6786,4933,72.69378131447097
cattrs,26.1.0,352,20260920,972,141,6786,5090,75.00736811081639
cattrs,26.1.0,353,20260920,972,141,6786,5202,76.657824933687
cattrs,26.1.0,354,20260920,972,141,6786,5155,75.96522251694665
cattrs,26.1.0,355,20260920,972,141,6786,5607,82.62599469496021
cattrs,26.1.0,356,20260920,972,141,6786,5231,77.08517536103743
cattrs,26.1.0,357,20260920,972,141,6786,5443,80.20925434718538
cattrs,26.1.0,358,20260920,972,141,6786,4990,73.53374594753905
cattrs,26.1.0,359,20260920,972,141,6786,5069,74.69790745652814
cattrs,26.1.0,360,20260920,972,141,6786,5254,77.42410845859122
cattrs,26.1.0,361,20260920,972,141,6786,5447,80.26819923371647
cattrs,26.1.0,362,20260920,972,141,6786,5382,79.3103448275862
cattrs,26.1.0,363,20260920,972,141,6786,5335,78.61774241084586
cattrs,26.1.0,364,20260920,972,141,6786,5131,75.61155319776009
cattrs,26.1.0,365,20260920,972,141,6786,5323,78.44090775125258
cattrs,26.1.0,366,20260920,972,141,6786,5431,80.0324196875921
cattrs,26.1.0,367,20260920,972,141,6786,5468,80.57765988800472
cattrs,26.1.0,368,20260920,972,141,6786,5043,74.31476569407604
cattrs,26.1.0,369,20260920,972,141,6786,5238,77.18832891246684
cattrs,26.1.0,370,20260920,972,141,6786,5045,74.34423813734159
cattrs,26.1.0,371,20260920,972,141,6786,5400,79.57559681697613
cattrs,26.1.0,372,20260920,972,141,6786,5480,80.754494547598
cattrs,26.1.0,373,20260920,972,141,6786,5598,82.49336870026525
cattrs,26.1.0,374,20260920,972,141,6786,5380,79.28087238432066
cattrs,26.1.0,375,20260920,972,141,6786,5172,76.2157382847038
cattrs,26.1.0,376,20260920,972,141,6786,5500,81.04921898025346
cattrs,26.1.0,377,20260920,972,141,6786,5272,77.68936044798114
cattrs,26.1.0,378,20260920,972,141,6786,5209,76.76097848511641
cattrs,26.1.0,379,20260920,972,141,6786,5227,77.02623047450633
cattrs,26.1.0,380,20260920,972,141,6786,4893,72.10433244916004
cattrs,26.1.0,381,20260920,972,141,6786,5512,81.22605363984674
cattrs,26.1.0,382,20260920,972,141,6786,5351,78.85352195697023
cattrs,26.1.0,383,20260920,972,141,6786,5009,73.81373415856174
cattrs,26.1.0,384,20260920,972,141,6786,5519,81.32920719127615
cattrs,26.1.0,385,20260920,972,141,6786,5237,77.17359269083407
cattrs,26.1.0,386,20260920,972,141,6786,5408,79.69348659003832
cattrs,26.1.0,387,20260920,972,141,6786,5151,75.90627763041556
cattrs,26.1.0,388,20260920,972,141,6786,5465,80.5334512231064
cattrs,26.1.0,389,20260920,972,141,6786,4982,73.41585617447686
cattrs,26.1.0,390,20260920,972,141,6786,5402,79.60506926024168
cattrs,26.1.0,391,20260920,972,141,6786,4943,72.8411435307987
cattrs,26.1.0,392,20260920,972,141,6786,5234,77.12938402593575
cattrs,26.1.0,393,20260920,972,141,6786,5397,79.53138815207781
cattrs,26.1.0,394,20260920,972,141,6786,5779,85.16062481579723
cattrs,26.1.0,395,20260920,972,141,6786,5035,74.19687592101386
cattrs,26.1.0,396,20260920,972,141,6786,5276,77.74830533451222
cattrs,26.1.0,397,20260920,972,141,6786,5245,77.29148246389626
cattrs,26.1.0,398,20260920,972,141,6786,5228,77.04096669613911
cattrs,26.1.0,399,20260920,972,141,6786,5265,77.58620689655173
cattrs,26.1.0,400,20260920,972,141,6786,5077,74.81579722959033
cattrs,26.1.0,401,20260920,972,141,6786,5469,80.59239610963749
cattrs,26.1.0,402,20260920,972,141,6786,5256,77.45358090185677
cattrs,26.1.0,403,20260920,972,141,6786,5307,78.2051282051282
cattrs,26.1.0,404,20260920,972,141,6786,5244,77.27674624226348
cattrs,26.1.0,405,20260920,972,141,6786,5458,80.43029767167698
cattrs,26.1.0,406,20260920,972,141,6786,5526,81.43236074270557
cattrs,26.1.0,407,20260920,972,141,6786,5200,76.62835249042146
cattrs,26.1.0,408,20260920,972,141,6786,5101,75.1694665487769
cattrs,26.1.0,409,20260920,972,141,6786,5401,79.5903330386089
cattrs,26.1.0,410,20260920,972,141,6786,5363,79.03035661656351
cattrs,26.1.0,411,20260920,972,141,6786,5312,78.27880931329207
cattrs,26.1.0,412,20260920,972,141,6786,5174,76.24521072796935
cattrs,26.1.0,413,20260920,972,141,6786,4859,71.60330091364574
cattrs,26.1.0,414,20260920,972,141,6786,5158,76.00943118184497
cattrs,26.1.0,415,20260920,972,141,6786,5480,80.754494547598
cattrs,26.1.0,416,20260920,972,141,6786,5004,73.74005305039788
cattrs,26.1.0,417,20260920,972,141,6786,5267,77.61567933981728
cattrs,26.1.0,418,20260920,972,141,6786,5395,79.50191570881226
cattrs,26.1.0,419,20260920,972,141,6786,5121,75.46419098143237
cattrs,26.1.0,420,20260920,972,141,6786,5128,75.56734453286177
cattrs,26.1.0,421,20260920,972,141,6786,4986,73.47480106100795
cattrs,26.1.0,422,20260920,972,141,6786,5488,80.87238432066019
cattrs,26.1.0,423,20260920,972,141,6786,5274,77.71883289124668
cattrs,26.1.0,424,20260920,972,141,6786,5443,80.20925434718538
cattrs,26.1.0,425,20260920,972,141,6786,5141,75.75891541408782
cattrs,26.1.0,426,20260920,972,141,6786,5185,76.40730916592986
cattrs,26.1.0,427,20260920,972,141,6786,5471,80.62186855290304
cattrs,26.1.0,428,20260920,972,141,6786,5088,74.97789566755084
cattrs,26.1.0,429,20260920,972,141,6786,5269,77.64515178308282
cattrs,26.1.0,430,20260920,972,141,6786,5046,74.35897435897436
cattrs,26.1.0,431,20260920,972,141,6786,5233,77.11464780430298
cattrs,26.1.0,432,20260920,972,141,6786,5213,76.8199233716475
cattrs,26.1.0,433,20260920,972,141,6786,4609,67.91924550545241
cattrs,26.1.0,434,20260920,972,141,6786,5414,79.78190391983496
cattrs,26.1.0,435,20260920,972,141,6786,5006,73.76952549366342
cattrs,26.1.0,436,20260920,972,141,6786,5388,79.39876215738285
cattrs,26.1.0,437,20260920,972,141,6786,5275,77.73356911287945
cattrs,26.1.0,438,20260920,972,141,6786,5279,77.79251399941055
cattrs,26.1.0,439,20260920,972,141,6786,5188,76.45151783082818
cattrs,26.1.0,440,20260920,972,141,6786,4952,72.97376952549367
cattrs,26.1.0,441,20260920,972,141,6786,5169,76.17152961980548
cattrs,26.1.0,442,20260920,972,141,6786,5396,79.51665193044504
cattrs,26.1.0,443,20260920,972,141,6786,5019,73.96109637488948
cattrs,26.1.0,444,20260920,972,141,6786,4917,72.45800176834659
cattrs,26.1.0,445,20260920,972,141,6786,5066,74.65369879162982
cattrs,26.1.0,446,20260920,972,141,6786,5305,78.17565576186266
cattrs,26.1.0,447,20260920,972,141,6786,5091,75.02210433244916
cattrs,26.1.0,448,20260920,972,141,6786,5373,79.17771883289124
cattrs,26.1.0,449,20260920,972,141,6786,5014,73.88741526672561
cattrs,26.1.0,450,20260920,972,141,6786,5096,75.09578544061303
cattrs,26.1.0,451,20260920,972,141,6786,5491,80.91659298555851
cattrs,26.1.0,452,20260920,972,141,6786,4976,73.32743884468023
cattrs,26.1.0,453,20260920,972,141,6786,4991,73.54848216917182
cattrs,26.1.0,454,20260920,972,141,6786,5371,79.1482463896257
cattrs,26.1.0,455,20260920,972,141,6786,5057,74.52107279693486
cattrs,26.1.0,456,20260920,972,141,6786,5395,79.50191570881226
cattrs,26.1.0,457,20260920,972,141,6786,5217,76.8788682581786
cattrs,26.1.0,458,20260920,972,141,6786,5312,78.27880931329207
cattrs,26.1.0,459,20260920,972,141,6786,5497,81.00501031535514
cattrs,26.1.0,460,20260920,972,141,6786,5373,79.17771883289124
cattrs,26.1.0,461,20260920,972,141,6786,5296,78.0430297671677
cattrs,26.1.0,462,20260920,972,141,6786,5295,78.02829354553492
cattrs,26.1.0,463,20260920,972,141,6786,5308,78.21986442676098
cattrs,26.1.0,464,20260920,972,141,6786,5320,78.39669908635426
cattrs,26.1.0,465,20260920,972,141,6786,5183,76.37783672266431
cattrs,26.1.0,466,20260920,972,141,6786,5338,78.66195107574418
cattrs,26.1.0,467,20260920,972,141,6786,4937,72.75272620100206
cattrs,26.1.0,468,20260920,972,141,6786,5164,76.09784851164162
cattrs,26.1.0,469,20260920,972,141,6786,5296,78.0430297671677
cattrs,26.1.0,470,20260920,972,141,6786,5175,76.25994694960212
cattrs,26.1.0,471,20260920,972,141,6786,5548,81.75655761862659
cattrs,26.1.0,472,20260920,972,141,6786,5377,79.23666371942234
cattrs,26.1.0,473,20260920,972,141,6786,5266,77.6009431181845
cattrs,26.1.0,474,20260920,972,141,6786,5106,75.24314765694076
cattrs,26.1.0,475,20260920,972,141,6786,5400,79.57559681697613
cattrs,26.1.0,476,20260920,972,141,6786,5380,79.28087238432066
cattrs,26.1.0,477,20260920,972,141,6786,5313,78.29354553492485
cattrs,26.1.0,478,20260920,972,141,6786,5119,75.43471853816682
cattrs,26.1.0,479,20260920,972,141,6786,5158,76.00943118184497
cattrs,26.1.0,480,20260920,972,141,6786,5385,79.35455349248453
cattrs,26.1.0,481,20260920,972,141,6786,5506,81.1376363100501
cattrs,26.1.0,482,20260920,972,141,6786,5305,78.17565576186266
cattrs,26.1.0,483,20260920,972,141,6786,5174,76.24521072796935
cattrs,26.1.0,484,20260920,972,141,6786,5401,79.5903330386089
cattrs,26.1.0,485,20260920,972,141,6786,5186,76.42204538756263
cattrs,26.1.0,486,20260920,972,141,6786,5588,82.34600648393751
cattrs,26.1.0,487,20260920,972,141,6786,5486,80.84291187739464
cattrs,26.1.0,488,20260920,972,141,6786,5500,81.04921898025346
cattrs,26.1.0,489,20260920,972,141,6786,5257,77.46831712348954
cattrs,26.1.0,490,20260920,972,141,6786,5380,79.28087238432066
cattrs,26.1.0,491,20260920,972,141,6786,5246,77.30621868552903
cattrs,26.1.0,492,20260920,972,141,6786,5122,75.47892720306514
cattrs,26.1.0,493,20260920,972,141,6786,5193,76.52519893899205
cattrs,26.1.0,494,20260920,972,141,6786,4660,68.67079280872385
cattrs,26.1.0,495,20260920,972,141,6786,5173,76.23047450633658
cattrs,26.1.0,496,20260920,972,141,6786,5144,75.80312407898614
cattrs,26.1.0,497,20260920,972,141,6786,5224,76.98202180960801
cattrs,26.1.0,498,20260920,972,141,6786,5138,75.7147067491895
cattrs,26.1.0,499,20260920,972,141,6786,5388,79.39876215738285
cattrs,26.1.0,500,20260920,972,141,6786,5335,78.61774241084586
cattrs,26.1.0,501,20260920,972,141,6786,5463,80.50397877984085
cattrs,26.1.0,502,20260920,972,141,6786,5205,76.70203359858532
cattrs,26.1.0,503,20260920,972,141,6786,5255,77.438844680224
cattrs,26.1.0,504,20260920,972,141,6786,5305,78.17565576186266
cattrs,26.1.0,505,20260920,972,141,6786,5437,80.12083701738874
cattrs,26.1.0,506,20260920,972,141,6786,5103,75.19893899204244
cattrs,26.1.0,507,20260920,972,141,6786,5116,75.3905098732685
cattrs,26.1.0,508,20260920,972,141,6786,5285,77.88093132920719
cattrs,26.1.0,509,20260920,972,141,6786,5281,77.82198644267609
cattrs,26.1.0,510,20260920,972,141,6786,5294,78.01355732390215
cattrs,26.1.0,511,20260920,972,141,6786,5572,82.11022693781314
cattrs,26.1.0,512,20260920,972,141,6786,5216,76.86413203654583
cattrs,26.1.0,513,20260920,972,141,6786,5160,76.03890362511052
cattrs,26.1.0,514,20260920,972,141,6786,5279,77.79251399941055
cattrs,26.1.0,515,20260920,972,141,6786,5497,81.00501031535514
cattrs,26.1.0,516,20260920,972,141,6786,5174,76.24521072796935
cattrs,26.1.0,517,20260920,972,141,6786,5250,77.36516357206013
cattrs,26.1.0,518,20260920,972,141,6786,5472,80.63660477453581
cattrs,26.1.0,519,20260920,972,141,6786,5411,79.73769525493664
cattrs,26.1.0,520,20260920,972,141,6786,5157,75.9946949602122
cattrs,26.1.0,521,20260920,972,141,6786,5480,80.754494547598
cattrs,26.1.0,522,20260920,972,141,6786,5413,79.76716769820219
cattrs,26.1.0,523,20260920,972,141,6786,5175,76.25994694960212
cattrs,26.1.0,524,20260920,972,141,6786,5385,79.35455349248453
cattrs,26.1.0,525,20260920,972,141,6786,5434,80.07662835249042
cattrs,26.1.0,526,20260920,972,141,6786,5436,80.10610079575596
cattrs,26.1.0,527,20260920,972,141,6786,5247,77.3209549071618
cattrs,26.1.0,528,20260920,972,141,6786,5065,74.63896256999705
cattrs,26.1.0,529,20260920,972,141,6786,5464,80.51871500147362
cattrs,26.1.0,530,20260920,972,141,6786,5171,76.20100206307103
cattrs,26.1.0,531,20260920,972,141,6786,5428,79.98821102269378
cattrs,26.1.0,532,20260920,972,141,6786,5352,78.868258178603
cattrs,26.1.0,533,20260920,972,141,6786,5371,79.1482463896257
cattrs,26.1.0,534,20260920,972,141,6786,5599,82.50810492189802
cattrs,26.1.0,535,20260920,972,141,6786,4972,73.26849395814914
cattrs,26.1.0,536,20260920,972,141,6786,5470,80.60713233127026
cattrs,26.1.0,537,20260920,972,141,6786,5301,78.11671087533156
cattrs,26.1.0,538,20260920,972,141,6786,5172,76.2157382847038
cattrs,26.1.0,539,20260920,972,141,6786,5133,75.64102564102564
cattrs,26.1.0,540,20260920,972,141,6786,5303,78.14618331859711
cattrs,26.1.0,541,20260920,972,141,6786,5429,80.00294724432655
cattrs,26.1.0,542,20260920,972,141,6786,5386,79.3692897141173
cattrs,26.1.0,543,20260920,972,141,6786,5197,76.58414382552314
cattrs,26.1.0,544,20260920,972,141,6786,5208,76.74624226348364
cattrs,26.1.0,545,20260920,972,141,6786,5023,74.02004126142057
cattrs,26.1.0,546,20260920,972,141,6786,5513,81.24078986147951
cattrs,26.1.0,547,20260920,972,141,6786,5329,78.52932508104922
cattrs,26.1.0,548,20260920,972,141,6786,4991,73.54848216917182
cattrs,26.1.0,549,20260920,972,141,6786,5383,79.32508104921898
cattrs,26.1.0,550,20260920,972,141,6786,4957,73.04745063365753
cattrs,26.1.0,551,20260920,972,141,6786,5420,79.8703212496316
cattrs,26.1.0,552,20260920,972,141,6786,5428,79.98821102269378
cattrs,26.1.0,553,20260920,972,141,6786,5475,80.68081343943413
cattrs,26.1.0,554,20260920,972,141,6786,5547,81.74182139699381
cattrs,26.1.0,555,20260920,972,141,6786,5133,75.64102564102564
cattrs,26.1.0,556,20260920,972,141,6786,5258,77.48305334512231
cattrs,26.1.0,557,20260920,972,141,6786,5210,76.77571470674918
cattrs,26.1.0,558,20260920,972,141,6786,5399,79.56086059534336
cattrs,26.1.0,559,20260920,972,141,6786,5141,75.75891541408782
cattrs,26.1.0,560,20260920,972,141,6786,5413,79.76716769820219
cattrs,26.1.0,561,20260920,972,141,6786,5521,81.3586796345417
cattrs,26.1.0,562,20260920,972,141,6786,4975,73.31270262304746
cattrs,26.1.0,563,20260920,972,141,6786,5248,77.33569112879458
cattrs,26.1.0,564,20260920,972,141,6786,5448,80.28293545534925
cattrs,26.1.0,565,20260920,972,141,6786,5258,77.48305334512231
cattrs,26.1.0,566,20260920,972,141,6786,5407,79.67875036840555
cattrs,26.1.0,567,20260920,972,141,6786,5223,76.96728558797524
cattrs,26.1.0,568,20260920,972,141,6786,5232,77.0999115826702
cattrs,26.1.0,569,20260920,972,141,6786,5051,74.43265546713823
cattrs,26.1.0,570,20260920,972,141,6786,5295,78.02829354553492
cattrs,26.1.0,571,20260920,972,141,6786,5277,77.763041556145
cattrs,26.1.0,572,20260920,972,141,6786,5519,81.32920719127615
cattrs,26.1.0,573,20260920,972,141,6786,5366,79.07456528146183
cattrs,26.1.0,574,20260920,972,141,6786,5600,82.5228411435308
cattrs,26.1.0,575,20260920,972,141,6786,5470,80.60713233127026
cattrs,26.1.0,576,20260920,972,141,6786,5317,78.35249042145594
cattrs,26.1.0,577,20260920,972,141,6786,5174,76.24521072796935
cattrs,26.1.0,578,20260920,972,141,6786,5511,81.21131741821397
cattrs,26.1.0,579,20260920,972,141,6786,5140,75.74417919245505
cattrs,26.1.0,580,20260920,972,141,6786,5389,79.41349837901562
cattrs,26.1.0,581,20260920,972,141,6786,5294,78.01355732390215
cattrs,26.1.0,582,20260920,972,141,6786,5064,74.62422634836427
cattrs,26.1.0,583,20260920,972,141,6786,5214,76.83465959328028
cattrs,26.1.0,584,20260920,972,141,6786,5176,76.2746831712349
cattrs,26.1.0,585,20260920,972,141,6786,5467,80.56292366637194
cattrs,26.1.0,586,20260920,972,141,6786,5304,78.16091954022988
cattrs,26.1.0,587,20260920,972,141,6786,5194,76.53993516062482
cattrs,26.1.0,588,20260920,972,141,6786,5343,78.73563218390805
cattrs,26.1.0,589,20260920,972,141,6786,5513,81.24078986147951
cattrs,26.1.0,590,20260920,972,141,6786,5127,75.552608311229
cattrs,26.1.0,591,20260920,972,141,6786,5215,76.84939581491305
cattrs,26.1.0,592,20260920,972,141,6786,4979,73.37164750957854
cattrs,26.1.0,593,20260920,972,141,6786,5532,81.52077807250221
cattrs,26.1.0,594,20260920,972,141,6786,4923,72.54641909814323
cattrs,26.1.0,595,20260920,972,141,6786,5287,77.91040377247273
cattrs,26.1.0,596,20260920,972,141,6786,5060,74.56528146183318
cattrs,26.1.0,597,20260920,972,141,6786,5427,79.973474801061
cattrs,26.1.0,598,20260920,972,141,6786,5372,79.16298261125847
cattrs,26.1.0,599,20260920,972,141,6786,5152,75.92101385204833
cattrs,26.1.0,600,20260920,972,141,6786,5210,76.77571470674918
cattrs,26.1.0,601,20260920,972,141,6786,5474,80.66607721780136
cattrs,26.1.0,602,20260920,972,141,6786,5106,75.24314765694076
cattrs,26.1.0,603,20260920,972,141,6786,5292,77.9840848806366
cattrs,26.1.0,604,20260920,972,141,6786,5167,76.14205717653994
cattrs,26.1.0,605,20260920,972,141,6786,5271,77.67462422634837
cattrs,26.1.0,606,20260920,972,141,6786,5188,76.45151783082818
cattrs,26.1.0,607,20260920,972,141,6786,5292,77.9840848806366
cattrs,26.1.0,608,20260920,972,141,6786,5128,75.56734453286177
cattrs,26.1.0,609,20260920,972,141,6786,5310,78.24933687002653
cattrs,26.1.0,610,20260920,972,141,6786,5225,76.99675803124079
cattrs,26.1.0,611,20260920,972,141,6786,5488,80.87238432066019
cattrs,26.1.0,612,20260920,972,141,6786,5511,81.21131741821397
cattrs,26.1.0,613,20260920,972,141,6786,5234,77.12938402593575
cattrs,26.1.0,614,20260920,972,141,6786,5293,77.99882110226937
cattrs,26.1.0,615,20260920,972,141,6786,5434,80.07662835249042
cattrs,26.1.0,616,20260920,972,141,6786,5315,78.32301797819039
cattrs,26.1.0,617,20260920,972,141,6786,5258,77.48305334512231
cattrs,26.1.0,618,20260920,972,141,6786,5182,76.36310050103154
cattrs,26.1.0,619,20260920,972,141,6786,4935,72.72325375773652
cattrs,26.1.0,620,20260920,972,141,6786,5012,73.85794282346006
cattrs,26.1.0,621,20260920,972,141,6786,5653,83.30386089006778
cattrs,26.1.0,622,20260920,972,141,6786,5122,75.47892720306514
cattrs,26.1.0,623,20260920,972,141,6786,5372,79.16298261125847
cattrs,26.1.0,624,20260920,972,141,6786,5412,79.75243147656941
cattrs,26.1.0,625,20260920,972,141,6786,5123,75.49366342469791
cattrs,26.1.0,626,20260920,972,141,6786,5228,77.04096669613911
cattrs,26.1.0,627,20260920,972,141,6786,5171,76.20100206307103
cattrs,26.1.0,628,20260920,972,141,6786,5259,77.49778956675509
cattrs,26.1.0,629,20260920,972,141,6786,5306,78.19039198349543
cattrs,26.1.0,630,20260920,972,141,6786,5213,76.8199233716475
cattrs,26.1.0,631,20260920,972,141,6786,5334,78.60300618921309
cattrs,26.1.0,632,20260920,972,141,6786,4917,72.45800176834659
cattrs,26.1.0,633,20260920,972,141,6786,5468,80.57765988800472
cattrs,26.1.0,634,20260920,972,141,6786,5526,81.43236074270557
cattrs,26.1.0,635,20260920,972,141,6786,5282,77.83672266430887
cattrs,26.1.0,636,20260920,972,141,6786,5517,81.29973474801061
cattrs,26.1.0,637,20260920,972,141,6786,5366,79.07456528146183
cattrs,26.1.0,638,20260920,972,141,6786,5174,76.24521072796935
cattrs,26.1.0,639,20260920,972,141,6786,5485,80.82817565576187
cattrs,26.1.0,640,20260920,972,141,6786,5286,77.89566755083996
cattrs,26.1.0,641,20260920,972,141,6786,5610,82.67020335985853
cattrs,26.1.0,642,20260920,972,141,6786,5515,81.27026230474506
cattrs,26.1.0,643,20260920,972,141,6786,5450,80.3124078986148
cattrs,26.1.0,644,20260920,972,141,6786,5543,81.68287651046272
cattrs,26.1.0,645,20260920,972,141,6786,5098,75.12525788387858
cattrs,26.1.0,646,20260920,972,141,6786,5319,78.38196286472149
cattrs,26.1.0,647,20260920,972,141,6786,5222,76.95254936634247
cattrs,26.1.0,648,20260920,972,141,6786,5201,76.64308871205422
cattrs,26.1.0,649,20260920,972,141,6786,5336,78.63247863247864
cattrs,26.1.0,650,20260920,972,141,6786,5107,75.25788387857354
cattrs,26.1.0,651,20260920,972,141,6786,5317,78.35249042145594
cattrs,26.1.0,652,20260920,972,141,6786,5426,79.95873857942823
cattrs,26.1.0,653,20260920,972,141,6786,5560,81.93339227821987
cattrs,26.1.0,654,20260920,972,141,6786,4949,72.92956086059534
cattrs,26.1.0,655,20260920,972,141,6786,5401,79.5903330386089
cattrs,26.1.0,656,20260920,972,141,6786,5390,79.4282346006484
cattrs,26.1.0,657,20260920,972,141,6786,5361,79.00088417329796
cattrs,26.1.0,658,20260920,972,141,6786,5224,76.98202180960801
cattrs,26.1.0,659,20260920,972,141,6786,5278,77.77777777777777
cattrs,26.1.0,660,20260920,972,141,6786,5107,75.25788387857354
cattrs,26.1.0,661,20260920,972,141,6786,5535,81.56498673740053
cattrs,26.1.0,662,20260920,972,141,6786,4957,73.04745063365753
cattrs,26.1.0,663,20260920,972,141,6786,5376,79.22192749778957
cattrs,26.1.0,664,20260920,972,141,6786,5158,76.00943118184497
cattrs,26.1.0,665,20260920,972,141,6786,5314,78.30828175655762
cattrs,26.1.0,666,20260920,972,141,6786,5145,75.81786030061892
cattrs,26.1.0,667,20260920,972,141,6786,5199,76.61361626878869
cattrs,26.1.0,668,20260920,972,141,6786,5454,80.37135278514589
cattrs,26.1.0,669,20260920,972,141,6786,5168,76.15679339817271
cattrs,26.1.0,670,20260920,972,141,6786,5048,74.38844680223991
cattrs,26.1.0,671,20260920,972,141,6786,5513,81.24078986147951
cattrs,26.1.0,672,20260920,972,141,6786,5381,79.29560860595343
cattrs,26.1.0,673,20260920,972,141,6786,5318,78.36722664308871
cattrs,26.1.0,674,20260920,972,141,6786,5188,76.45151783082818
cattrs,26.1.0,675,20260920,972,141,6786,5334,78.60300618921309
cattrs,26.1.0,676,20260920,972,141,6786,5340,78.69142351900973
cattrs,26.1.0,677,20260920,972,141,6786,4928,72.6201002063071
cattrs,26.1.0,678,20260920,972,141,6786,5548,81.75655761862659
cattrs,26.1.0,679,20260920,972,141,6786,5590,82.37547892720306
cattrs,26.1.0,680,20260920,972,141,6786,5119,75.43471853816682
cattrs,26.1.0,681,20260920,972,141,6786,5106,75.24314765694076
cattrs,26.1.0,682,20260920,972,141,6786,4968,73.20954907161804
cattrs,26.1.0,683,20260920,972,141,6786,5340,78.69142351900973
cattrs,26.1.0,684,20260920,972,141,6786,5161,76.0536398467433
cattrs,26.1.0,685,20260920,972,141,6786,5041,74.2852932508105
cattrs,26.1.0,686,20260920,972,141,6786,5169,76.17152961980548
cattrs,26.1.0,687,20260920,972,141,6786,5116,75.3905098732685
cattrs,26.1.0,688,20260920,972,141,6786,5488,80.87238432066019
cattrs,26.1.0,689,20260920,972,141,6786,5468,80.57765988800472
cattrs,26.1.0,690,20260920,972,141,6786,5457,80.41556145004421
cattrs,26.1.0,691,20260920,972,141,6786,5311,78.2640730916593
cattrs,26.1.0,692,20260920,972,141,6786,5221,76.9378131447097
cattrs,26.1.0,693,20260920,972,141,6786,5233,77.11464780430298
cattrs,26.1.0,694,20260920,972,141,6786,5132,75.62628941939286
cattrs,26.1.0,695,20260920,972,141,6786,4989,73.51900972590627
cattrs,26.1.0,696,20260920,972,141,6786,5242,77.24727379899794
cattrs,26.1.0,697,20260920,972,141,6786,5351,78.85352195697023
cattrs,26.1.0,698,20260920,972,141,6786,5260,77.51252578838786
cattrs,26.1.0,699,20260920,972,141,6786,5191,76.4957264957265
cattrs,26.1.0,700,20260920,972,141,6786,5428,79.98821102269378
cattrs,26.1.0,701,20260920,972,141,6786,5393,79.47244326554672
cattrs,26.1.0,702,20260920,972,141,6786,5282,77.83672266430887
cattrs,26.1.0,703,20260920,972,141,6786,5405,79.64927792514
cattrs,26.1.0,704,20260920,972,141,6786,5127,75.552608311229
cattrs,26.1.0,705,20260920,972,141,6786,5290,77.95461243737105
cattrs,26.1.0,706,20260920,972,141,6786,5316,78.33775419982317
cattrs,26.1.0,707,20260920,972,141,6786,5398,79.54612437371058
cattrs,26.1.0,708,20260920,972,141,6786,5094,75.06631299734748
cattrs,26.1.0,709,20260920,972,141,6786,5297,78.05776598880047
cattrs,26.1.0,710,20260920,972,141,6786,4977,73.342175066313
cattrs,26.1.0,711,20260920,972,141,6786,5140,75.74417919245505
cattrs,26.1.0,712,20260920,972,141,6786,5237,77.17359269083407
cattrs,26.1.0,713,20260920,972,141,6786,5047,74.37371058060714
cattrs,26.1.0,714,20260920,972,141,6786,5317,78.35249042145594
cattrs,26.1.0,715,20260920,972,141,6786,5194,76.53993516062482
cattrs,26.1.0,716,20260920,972,141,6786,5479,80.73975832596523
cattrs,26.1.0,717,20260920,972,141,6786,5617,82.77335691128795
cattrs,26.1.0,718,20260920,972,141,6786,5134,75.65576186265841
cattrs,26.1.0,719,20260920,972,141,6786,5333,78.58826996758032
cattrs,26.1.0,720,20260920,972,141,6786,4867,71.72119068670793
cattrs,26.1.0,721,20260920,972,141,6786,4953,72.98850574712644
cattrs,26.1.0,722,20260920,972,141,6786,5314,78.30828175655762
cattrs,26.1.0,723,20260920,972,141,6786,5237,77.17359269083407
cattrs,26.1.0,724,20260920,972,141,6786,5080,74.86000589448865
cattrs,26.1.0,725,20260920,972,141,6786,5299,78.08723843206602
cattrs,26.1.0,726,20260920,972,141,6786,5099,75.13999410551135
cattrs,26.1.0,727,20260920,972,141,6786,5632,82.99440023577955
cattrs,26.1.0,728,20260920,972,141,6786,5344,78.75036840554083
cattrs,26.1.0,729,20260920,972,141,6786,5187,76.4367816091954
cattrs,26.1.0,730,20260920,972,141,6786,5276,77.74830533451222
cattrs,26.1.0,731,20260920,972,141,6786,4957,73.04745063365753
cattrs,26.1.0,732,20260920,972,141,6786,5428,79.98821102269378
cattrs,26.1.0,733,20260920,972,141,6786,5330,78.544061302682
cattrs,26.1.0,734,20260920,972,141,6786,5319,78.38196286472149
cattrs,26.1.0,735,20260920,972,141,6786,5143,75.78838785735337
cattrs,26.1.0,736,20260920,972,141,6786,5235,77.14412024756852
cattrs,26.1.0,737,20260920,972,141,6786,5341,78.7061597406425
cattrs,26.1.0,738,20260920,972,141,6786,5296,78.0430297671677
cattrs,26.1.0,739,20260920,972,141,6786,5434,80.07662835249042
cattrs,26.1.0,740,20260920,972,141,6786,5390,79.4282346006484
cattrs,26.1.0,741,20260920,972,141,6786,5115,75.37577365163573
cattrs,26.1.0,742,20260920,972,141,6786,5039,74.25582080754495
cattrs,26.1.0,743,20260920,972,141,6786,5252,77.39463601532567
cattrs,26.1.0,744,20260920,972,141,6786,5427,79.973474801061
cattrs,26.1.0,745,20260920,972,141,6786,4771,70.30651340996168
cattrs,26.1.0,746,20260920,972,141,6786,5303,78.14618331859711
cattrs,26.1.0,747,20260920,972,141,6786,5132,75.62628941939286
cattrs,26.1.0,748,20260920,972,141,6786,5439,80.15030946065428
cattrs,26.1.0,749,20260920,972,141,6786,5308,78.21986442676098
cattrs,26.1.0,750,20260920,972,141,6786,5525,81.4176245210728
cattrs,26.1.0,751,20260920,972,141,6786,4961,73.10639552018863
cattrs,26.1.0,752,20260920,972,141,6786,5267,77.61567933981728
cattrs,26.1.0,753,20260920,972,141,6786,5497,81.00501031535514
cattrs,26.1.0,754,20260920,972,141,6786,5292,77.9840848806366
cattrs,26.1.0,755,20260920,972,141,6786,5158,76.00943118184497
cattrs,26.1.0,756,20260920,972,141,6786,5546,81.72708517536104
cattrs,26.1.0,757,20260920,972,141,6786,5480,80.754494547598
cattrs,26.1.0,758,20260920,972,141,6786,5153,75.9357500736811
cattrs,26.1.0,759,20260920,972,141,6786,5119,75.43471853816682
cattrs,26.1.0,760,20260920,972,141,6786,5331,78.55879752431477
cattrs,26.1.0,761,20260920,972,141,6786,5567,82.03654582964928
cattrs,26.1.0,762,20260920,972,141,6786,5447,80.26819923371647
cattrs,26.1.0,763,20260920,972,141,6786,5401,79.5903330386089
cattrs,26.1.0,764,20260920,972,141,6786,5163,76.08311229000884
cattrs,26.1.0,765,20260920,972,141,6786,5771,85.04273504273505
cattrs,26.1.0,766,20260920,972,141,6786,5500,81.04921898025346
cattrs,26.1.0,767,20260920,972,141,6786,5354,78.89773062186855
cattrs,26.1.0,768,20260920,972,141,6786,5290,77.95461243737105
cattrs,26.1.0,769,20260920,972,141,6786,5416,79.8113763631005
cattrs,26.1.0,770,20260920,972,141,6786,5592,82.40495137046861
cattrs,26.1.0,771,20260920,972,141,6786,5505,81.12290008841732
cattrs,26.1.0,772,20260920,972,141,6786,5214,76.83465959328028
cattrs,26.1.0,773,20260920,972,141,6786,5344,78.75036840554083
cattrs,26.1.0,774,20260920,972,141,6786,5430,80.01768346595932
cattrs,26.1.0,775,20260920,972,141,6786,5407,79.67875036840555
cattrs,26.1.0,776,20260920,972,141,6786,5313,78.29354553492485
cattrs,26.1.0,777,20260920,972,141,6786,5253,77.40937223695845
cattrs,26.1.0,778,20260920,972,141,6786,5167,76.14205717653994
cattrs,26.1.0,779,20260920,972,141,6786,5455,80.38608900677866
cattrs,26.1.0,780,20260920,972,141,6786,5289,77.93987621573828
cattrs,26.1.0,781,20260920,972,141,6786,4996,73.62216327733569
cattrs,26.1.0,782,20260920,972,141,6786,5185,76.40730916592986
cattrs,26.1.0,783,20260920,972,141,6786,5263,77.55673445328618
cattrs,26.1.0,784,20260920,972,141,6786,5242,77.24727379899794
cattrs,26.1.0,785,20260920,972,141,6786,5598,82.49336870026525
cattrs,26.1.0,786,20260920,972,141,6786,5308,78.21986442676098
cattrs,26.1.0,787,20260920,972,141,6786,5245,77.29148246389626
cattrs,26.1.0,788,20260920,972,141,6786,5163,76.08311229000884
cattrs,26.1.0,789,20260920,972,141,6786,5099,75.13999410551135
cattrs,26.1.0,790,20260920,972,141,6786,5452,80.34188034188034
cattrs,26.1.0,791,20260920,972,141,6786,5600,82.5228411435308
cattrs,26.1.0,792,20260920,972,141,6786,4894,72.11906867079281
cattrs,26.1.0,793,20260920,972,141,6786,5108,75.27262010020631
cattrs,26.1.0,794,20260920,972,141,6786,5589,82.36074270557029
cattrs,26.1.0,795,20260920,972,141,6786,5047,74.37371058060714
cattrs,26.1.0,796,20260920,972,141,6786,5135,75.67049808429118
cattrs,26.1.0,797,20260920,972,141,6786,5215,76.84939581491305
cattrs,26.1.0,798,20260920,972,141,6786,5164,76.09784851164162
cattrs,26.1.0,799,20260920,972,141,6786,5244,77.27674624226348
cattrs,26.1.0,800,20260920,972,141,6786,5081,74.87474211612142
cattrs,26.1.0,801,20260920,972,141,6786,5279,77.79251399941055
cattrs,26.1.0,802,20260920,972,141,6786,5523,81.38815207780725
cattrs,26.1.0,803,20260920,972,141,6786,5429,80.00294724432655
cattrs,26.1.0,804,20260920,972,141,6786,5137,75.69997052755673
cattrs,26.1.0,805,20260920,972,141,6786,5280,77.80725022104332
cattrs,26.1.0,806,20260920,972,141,6786,5332,78.57353374594754
cattrs,26.1.0,807,20260920,972,141,6786,5412,79.75243147656941
cattrs,26.1.0,808,20260920,972,141,6786,5271,77.67462422634837
cattrs,26.1.0,809,20260920,972,141,6786,5063,74.6094901267315
cattrs,26.1.0,810,20260920,972,141,6786,5101,75.1694665487769
cattrs,26.1.0,811,20260920,972,141,6786,5354,78.89773062186855
cattrs,26.1.0,812,20260920,972,141,6786,5289,77.93987621573828
cattrs,26.1.0,813,20260920,972,141,6786,5053,74.46212791040377
cattrs,26.1.0,814,20260920,972,141,6786,5235,77.14412024756852
cattrs,26.1.0,815,20260920,972,141,6786,5222,76.95254936634247
cattrs,26.1.0,816,20260920,972,141,6786,4755,70.07073386383732
cattrs,26.1.0,817,20260920,972,141,6786,5322,78.42617152961981
cattrs,26.1.0,818,20260920,972,141,6786,5336,78.63247863247864
cattrs,26.1.0,819,20260920,972,141,6786,5155,75.96522251694665
cattrs,26.1.0,820,20260920,972,141,6786,5333,78.58826996758032
cattrs,26.1.0,821,20260920,972,141,6786,5221,76.9378131447097
cattrs,26.1.0,822,20260920,972,141,6786,5416,79.8113763631005
cattrs,26.1.0,823,20260920,972,141,6786,5383,79.32508104921898
cattrs,26.1.0,824,20260920,972,141,6786,5380,79.28087238432066
cattrs,26.1.0,825,20260920,972,141,6786,5435,80.09136457412319
cattrs,26.1.0,826,20260920,972,141,6786,5253,77.40937223695845
cattrs,26.1.0,827,20260920,972,141,6786,5373,79.17771883289124
cattrs,26.1.0,828,20260920,972,141,6786,4713,69.45181255526083
cattrs,26.1.0,829,20260920,972,141,6786,5339,78.67668729737696
cattrs,26.1.0,830,20260920,972,141,6786,4897,72.16327733569113
cattrs,26.1.0,831,20260920,972,141,6786,5341,78.7061597406425
cattrs,26.1.0,832,20260920,972,141,6786,5308,78.21986442676098
cattrs,26.1.0,833,20260920,972,141,6786,5251,77.3798997936929
cattrs,26.1.0,834,20260920,972,141,6786,5435,80.09136457412319
cattrs,26.1.0,835,20260920,972,141,6786,5136,75.68523430592396
cattrs,26.1.0,836,20260920,972,141,6786,5359,78.97141173003241
cattrs,26.1.0,837,20260920,972,141,6786,5370,79.13351016799292
cattrs,26.1.0,838,20260920,972,141,6786,5131,75.61155319776009
cattrs,26.1.0,839,20260920,972,141,6786,5225,76.99675803124079
cattrs,26.1.0,840,20260920,972,141,6786,5479,80.73975832596523
cattrs,26.1.0,841,20260920,972,141,6786,5406,79.66401414677277
cattrs,26.1.0,842,20260920,972,141,6786,5107,75.25788387857354
cattrs,26.1.0,843,20260920,972,141,6786,5311,78.2640730916593
cattrs,26.1.0,844,20260920,972,141,6786,5004,73.74005305039788
cattrs,26.1.0,845,20260920,972,141,6786,5270,77.6598880047156
cattrs,26.1.0,846,20260920,972,141,6786,5264,77.57147067491896
cattrs,26.1.0,847,20260920,972,141,6786,5001,73.69584438549956
cattrs,26.1.0,848,20260920,972,141,6786,5485,80.82817565576187
cattrs,26.1.0,849,20260920,972,141,6786,5347,78.79457707043915
cattrs,26.1.0,850,20260920,972,141,6786,4980,73.38638373121131
cattrs,26.1.0,851,20260920,972,141,6786,5302,78.13144709696434
cattrs,26.1.0,852,20260920,972,141,6786,5363,79.03035661656351
cattrs,26.1.0,853,20260920,972,141,6786,4954,73.00324196875921
cattrs,26.1.0,854,20260920,972,141,6786,5571,82.09549071618036
cattrs,26.1.0,855,20260920,972,141,6786,5280,77.80725022104332
cattrs,26.1.0,856,20260920,972,141,6786,5322,78.42617152961981
cattrs,26.1.0,857,20260920,972,141,6786,5178,76.30415561450044
cattrs,26.1.0,858,20260920,972,141,6786,4906,72.29590333038608
cattrs,26.1.0,859,20260920,972,141,6786,5270,77.6598880047156
cattrs,26.1.0,860,20260920,972,141,6786,5285,77.88093132920719
cattrs,26.1.0,861,20260920,972,141,6786,5480,80.754494547598
cattrs,26.1.0,862,20260920,972,141,6786,4749,69.98231653404068
cattrs,26.1.0,863,20260920,972,141,6786,5464,80.51871500147362
cattrs,26.1.0,864,20260920,972,141,6786,5027,74.07898614795167
cattrs,26.1.0,865,20260920,972,141,6786,5610,82.67020335985853
cattrs,26.1.0,866,20260920,972,141,6786,5072,74.74211612142646
cattrs,26.1.0,867,20260920,972,141,6786,5192,76.51046271735927
cattrs,26.1.0,868,20260920,972,141,6786,5370,79.13351016799292
cattrs,26.1.0,869,20260920,972,141,6786,5224,76.98202180960801
cattrs,26.1.0,870,20260920,972,141,6786,5351,78.85352195697023
cattrs,26.1.0,871,20260920,972,141,6786,5154,75.95048629531388
cattrs,26.1.0,872,20260920,972,141,6786,5369,79.11877394636015
cattrs,26.1.0,873,20260920,972,141,6786,5473,80.65134099616859
cattrs,26.1.0,874,20260920,972,141,6786,4814,70.94017094017094
cattrs,26.1.0,875,20260920,972,141,6786,5282,77.83672266430887
cattrs,26.1.0,876,20260920,972,141,6786,5167,76.14205717653994
cattrs,26.1.0,877,20260920,972,141,6786,5012,73.85794282346006
cattrs,26.1.0,878,20260920,972,141,6786,5579,82.21338048924255
cattrs,26.1.0,879,20260920,972,141,6786,5437,80.12083701738874
cattrs,26.1.0,880,20260920,972,141,6786,5252,77.39463601532567
cattrs,26.1.0,881,20260920,972,141,6786,4924,72.561155319776
cattrs,26.1.0,882,20260920,972,141,6786,5203,76.67256115531977
cattrs,26.1.0,883,20260920,972,141,6786,5168,76.15679339817271
cattrs,26.1.0,884,20260920,972,141,6786,5534,81.55025051576776
cattrs,26.1.0,885,20260920,972,141,6786,5415,79.79664014146773
cattrs,26.1.0,886,20260920,972,141,6786,5526,81.43236074270557
cattrs,26.1.0,887,20260920,972,141,6786,5650,83.25965222516946
cattrs,26.1.0,888,20260920,972,141,6786,5092,75.03684055408193
cattrs,26.1.0,889,20260920,972,141,6786,5540,81.6386678455644
cattrs,26.1.0,890,20260920,972,141,6786,5042,74.30002947244327
cattrs,26.1.0,891,20260920,972,141,6786,5440,80.16504568228706
cattrs,26.1.0,892,20260920,972,141,6786,5183,76.37783672266431
cattrs,26.1.0,893,20260920,972,141,6786,5329,78.52932508104922
cattrs,26.1.0,894,20260920,972,141,6786,5295,78.02829354553492
cattrs,26.1.0,895,20260920,972,141,6786,5211,76.79045092838196
cattrs,26.1.0,896,20260920,972,141,6786,5342,78.72089596227528
cattrs,26.1.0,897,20260920,972,141,6786,5324,78.45564397288535
cattrs,26.1.0,898,20260920,972,141,6786,5245,77.29148246389626
cattrs,26.1.0,899,20260920,972,141,6786,5151,75.90627763041556
cattrs,26.1.0,900,20260920,972,141,6786,5555,81.859711170056
cattrs,26.1.0,901,20260920,972,141,6786,5314,78.30828175655762
cattrs,26.1.0,902,20260920,972,141,6786,5371,79.1482463896257
cattrs,26.1.0,903,20260920,972,141,6786,5002,73.71058060713233
cattrs,26.1.0,904,20260920,972,141,6786,5138,75.7147067491895
cattrs,26.1.0,905,20260920,972,141,6786,4892,72.08959622752727
cattrs,26.1.0,906,20260920,972,141,6786,5081,74.87474211612142
cattrs,26.1.0,907,20260920,972,141,6786,5242,77.24727379899794
cattrs,26.1.0,908,20260920,972,141,6786,5400,79.57559681697613
cattrs,26.1.0,909,20260920,972,141,6786,5237,77.17359269083407
cattrs,26.1.0,910,20260920,972,141,6786,5246,77.30621868552903
cattrs,26.1.0,911,20260920,972,141,6786,5282,77.83672266430887
cattrs,26.1.0,912,20260920,972,141,6786,5571,82.09549071618036
cattrs,26.1.0,913,20260920,972,141,6786,5274,77.71883289124668
cattrs,26.1.0,914,20260920,972,141,6786,5319,78.38196286472149
cattrs,26.1.0,915,20260920,972,141,6786,5209,76.76097848511641
cattrs,26.1.0,916,20260920,972,141,6786,5168,76.15679339817271
cattrs,26.1.0,917,20260920,972,141,6786,5264,77.57147067491896
cattrs,26.1.0,918,20260920,972,141,6786,5251,77.3798997936929
cattrs,26.1.0,919,20260920,972,141,6786,5382,79.3103448275862
cattrs,26.1.0,920,20260920,972,141,6786,5327,78.49985263778368
cattrs,26.1.0,921,20260920,972,141,6786,5311,78.2640730916593
cattrs,26.1.0,922,20260920,972,141,6786,5242,77.24727379899794
cattrs,26.1.0,923,20260920,972,141,6786,5149,75.87680518715001
cattrs,26.1.0,924,20260920,972,141,6786,5343,78.73563218390805
cattrs,26.1.0,925,20260920,972,141,6786,5184,76.39257294429709
cattrs,26.1.0,926,20260920,972,141,6786,5448,80.28293545534925
cattrs,26.1.0,927,20260920,972,141,6786,4760,70.14441497200117
cattrs,26.1.0,928,20260920,972,141,6786,5361,79.00088417329796
cattrs,26.1.0,929,20260920,972,141,6786,5313,78.29354553492485
cattrs,26.1.0,930,20260920,972,141,6786,5315,78.32301797819039
cattrs,26.1.0,931,20260920,972,141,6786,5671,83.5691128794577
cattrs,26.1.0,932,20260920,972,141,6786,5383,79.32508104921898
cattrs,26.1.0,933,20260920,972,141,6786,5218,76.89360447981137
cattrs,26.1.0,934,20260920,972,141,6786,5086,74.94842322428529
cattrs,26.1.0,935,20260920,972,141,6786,4936,72.73798997936929
cattrs,26.1.0,936,20260920,972,141,6786,5027,74.07898614795167
cattrs,26.1.0,937,20260920,972,141,6786,5285,77.88093132920719
cattrs,26.1.0,938,20260920,972,141,6786,5631,82.97966401414678
cattrs,26.1.0,939,20260920,972,141,6786,5344,78.75036840554083
cattrs,26.1.0,940,20260920,972,141,6786,5104,75.21367521367522
cattrs,26.1.0,941,20260920,972,141,6786,5154,75.95048629531388
cattrs,26.1.0,942,20260920,972,141,6786,5261,77.52726201002064
cattrs,26.1.0,943,20260920,972,141,6786,5278,77.77777777777777
cattrs,26.1.0,944,20260920,972,141,6786,5138,75.7147067491895
cattrs,26.1.0,945,20260920,972,141,6786,5305,78.17565576186266
cattrs,26.1.0,946,20260920,972,141,6786,5037,74.2263483642794
cattrs,26.1.0,947,20260920,972,141,6786,5322,78.42617152961981
cattrs,26.1.0,948,20260920,972,141,6786,5251,77.3798997936929
cattrs,26.1.0,949,20260920,972,141,6786,5297,78.05776598880047
cattrs,26.1.0,950,20260920,972,141,6786,5114,75.36103743000295
cattrs,26.1.0,951,20260920,972,141,6786,5560,81.93339227821987
cattrs,26.1.0,952,20260920,972,141,6786,5488,80.87238432066019
cattrs,26.1.0,953,20260920,972,141,6786,5524,81.40288829944002
cattrs,26.1.0,954,20260920,972,141,6786,5229,77.05570291777188
cattrs,26.1.0,955,20260920,972,141,6786,5312,78.27880931329207
cattrs,26.1.0,956,20260920,972,141,6786,5275,77.73356911287945
cattrs,26.1.0,957,20260920,972,141,6786,5416,79.8113763631005
cattrs,26.1.0,958,20260920,972,141,6786,5181,76.34836427939877
cattrs,26.1.0,959,20260920,972,141,6786,5361,79.00088417329796
cattrs,26.1.0,960,20260920,972,141,6786,5148,75.86206896551724
cattrs,26.1.0,961,20260920,972,141,6786,5178,76.30415561450044
cattrs,26.1.0,962,20260920,972,141,6786,5289,77.93987621573828
cattrs,26.1.0,963,20260920,972,141,6786,5460,80.45977011494253
cattrs,26.1.0,964,20260920,972,141,6786,5248,77.33569112879458
cattrs,26.1.0,965,20260920,972,141,6786,5294,78.01355732390215
cattrs,26.1.0,966,20260920,972,141,6786,4912,72.38432066018272
cattrs,26.1.0,967,20260920,972,141,6786,5301,78.11671087533156
cattrs,26.1.0,968,20260920,972,141,6786,5162,76.06837606837607
cattrs,26.1.0,969,20260920,972,141,6786,5007,73.7842617152962
cattrs,26.1.0,970,20260920,972,141,6786,4949,72.92956086059534
cattrs,26.1.0,971,20260920,972,141,6786,5320,78.39669908635426
cattrs,26.1.0,972,20260920,972,141,6786,5001,73.69584438549956
cattrs,26.1.0,973,20260920,972,141,6786,5202,76.657824933687
cattrs,26.1.0,974,20260920,972,141,6786,5265,77.58620689655173
cattrs,26.1.0,975,20260920,972,141,6786,5097,75.1105216622458
cattrs,26.1.0,976,20260920,972,141,6786,5191,76.4957264957265
cattrs,26.1.0,977,20260920,972,141,6786,5099,75.13999410551135
cattrs,26.1.0,978,20260920,972,141,6786,4839,71.30857648099027
cattrs,26.1.0,979,20260920,972,141,6786,5103,75.19893899204244
cattrs,26.1.0,980,20260920,972,141,6786,5098,75.12525788387858
cattrs,26.1.0,981,20260920,972,141,6786,5358,78.95667550839964
cattrs,26.1.0,982,20260920,972,141,6786,5256,77.45358090185677
cattrs,26.1.0,983,20260920,972,141,6786,5287,77.91040377247273
cattrs,26.1.0,984,20260920,972,141,6786,5554,81.84497494842323
cattrs,26.1.0,985,20260920,972,141,6786,5211,76.79045092838196
cattrs,26.1.0,986,20260920,972,141,6786,5255,77.438844680224
cattrs,26.1.0,987,20260920,972,141,6786,5403,79.61980548187445
cattrs,26.1.0,988,20260920,972,141,6786,5367,79.0893015030946
cattrs,26.1.0,989,20260920,972,141,6786,5406,79.66401414677277
cattrs,26.1.0,990,20260920,972,141,6786,5414,79.78190391983496
cattrs,26.1.0,991,20260920,972,141,6786,5518,81.31447096964338
cattrs,26.1.0,992,20260920,972,141,6786,5375,79.20719127615679
cattrs,26.1.0,993,20260920,972,141,6786,5316,78.33775419982317
cattrs,26.1.0,994,20260920,972,141,6786,5434,80.07662835249042
cattrs,26.1.0,995,20260920,972,141,6786,5160,76.03890362511052
cattrs,26.1.0,996,20260920,972,141,6786,5399,79.56086059534336
cattrs,26.1.0,997,20260920,972,141,6786,5235,77.14412024756852
cattrs,26.1.0,998,20260920,972,141,6786,4949,72.92956086059534
cattrs,26.1.0,999,20260920,972,141,6786,5062,74.59475390509873
cattrs,26.1.0,1000,20260920,972,141,6786,5433,80.06189213085764
boltons,24.1.0,1,20260921,418,178,8021,5436,67.77209824211445
boltons,24.1.0,2,20260921,418,178,8021,4734,59.02007231018576
boltons,24.1.0,3,20260921,418,178,8021,5533,68.98142376262311
boltons,24.1.0,4,20260921,418,178,8021,5472,68.22092008477746
boltons,24.1.0,5,20260921,418,178,8021,5565,69.3803765116569
boltons,24.1.0,6,20260921,418,178,8021,4726,58.920334122927315
boltons,24.1.0,7,20260921,418,178,8021,5135,64.0194489465154
boltons,24.1.0,8,20260921,418,178,8021,5676,70.76424385986785
boltons,24.1.0,9,20260921,418,178,8021,5545,69.13103104351079
boltons,24.1.0,10,20260921,418,178,8021,5604,69.86660017454183
boltons,24.1.0,11,20260921,418,178,8021,5315,66.26355815983044
boltons,24.1.0,12,20260921,418,178,8021,5165,64.39346714873457
boltons,24.1.0,13,20260921,418,178,8021,5491,68.45779827951627
boltons,24.1.0,14,20260921,418,178,8021,4928,61.438723351203095
boltons,24.1.0,15,20260921,418,178,8021,5042,62.85999251963595
boltons,24.1.0,16,20260921,418,178,8021,5501,68.58247101358933
boltons,24.1.0,17,20260921,418,178,8021,5768,71.91123301333998
boltons,24.1.0,18,20260921,418,178,8021,5453,67.98404189003865
boltons,24.1.0,19,20260921,418,178,8021,5009,62.44857249719487
boltons,24.1.0,20,20260921,418,178,8021,5480,68.3206582720359
boltons,24.1.0,21,20260921,418,178,8021,4892,60.98990150854008
boltons,24.1.0,22,20260921,418,178,8021,4990,62.21169430245605
boltons,24.1.0,23,20260921,418,178,8021,5300,66.07654905872086
boltons,24.1.0,24,20260921,418,178,8021,5771,71.9486348335619
boltons,24.1.0,25,20260921,418,178,8021,5023,62.623114324897145
boltons,24.1.0,26,20260921,418,178,8021,4776,59.54369779329261
boltons,24.1.0,27,20260921,418,178,8021,5579,69.55491833935918
boltons,24.1.0,28,20260921,418,178,8021,5790,72.1855130283007
boltons,24.1.0,29,20260921,418,178,8021,5355,66.76224909612267
boltons,24.1.0,30,20260921,418,178,8021,5465,68.13364917092632
boltons,24.1.0,31,20260921,418,178,8021,5423,67.61002368781948
boltons,24.1.0,32,20260921,418,178,8021,5019,62.57324523126792
boltons,24.1.0,33,20260921,418,178,8021,5055,63.022067073930934
boltons,24.1.0,34,20260921,418,178,8021,5423,67.61002368781948
boltons,24.1.0,35,20260921,418,178,8021,5427,67.6598927814487
boltons,24.1.0,36,20260921,418,178,8021,5072,63.23401072185513
boltons,24.1.0,37,20260921,418,178,8021,5246,65.40331629472634
boltons,24.1.0,38,20260921,418,178,8021,5557,69.28063832439845
boltons,24.1.0,39,20260921,418,178,8021,4713,58.75825956863234
boltons,24.1.0,40,20260921,418,178,8021,5054,63.009599800523624
boltons,24.1.0,41,20260921,418,178,8021,4937,61.55092881186884
boltons,24.1.0,42,20260921,418,178,8021,5566,69.3928437850642
boltons,24.1.0,43,20260921,418,178,8021,5211,64.96696172547064
boltons,24.1.0,44,20260921,418,178,8021,5110,63.70776711133275
boltons,24.1.0,45,20260921,418,178,8021,4311,53.7464156588954
boltons,24.1.0,46,20260921,418,178,8021,5462,68.0962473507044
boltons,24.1.0,47,20260921,418,178,8021,5297,66.03914723849894
boltons,24.1.0,48,20260921,418,178,8021,5746,71.63695299837926
boltons,24.1.0,49,20260921,418,178,8021,4679,58.334372272783945
boltons,24.1.0,50,20260921,418,178,8021,5028,62.685450691933674
boltons,24.1.0,51,20260921,418,178,8021,4414,55.0305448198479
boltons,24.1.0,52,20260921,418,178,8021,5086,63.40855254955741
boltons,24.1.0,53,20260921,418,178,8021,5688,70.91385114075551
boltons,24.1.0,54,20260921,418,178,8021,5095,63.52075801022316
boltons,24.1.0,55,20260921,418,178,8021,5825,72.62186759755642
boltons,24.1.0,56,20260921,418,178,8021,4810,59.967585089141004
boltons,24.1.0,57,20260921,418,178,8021,5937,74.01820221917467
boltons,24.1.0,58,20260921,418,178,8021,5509,68.68220920084778
boltons,24.1.0,59,20260921,418,178,8021,5137,64.04438349333
boltons,24.1.0,60,20260921,418,178,8021,4628,57.69854132901135
boltons,24.1.0,61,20260921,418,178,8021,6030,75.17765864605411
boltons,24.1.0,62,20260921,418,178,8021,5226,65.15397082658022
boltons,24.1.0,63,20260921,418,178,8021,4537,56.56401944894652
boltons,24.1.0,64,20260921,418,178,8021,5294,66.00174541827703
boltons,24.1.0,65,20260921,418,178,8021,5421,67.58508914100486
boltons,24.1.0,66,20260921,418,178,8021,5699,71.05099114823588
boltons,24.1.0,67,20260921,418,178,8021,5159,64.31866350829074
boltons,24.1.0,68,20260921,418,178,8021,4774,59.518763246477995
boltons,24.1.0,69,20260921,418,178,8021,5531,68.9564892158085
boltons,24.1.0,70,20260921,418,178,8021,4987,62.17429248223414
boltons,24.1.0,71,20260921,418,178,8021,4793,59.7556414412168
boltons,24.1.0,72,20260921,418,178,8021,5638,70.29048747039023
boltons,24.1.0,73,20260921,418,178,8021,5030,62.71038523874829
boltons,24.1.0,74,20260921,418,178,8021,5249,65.44071811494825
boltons,24.1.0,75,20260921,418,178,8021,5122,63.85737439222042
boltons,24.1.0,76,20260921,418,178,8021,4771,59.48136142625608
boltons,24.1.0,77,20260921,418,178,8021,5838,72.78394215185139
boltons,24.1.0,78,20260921,418,178,8021,5515,68.75701284129161
boltons,24.1.0,79,20260921,418,178,8021,5801,72.32265303578107
boltons,24.1.0,80,20260921,418,178,8021,5254,65.50305448198479
boltons,24.1.0,81,20260921,418,178,8021,5324,66.3757636204962
boltons,24.1.0,82,20260921,418,178,8021,4981,62.0994888417903
boltons,24.1.0,83,20260921,418,178,8021,5303,66.11395087894277
boltons,24.1.0,84,20260921,418,178,8021,4854,60.51614511906246
boltons,24.1.0,85,20260921,418,178,8021,4602,57.37439222042139
boltons,24.1.0,86,20260921,418,178,8021,4850,60.46627602543324
boltons,24.1.0,87,20260921,418,178,8021,5051,62.97219798030171
boltons,24.1.0,88,20260921,418,178,8021,5330,66.45056726094003
boltons,24.1.0,89,20260921,418,178,8021,5293,65.98927814486971
boltons,24.1.0,90,20260921,418,178,8021,5042,62.85999251963595
boltons,24.1.0,91,20260921,418,178,8021,4591,57.23725221294103
boltons,24.1.0,92,20260921,418,178,8021,5400,67.32327639945144
boltons,24.1.0,93,20260921,418,178,8021,5402,67.34821094626605
boltons,24.1.0,94,20260921,418,178,8021,5000,62.33636703652911
boltons,24.1.0,95,20260921,418,178,8021,5024,62.63558159830445
boltons,24.1.0,96,20260921,418,178,8021,5610,69.94140381498566
boltons,24.1.0,97,20260921,418,178,8021,5229,65.19137264680215
boltons,24.1.0,98,20260921,418,178,8021,4822,60.117192370028675
boltons,24.1.0,99,20260921,418,178,8021,4786,59.66837052736567
boltons,24.1.0,100,20260921,418,178,8021,4973,61.99975065453185
boltons,24.1.0,101,20260921,418,178,8021,5487,68.40792918588704
boltons,24.1.0,102,20260921,418,178,8021,5166,64.40593442214188
boltons,24.1.0,103,20260921,418,178,8021,4605,57.41179404064331
boltons,24.1.0,104,20260921,418,178,8021,5547,69.1559655903254
boltons,24.1.0,105,20260921,418,178,8021,4920,61.33898516394464
boltons,24.1.0,106,20260921,418,178,8021,5162,64.35606532851266
boltons,24.1.0,107,20260921,418,178,8021,5072,63.23401072185513
boltons,24.1.0,108,20260921,418,178,8021,4409,54.96820845281137
boltons,24.1.0,109,20260921,418,178,8021,4734,59.02007231018576
boltons,24.1.0,110,20260921,418,178,8021,5188,64.6802144371026
boltons,24.1.0,111,20260921,418,178,8021,5839,72.7964094252587
boltons,24.1.0,112,20260921,418,178,8021,5367,66.91185637701035
boltons,24.1.0,113,20260921,418,178,8021,5180,64.58047624984415
boltons,24.1.0,114,20260921,418,178,8021,6216,77.49657149981299
boltons,24.1.0,115,20260921,418,178,8021,5347,66.66251090886423
boltons,24.1.0,116,20260921,418,178,8021,5844,72.85874579229522
boltons,24.1.0,117,20260921,418,178,8021,5010,62.46103977060217
boltons,24.1.0,118,20260921,418,178,8021,5983,74.59169679591074
boltons,24.1.0,119,20260921,418,178,8021,5257,65.5404563022067
boltons,24.1.0,120,20260921,418,178,8021,5295,66.01421269168434
boltons,24.1.0,121,20260921,418,178,8021,4948,61.688068819349205
boltons,24.1.0,122,20260921,418,178,8021,6100,76.05036778456551
boltons,24.1.0,123,20260921,418,178,8021,5411,67.4604164069318
boltons,24.1.0,124,20260921,418,178,8021,5694,70.98865478119936
boltons,24.1.0,125,20260921,418,178,8021,5504,68.61987283381124
boltons,24.1.0,126,20260921,418,178,8021,5596,69.76686198728338
boltons,24.1.0,127,20260921,418,178,8021,5746,71.63695299837926
boltons,24.1.0,128,20260921,418,178,8021,5214,65.00436354569256
boltons,24.1.0,129,20260921,418,178,8021,4867,60.67821967335744
boltons,24.1.0,130,20260921,418,178,8021,4745,59.15721231766613
boltons,24.1.0,131,20260921,418,178,8021,5396,67.27340730582222
boltons,24.1.0,132,20260921,418,178,8021,5277,65.78980177035282
boltons,24.1.0,133,20260921,418,178,8021,5221,65.0916344595437
boltons,24.1.0,134,20260921,418,178,8021,5786,72.13564393467149
boltons,24.1.0,135,20260921,418,178,8021,5039,62.822590699414036
boltons,24.1.0,136,20260921,418,178,8021,5482,68.34559281885052
boltons,24.1.0,137,20260921,418,178,8021,4622,57.62373768856751
boltons,24.1.0,138,20260921,418,178,8021,4591,57.23725221294103
boltons,24.1.0,139,20260921,418,178,8021,4876,60.79042513402319
boltons,24.1.0,140,20260921,418,178,8021,5354,66.74978182271538
boltons,24.1.0,141,20260921,418,178,8021,4625,57.661139508789425
boltons,24.1.0,142,20260921,418,178,8021,5274,65.75239995013091
boltons,24.1.0,143,20260921,418,178,8021,5146,64.15658895399577
boltons,24.1.0,144,20260921,418,178,8021,5191,64.71761625732452
boltons,24.1.0,145,20260921,418,178,8021,4892,60.98990150854008
boltons,24.1.0,146,20260921,418,178,8021,5233,65.24124174043136
boltons,24.1.0,147,20260921,418,178,8021,5157,64.29372896147612
boltons,24.1.0,148,20260921,418,178,8021,5127,63.91971075925695
boltons,24.1.0,149,20260921,418,178,8021,5773,71.97356938037652
boltons,24.1.0,150,20260921,418,178,8021,5115,63.77010347836928
boltons,24.1.0,151,20260921,418,178,8021,4835,60.27926692432365
boltons,24.1.0,152,20260921,418,178,8021,5648,70.41516020446329
boltons,24.1.0,153,20260921,418,178,8021,5183,64.61787807006607
boltons,24.1.0,154,20260921,418,178,8021,5654,70.48996384490712
boltons,24.1.0,155,20260921,418,178,8021,5526,68.89415284877197
boltons,24.1.0,156,20260921,418,178,8021,4689,58.459045006857004
boltons,24.1.0,157,20260921,418,178,8021,5348,66.67497818227153
boltons,24.1.0,158,20260921,418,178,8021,5145,64.14412168058846
boltons,24.1.0,159,20260921,418,178,8021,5391,67.21107093878568
boltons,24.1.0,160,20260921,418,178,8021,4922,61.363919710759255
boltons,24.1.0,161,20260921,418,178,8021,5037,62.79765615259943
boltons,24.1.0,162,20260921,418,178,8021,5226,65.15397082658022
boltons,24.1.0,163,20260921,418,178,8021,5537,69.03129285625234
boltons,24.1.0,164,20260921,418,178,8021,5305,66.1388854257574
boltons,24.1.0,165,20260921,418,178,8021,4809,59.9551178157337
boltons,24.1.0,166,20260921,418,178,8021,5130,63.95711257947887
boltons,24.1.0,167,20260921,418,178,8021,4577,57.062710385238745
boltons,24.1.0,168,20260921,418,178,8021,5302,66.10148360553546
boltons,24.1.0,169,20260921,418,178,8021,5319,66.31342725345966
boltons,24.1.0,170,20260921,418,178,8021,5375,67.01159456426879
boltons,24.1.0,171,20260921,418,178,8021,5197,64.79241989776835
boltons,24.1.0,172,20260921,418,178,8021,5439,67.80950006233637
boltons,24.1.0,173,20260921,418,178,8021,4897,61.05223787557661
boltons,24.1.0,174,20260921,418,178,8021,5978,74.5293604288742
boltons,24.1.0,175,20260921,418,178,8021,5191,64.71761625732452
boltons,24.1.0,176,20260921,418,178,8021,5614,69.99127290861489
boltons,24.1.0,177,20260921,418,178,8021,5770,71.9361675601546
boltons,24.1.0,178,20260921,418,178,8021,5005,62.39870340356564
boltons,24.1.0,179,20260921,418,178,8021,5709,71.17566388230894
boltons,24.1.0,180,20260921,418,178,8021,4856,60.54107966587707
boltons,24.1.0,181,20260921,418,178,8021,5156,64.28126168806882
boltons,24.1.0,182,20260921,418,178,8021,5486,68.39546191247975
boltons,24.1.0,183,20260921,418,178,8021,5158,64.30619623488343
boltons,24.1.0,184,20260921,418,178,8021,5535,69.00635830943773
boltons,24.1.0,185,20260921,418,178,8021,5003,62.37376885675103
boltons,24.1.0,186,20260921,418,178,8021,4585,57.1624485724972
boltons,24.1.0,187,20260921,418,178,8021,5299,66.06408178531355
boltons,24.1.0,188,20260921,418,178,8021,5538,69.04376012965965
boltons,24.1.0,189,20260921,418,178,8021,5270,65.70253085650168
boltons,24.1.0,190,20260921,418,178,8021,4781,59.60603416032914
boltons,24.1.0,191,20260921,418,178,8021,5275,65.76486722353822
boltons,24.1.0,192,20260921,418,178,8021,5325,66.3882308939035
boltons,24.1.0,193,20260921,418,178,8021,6085,75.86335868345593
boltons,24.1.0,194,20260921,418,178,8021,5190,64.70514898391721
boltons,24.1.0,195,20260921,418,178,8021,5289,65.93940905124049
boltons,24.1.0,196,20260921,418,178,8021,4931,61.47612517142501
boltons,24.1.0,197,20260921,418,178,8021,5483,68.35806009225783
boltons,24.1.0,198,20260921,418,178,8021,5602,69.84166562772721
boltons,24.1.0,199,20260921,418,178,8021,4607,57.43672858745792
boltons,24.1.0,200,20260921,418,178,8021,5327,66.41316544071812
boltons,24.1.0,201,20260921,418,178,8021,4614,57.52399950130906
boltons,24.1.0,202,20260921,418,178,8021,5898,73.53197855628974
boltons,24.1.0,203,20260921,418,178,8021,5197,64.79241989776835
boltons,24.1.0,204,20260921,418,178,8021,5155,64.26879441466151
boltons,24.1.0,205,20260921,418,178,8021,5132,63.98204712629348
boltons,24.1.0,206,20260921,418,178,8021,4869,60.703154220172046
boltons,24.1.0,207,20260921,418,178,8021,5710,71.18813115571625
boltons,24.1.0,208,20260921,418,178,8021,5099,63.57062710385239
boltons,24.1.0,209,20260921,418,178,8021,5748,71.66188754519386
boltons,24.1.0,210,20260921,418,178,8021,5452,67.97157461663134
boltons,24.1.0,211,20260921,418,178,8021,5495,68.5076673731455
boltons,24.1.0,212,20260921,418,178,8021,5657,70.52736566512904
boltons,24.1.0,213,20260921,418,178,8021,5539,69.05622740306696
boltons,24.1.0,214,20260921,418,178,8021,5013,62.498441590824086
boltons,24.1.0,215,20260921,418,178,8021,5031,62.72285251215559
boltons,24.1.0,216,20260921,418,178,8021,5625,70.12841291609524
boltons,24.1.0,217,20260921,418,178,8021,5599,69.8042638075053
boltons,24.1.0,218,20260921,418,178,8021,5734,71.48734571749158
boltons,24.1.0,219,20260921,418,178,8021,4878,60.8153596808378
boltons,24.1.0,220,20260921,418,178,8021,5415,67.51028550056103
boltons,24.1.0,221,20260921,418,178,8021,4568,56.950504924572996
boltons,24.1.0,222,20260921,418,178,8021,5118,63.807505298591195
boltons,24.1.0,223,20260921,418,178,8021,4874,60.765490587208575
boltons,24.1.0,224,20260921,418,178,8021,4840,60.34160329136018
boltons,24.1.0,225,20260921,418,178,8021,5513,68.73207829447699
boltons,24.1.0,226,20260921,418,178,8021,5116,63.78257075177659
boltons,24.1.0,227,20260921,418,178,8021,5195,64.76748535095375
boltons,24.1.0,228,20260921,418,178,8021,5577,69.52998379254457
boltons,24.1.0,229,20260921,418,178,8021,5400,67.32327639945144
boltons,24.1.0,230,20260921,418,178,8021,4954,61.762872459793044
boltons,24.1.0,231,20260921,418,178,8021,5408,67.42301458670988
boltons,24.1.0,232,20260921,418,178,8021,5381,67.08639820471262
boltons,24.1.0,233,20260921,418,178,8021,4686,58.42164318663508
boltons,24.1.0,234,20260921,418,178,8021,4909,61.20184515646428
boltons,24.1.0,235,20260921,418,178,8021,5694,70.98865478119936
boltons,24.1.0,236,20260921,418,178,8021,4056,50.56726094003241
boltons,24.1.0,237,20260921,418,178,8021,5150,64.20645804762498
boltons,24.1.0,238,20260921,418,178,8021,5352,66.72484727590076
boltons,24.1.0,239,20260921,418,178,8021,5935,73.99326767236005
boltons,24.1.0,240,20260921,418,178,8021,5431,67.70976187507792
boltons,24.1.0,241,20260921,418,178,8021,4812,59.99251963595562
boltons,24.1.0,242,20260921,418,178,8021,5227,65.16643809998753
boltons,24.1.0,243,20260921,418,178,8021,5181,64.59294352325146
boltons,24.1.0,244,20260921,418,178,8021,5839,72.7964094252587
boltons,24.1.0,245,20260921,418,178,8021,5247,65.41578356813365
boltons,24.1.0,246,20260921,418,178,8021,5364,66.87445455678844
boltons,24.1.0,247,20260921,418,178,8021,5651,70.45256202468521
boltons,24.1.0,248,20260921,418,178,8021,5297,66.03914723849894
boltons,24.1.0,249,20260921,418,178,8021,5703,71.1008602418651
boltons,24.1.0,250,20260921,418,178,8021,4512,56.25233761376387
boltons,24.1.0,251,20260921,418,178,8021,5114,63.757636204961976
boltons,24.1.0,252,20260921,418,178,8021,5834,72.73407305822217
boltons,24.1.0,253,20260921,418,178,8021,5284,65.87707268420397
boltons,24.1.0,254,20260921,418,178,8021,5432,67.72222914848523
boltons,24.1.0,255,20260921,418,178,8021,4456,55.554170302954745
boltons,24.1.0,256,20260921,418,178,8021,5196,64.77995262436106
boltons,24.1.0,257,20260921,418,178,8021,5821,72.57199850392719
boltons,24.1.0,258,20260921,418,178,8021,5619,70.05360927565141
boltons,24.1.0,259,20260921,418,178,8021,5780,72.06084029422765
boltons,24.1.0,260,20260921,418,178,8021,5257,65.5404563022067
boltons,24.1.0,261,20260921,418,178,8021,5167,64.41840169554918
boltons,24.1.0,262,20260921,418,178,8021,4924,61.38885425757387
boltons,24.1.0,263,20260921,418,178,8021,6105,76.11270415160205
boltons,24.1.0,264,20260921,418,178,8021,4942,61.61326517890537
boltons,24.1.0,265,20260921,418,178,8021,5229,65.19137264680215
boltons,24.1.0,266,20260921,418,178,8021,4851,60.47874329884054
boltons,24.1.0,267,20260921,418,178,8021,5115,63.77010347836928
boltons,24.1.0,268,20260921,418,178,8021,5811,72.44732576985413
boltons,24.1.0,269,20260921,418,178,8021,5088,63.433487096372026
boltons,24.1.0,270,20260921,418,178,8021,4861,60.6034160329136
boltons,24.1.0,271,20260921,418,178,8021,4918,61.314050617130036
boltons,24.1.0,272,20260921,418,178,8021,5071,63.221543448447825
boltons,24.1.0,273,20260921,418,178,8021,5448,67.92170552300212
boltons,24.1.0,274,20260921,418,178,8021,5832,72.70913851140756
boltons,24.1.0,275,20260921,418,178,8021,4907,61.17691060964967
boltons,24.1.0,276,20260921,418,178,8021,5405,67.38561276648797
boltons,24.1.0,277,20260921,418,178,8021,4507,56.19000124672734
boltons,24.1.0,278,20260921,418,178,8021,5428,67.672360054856
boltons,24.1.0,279,20260921,418,178,8021,5120,63.83243984540581
boltons,24.1.0,280,20260921,418,178,8021,5020,62.58571250467523
boltons,24.1.0,281,20260921,418,178,8021,5501,68.58247101358933
boltons,24.1.0,282,20260921,418,178,8021,4734,59.02007231018576
boltons,24.1.0,283,20260921,418,178,8021,5649,70.42762747787059
boltons,24.1.0,284,20260921,418,178,8021,5015,62.5233761376387
boltons,24.1.0,285,20260921,418,178,8021,5358,66.79965091634459
boltons,24.1.0,286,20260921,418,178,8021,4915,61.27664879690812
boltons,24.1.0,287,20260921,418,178,8021,5770,71.9361675601546
boltons,24.1.0,288,20260921,418,178,8021,4766,59.41902505921955
boltons,24.1.0,289,20260921,418,178,8021,5767,71.89876573993267
boltons,24.1.0,290,20260921,418,178,8021,5743,71.59955117815734
boltons,24.1.0,291,20260921,418,178,8021,4934,61.51352699164693
boltons,24.1.0,292,20260921,418,178,8021,4974,62.01221792793916
boltons,24.1.0,293,20260921,418,178,8021,5714,71.23800024934546
boltons,24.1.0,294,20260921,418,178,8021,4496,56.05286123924698
boltons,24.1.0,295,20260921,418,178,8021,5795,72.24784939533724
boltons,24.1.0,296,20260921,418,178,8021,5030,62.71038523874829
boltons,24.1.0,297,20260921,418,178,8021,5352,66.72484727590076
boltons,24.1.0,298,20260921,418,178,8021,5775,71.99850392719112
boltons,24.1.0,299,20260921,418,178,8021,4805,59.905248722104474
boltons,24.1.0,300,20260921,418,178,8021,5545,69.13103104351079
boltons,24.1.0,301,20260921,418,178,8021,5354,66.74978182271538
boltons,24.1.0,302,20260921,418,178,8021,5596,69.76686198728338
boltons,24.1.0,303,20260921,418,178,8021,5006,62.411170676972944
boltons,24.1.0,304,20260921,418,178,8021,6112,76.19997506545319
boltons,24.1.0,305,20260921,418,178,8021,5807,72.3974566762249
boltons,24.1.0,306,20260921,418,178,8021,5536,69.01882558284503
boltons,24.1.0,307,20260921,418,178,8021,5645,70.37775838424136
boltons,24.1.0,308,20260921,418,178,8021,4889,60.95249968831816
boltons,24.1.0,309,20260921,418,178,8021,5177,64.54307442962224
boltons,24.1.0,310,20260921,418,178,8021,5229,65.19137264680215
boltons,24.1.0,311,20260921,418,178,8021,5762,71.83642937289615
boltons,24.1.0,312,20260921,418,178,8021,4743,59.132277770851516
boltons,24.1.0,313,20260921,418,178,8021,5466,68.14611644433363
boltons,24.1.0,314,20260921,418,178,8021,5041,62.84752524622865
boltons,24.1.0,315,20260921,418,178,8021,5327,66.41316544071812
boltons,24.1.0,316,20260921,418,178,8021,5681,70.82658022690437
boltons,24.1.0,317,20260921,418,178,8021,4961,61.85014337364419
boltons,24.1.0,318,20260921,418,178,8021,5663,70.60216930557287
boltons,24.1.0,319,20260921,418,178,8021,4404,54.90587208577484
boltons,24.1.0,320,20260921,418,178,8021,5685,70.8764493205336
boltons,24.1.0,321,20260921,418,178,8021,4736,59.045006857000374
boltons,24.1.0,322,20260921,418,178,8021,5012,62.48597431741678
boltons,24.1.0,323,20260921,418,178,8021,5236,65.27864356065328
boltons,24.1.0,324,20260921,418,178,8021,5751,71.69928936541578
boltons,24.1.0,325,20260921,418,178,8021,5176,64.53060715621494
boltons,24.1.0,326,20260921,418,178,8021,4646,57.92295225034285
boltons,24.1.0,327,20260921,418,178,8021,5274,65.75239995013091
boltons,24.1.0,328,20260921,418,178,8021,5408,67.42301458670988
boltons,24.1.0,329,20260921,418,178,8021,4728,58.94526866974193
boltons,24.1.0,330,20260921,418,178,8021,5236,65.27864356065328
boltons,24.1.0,331,20260921,418,178,8021,4785,59.65590325395836
boltons,24.1.0,332,20260921,418,178,8021,4671,58.23463408552549
boltons,24.1.0,333,20260921,418,178,8021,4394,54.78119935170178
boltons,24.1.0,334,20260921,418,178,8021,5590,69.69205834683954
boltons,24.1.0,335,20260921,418,178,8021,4678,58.321904999376635
boltons,24.1.0,336,20260921,418,178,8021,5153,64.24385986784691
boltons,24.1.0,337,20260921,418,178,8021,5034,62.76025433237751
boltons,24.1.0,338,20260921,418,178,8021,4453,55.51676848273283
boltons,24.1.0,339,20260921,418,178,8021,4622,57.62373768856751
boltons,24.1.0,340,20260921,418,178,8021,5203,64.86722353821219
boltons,24.1.0,341,20260921,418,178,8021,5256,65.5279890287994
boltons,24.1.0,342,20260921,418,178,8021,4962,61.86261064705149
boltons,24.1.0,343,20260921,418,178,8021,5049,62.947263433487095
boltons,24.1.0,344,20260921,418,178,8021,5505,68.63234010721855
boltons,24.1.0,345,20260921,418,178,8021,5240,65.3285126542825
boltons,24.1.0,346,20260921,418,178,8021,5854,72.98341852636828
boltons,24.1.0,347,20260921,418,178,8021,4881,60.85276150105972
boltons,24.1.0,348,20260921,418,178,8021,5693,70.97618750779205
boltons,24.1.0,349,20260921,418,178,8021,4883,60.87769604787433
boltons,24.1.0,350,20260921,418,178,8021,5754,71.7366911856377
boltons,24.1.0,351,20260921,418,178,8021,5100,63.58309437725969
boltons,24.1.0,352,20260921,418,178,8021,5107,63.67036529111083
boltons,24.1.0,353,20260921,418,178,8021,5035,62.77272160578482
boltons,24.1.0,354,20260921,418,178,8021,5068,63.18414162822591
boltons,24.1.0,355,20260921,418,178,8021,5796,72.26031666874455
boltons,24.1.0,356,20260921,418,178,8021,5047,62.92232888667248
boltons,24.1.0,357,20260921,418,178,8021,5122,63.85737439222042
boltons,24.1.0,358,20260921,418,178,8021,5535,69.00635830943773
boltons,24.1.0,359,20260921,418,178,8021,5714,71.23800024934546
boltons,24.1.0,360,20260921,418,178,8021,5492,68.47026555292358
boltons,24.1.0,361,20260921,418,178,8021,5025,62.64804887171176
boltons,24.1.0,362,20260921,418,178,8021,4933,61.501059718239624
boltons,24.1.0,363,20260921,418,178,8021,4642,57.873083156713626
boltons,24.1.0,364,20260921,418,178,8021,5507,68.65727465403316
boltons,24.1.0,365,20260921,418,178,8021,5176,64.53060715621494
boltons,24.1.0,366,20260921,418,178,8021,5850,72.93354943273906
boltons,24.1.0,367,20260921,418,178,8021,4896,61.039770602169305
boltons,24.1.0,368,20260921,418,178,8021,5043,62.87245979304326
boltons,24.1.0,369,20260921,418,178,8021,5040,62.835057972821346
boltons,24.1.0,370,20260921,418,178,8021,5164,64.38099987532726
boltons,24.1.0,371,20260921,418,178,8021,5523,68.85675102855005
boltons,24.1.0,372,20260921,418,178,8021,5219,65.06669991272909
boltons,24.1.0,373,20260921,418,178,8021,5243,65.36591447450442
boltons,24.1.0,374,20260921,418,178,8021,5101,63.595561650667
boltons,24.1.0,375,20260921,418,178,8021,5405,67.38561276648797
boltons,24.1.0,376,20260921,418,178,8021,5483,68.35806009225783
boltons,24.1.0,377,20260921,418,178,8021,5715,71.25046752275277
boltons,24.1.0,378,20260921,418,178,8021,5066,63.159207081411296
boltons,24.1.0,379,20260921,418,178,8021,5017,62.54831068445331
boltons,24.1.0,380,20260921,418,178,8021,5199,64.81735444458297
boltons,24.1.0,381,20260921,418,178,8021,4856,60.54107966587707
boltons,24.1.0,382,20260921,418,178,8021,5115,63.77010347836928
boltons,24.1.0,383,20260921,418,178,8021,6172,76.94801146989154
boltons,24.1.0,384,20260921,418,178,8021,4858,60.566014212691684
boltons,24.1.0,385,20260921,418,178,8021,4904,61.13950878942775
boltons,24.1.0,386,20260921,418,178,8021,5239,65.31604538087521
boltons,24.1.0,387,20260921,418,178,8021,5348,66.67497818227153
boltons,24.1.0,388,20260921,418,178,8021,4784,59.643435980551054
boltons,24.1.0,389,20260921,418,178,8021,6046,75.377135020571
boltons,24.1.0,390,20260921,418,178,8021,5261,65.59032539583593
boltons,24.1.0,391,20260921,418,178,8021,5010,62.46103977060217
boltons,24.1.0,392,20260921,418,178,8021,5333,66.48796908116195
boltons,24.1.0,393,20260921,418,178,8021,5156,64.28126168806882
boltons,24.1.0,394,20260921,418,178,8021,4607,57.43672858745792
boltons,24.1.0,395,20260921,418,178,8021,4892,60.98990150854008
boltons,24.1.0,396,20260921,418,178,8021,5125,63.89477621244234
boltons,24.1.0,397,20260921,418,178,8021,5690,70.93878568757013
boltons,24.1.0,398,20260921,418,178,8021,4184,52.16307193616756
boltons,24.1.0,399,20260921,418,178,8021,4715,58.78319411544695
boltons,24.1.0,400,20260921,418,178,8021,5747,71.64942027178655
boltons,24.1.0,401,20260921,418,178,8021,5154,64.2563271412542
boltons,24.1.0,402,20260921,418,178,8021,4798,59.81797780825333
boltons,24.1.0,403,20260921,418,178,8021,4221,52.62436105223787
boltons,24.1.0,404,20260921,418,178,8021,4942,61.61326517890537
boltons,24.1.0,405,20260921,418,178,8021,5070,63.20907617504052
boltons,24.1.0,406,20260921,418,178,8021,5456,68.02144371026057
boltons,24.1.0,407,20260921,418,178,8021,5218,65.05423263932178
boltons,24.1.0,408,20260921,418,178,8021,5766,71.88629846652537
boltons,24.1.0,409,20260921,418,178,8021,4921,61.35145243735195
boltons,24.1.0,410,20260921,418,178,8021,4489,55.96559032539584
boltons,24.1.0,411,20260921,418,178,8021,5702,71.0883929684578
boltons,24.1.0,412,20260921,418,178,8021,5188,64.6802144371026
boltons,24.1.0,413,20260921,418,178,8021,5268,65.67759630968708
boltons,24.1.0,414,20260921,418,178,8021,5429,67.68482732826331
boltons,24.1.0,415,20260921,418,178,8021,5326,66.40069816731081
boltons,24.1.0,416,20260921,418,178,8021,5225,65.14150355317292
boltons,24.1.0,417,20260921,418,178,8021,5833,72.72160578481486
boltons,24.1.0,418,20260921,418,178,8021,4754,59.26941777833188
boltons,24.1.0,419,20260921,418,178,8021,4700,58.596185014337365
boltons,24.1.0,420,20260921,418,178,8021,5189,64.69268171050992
boltons,24.1.0,421,20260921,418,178,8021,5324,66.3757636204962
boltons,24.1.0,422,20260921,418,178,8021,5383,67.11133275152724
boltons,24.1.0,423,20260921,418,178,8021,5397,67.28587457922953
boltons,24.1.0,424,20260921,418,178,8021,4717,58.808128662261566
boltons,24.1.0,425,20260921,418,178,8021,5299,66.06408178531355
boltons,24.1.0,426,20260921,418,178,8021,5457,68.03391098366787
boltons,24.1.0,427,20260921,418,178,8021,5492,68.47026555292358
boltons,24.1.0,428,20260921,418,178,8021,4827,60.179528737065205
boltons,24.1.0,429,20260921,418,178,8021,5033,62.747787058970204
boltons,24.1.0,430,20260921,418,178,8021,4978,62.06208702156838
boltons,24.1.0,431,20260921,418,178,8021,5198,64.80488717117566
boltons,24.1.0,432,20260921,418,178,8021,4885,60.902630594688944
boltons,24.1.0,433,20260921,418,178,8021,4695,58.533848647300836
boltons,24.1.0,434,20260921,418,178,8021,5180,64.58047624984415
boltons,24.1.0,435,20260921,418,178,8021,5024,62.63558159830445
boltons,24.1.0,436,20260921,418,178,8021,4752,59.244483231517265
boltons,24.1.0,437,20260921,418,178,8021,5458,68.04637825707518
boltons,24.1.0,438,20260921,418,178,8021,5423,67.61002368781948
boltons,24.1.0,439,20260921,418,178,8021,4938,61.56339608527615
boltons,24.1.0,440,20260921,418,178,8021,5189,64.69268171050992
boltons,24.1.0,441,20260921,418,178,8021,4575,57.03777583842414
boltons,24.1.0,442,20260921,418,178,8021,4952,61.73793791297843
boltons,24.1.0,443,20260921,418,178,8021,5475,68.25832190499938
boltons,24.1.0,444,20260921,418,178,8021,5163,64.36853260191997
boltons,24.1.0,445,20260921,418,178,8021,4475,55.79104849769355
boltons,24.1.0,446,20260921,418,178,8021,5403,67.36067821967336
boltons,24.1.0,447,20260921,418,178,8021,5162,64.35606532851266
boltons,24.1.0,448,20260921,418,178,8021,5140,64.08178531355193
boltons,24.1.0,449,20260921,418,178,8021,4666,58.17229771848896
boltons,24.1.0,450,20260921,418,178,8021,5930,73.93093130532353
boltons,24.1.0,451,20260921,418,178,8021,5375,67.01159456426879
boltons,24.1.0,452,20260921,418,178,8021,5345,66.63757636204961
boltons,24.1.0,453,20260921,418,178,8021,5522,68.84428375514275
boltons,24.1.0,454,20260921,418,178,8021,4931,61.47612517142501
boltons,24.1.0,455,20260921,418,178,8021,5810,72.43485849644682
boltons,24.1.0,456,20260921,418,178,8021,4646,57.92295225034285
boltons,24.1.0,457,20260921,418,178,8021,5177,64.54307442962224
boltons,24.1.0,458,20260921,418,178,8021,5411,67.4604164069318
boltons,24.1.0,459,20260921,418,178,8021,5874,73.2327639945144
boltons,24.1.0,460,20260921,418,178,8021,4875,60.777957860615885
boltons,24.1.0,461,20260921,418,178,8021,5219,65.06669991272909
boltons,24.1.0,462,20260921,418,178,8021,5444,67.87183642937289
boltons,24.1.0,463,20260921,418,178,8021,5256,65.5279890287994
boltons,24.1.0,464,20260921,418,178,8021,4974,62.01221792793916
boltons,24.1.0,465,20260921,418,178,8021,5557,69.28063832439845
boltons,24.1.0,466,20260921,418,178,8021,4362,54.382246602668
boltons,24.1.0,467,20260921,418,178,8021,5099,63.57062710385239
boltons,24.1.0,468,20260921,418,178,8021,4500,56.1027303328762
boltons,24.1.0,469,20260921,418,178,8021,4954,61.762872459793044
boltons,24.1.0,470,20260921,418,178,8021,5100,63.58309437725969
boltons,24.1.0,471,20260921,418,178,8021,4368,54.45705024311183
boltons,24.1.0,472,20260921,418,178,8021,5560,69.31804014462037
boltons,24.1.0,473,20260921,418,178,8021,4297,53.571873831193116
boltons,24.1.0,474,20260921,418,178,8021,5240,65.3285126542825
boltons,24.1.0,475,20260921,418,178,8021,5220,65.07916718613639
boltons,24.1.0,476,20260921,418,178,8021,5361,66.83705273656652
boltons,24.1.0,477,20260921,418,178,8021,4593,57.26218675975564
boltons,24.1.0,478,20260921,418,178,8021,4939,61.575863358683456
boltons,24.1.0,479,20260921,418,178,8021,5504,68.61987283381124
boltons,24.1.0,480,20260921,418,178,8021,5445,67.8843037027802
boltons,24.1.0,481,20260921,418,178,8021,5644,70.36529111083406
boltons,24.1.0,482,20260921,418,178,8021,4885,60.902630594688944
boltons,24.1.0,483,20260921,418,178,8021,4893,61.00236878194739
boltons,24.1.0,484,20260921,418,178,8021,5330,66.45056726094003
boltons,24.1.0,485,20260921,418,178,8021,4934,61.51352699164693
boltons,24.1.0,486,20260921,418,178,8021,5244,65.37838174791173
boltons,24.1.0,487,20260921,418,178,8021,4795,59.780575988031416
boltons,24.1.0,488,20260921,418,178,8021,5185,64.64281261688069
boltons,24.1.0,489,20260921,418,178,8021,5555,69.25570377758385
boltons,24.1.0,490,20260921,418,178,8021,5174,64.50567260940032
boltons,24.1.0,491,20260921,418,178,8021,4799,59.83044508166064
boltons,24.1.0,492,20260921,418,178,8021,5721,71.3252711631966
boltons,24.1.0,493,20260921,418,178,8021,4683,58.384241366413164
boltons,24.1.0,494,20260921,418,178,8021,5276,65.77733449694551
boltons,24.1.0,495,20260921,418,178,8021,5467,68.15858371774092
boltons,24.1.0,496,20260921,418,178,8021,4553,56.76349582346341
boltons,24.1.0,497,20260921,418,178,8021,5047,62.92232888667248
boltons,24.1.0,498,20260921,418,178,8021,5309,66.1887545193866
boltons,24.1.0,499,20260921,418,178,8021,5006,62.411170676972944
boltons,24.1.0,500,20260921,418,178,8021,5619,70.05360927565141
boltons,24.1.0,501,20260921,418,178,8021,5381,67.08639820471262
boltons,24.1.0,502,20260921,418,178,8021,5725,71.37514025682583
boltons,24.1.0,503,20260921,418,178,8021,5071,63.221543448447825
boltons,24.1.0,504,20260921,418,178,8021,5314,66.25109088642314
boltons,24.1.0,505,20260921,418,178,8021,5294,66.00174541827703
boltons,24.1.0,506,20260921,418,178,8021,5366,66.89938910360304
boltons,24.1.0,507,20260921,418,178,8021,5068,63.18414162822591
boltons,24.1.0,508,20260921,418,178,8021,5250,65.45318538835556
boltons,24.1.0,509,20260921,418,178,8021,5063,63.12180526118938
boltons,24.1.0,510,20260921,418,178,8021,4402,54.88093753896023
boltons,24.1.0,511,20260921,418,178,8021,5705,71.12579478867971
boltons,24.1.0,512,20260921,418,178,8021,4734,59.02007231018576
boltons,24.1.0,513,20260921,418,178,8021,4520,56.352075801022316
boltons,24.1.0,514,20260921,418,178,8021,4854,60.51614511906246
boltons,24.1.0,515,20260921,418,178,8021,5266,65.65266176287246
boltons,24.1.0,516,20260921,418,178,8021,5355,66.76224909612267
boltons,24.1.0,517,20260921,418,178,8021,4930,61.4636578980177
boltons,24.1.0,518,20260921,418,178,8021,5422,67.59755641441217
boltons,24.1.0,519,20260921,418,178,8021,4851,60.47874329884054
boltons,24.1.0,520,20260921,418,178,8021,5771,71.9486348335619
boltons,24.1.0,521,20260921,418,178,8021,5815,72.49719486348336
boltons,24.1.0,522,20260921,418,178,8021,5133,63.99451439970078
boltons,24.1.0,523,20260921,418,178,8021,5064,63.13427253459668
boltons,24.1.0,524,20260921,418,178,8021,5201,64.84228899139758
boltons,24.1.0,525,20260921,418,178,8021,4860,60.5909487595063
boltons,24.1.0,526,20260921,418,178,8021,5486,68.39546191247975
boltons,24.1.0,527,20260921,418,178,8021,5782,72.08577484104227
boltons,24.1.0,528,20260921,418,178,8021,5845,72.87121306570253
boltons,24.1.0,529,20260921,418,178,8021,5470,68.19598553796284
boltons,24.1.0,530,20260921,418,178,8021,4673,58.259568632340105
boltons,24.1.0,531,20260921,418,178,8021,5475,68.25832190499938
boltons,24.1.0,532,20260921,418,178,8021,5143,64.11918713377385
boltons,24.1.0,533,20260921,418,178,8021,4944,61.638199725719986
boltons,24.1.0,534,20260921,418,178,8021,4307,53.696546565266175
boltons,24.1.0,535,20260921,418,178,8021,5176,64.53060715621494
boltons,24.1.0,536,20260921,418,178,8021,5316,66.27602543323775
boltons,24.1.0,537,20260921,418,178,8021,5002,62.361301583343725
boltons,24.1.0,538,20260921,418,178,8021,5776,72.01097120059843
boltons,24.1.0,539,20260921,418,178,8021,5218,65.05423263932178
boltons,24.1.0,540,20260921,418,178,8021,6043,75.33973320034909
boltons,24.1.0,541,20260921,418,178,8021,4834,60.26679965091635
boltons,24.1.0,542,20260921,418,178,8021,4969,61.94988156090263
boltons,24.1.0,543,20260921,418,178,8021,5473,68.23338735818477
boltons,24.1.0,544,20260921,418,178,8021,5983,74.59169679591074
boltons,24.1.0,545,20260921,418,178,8021,4978,62.06208702156838
boltons,24.1.0,546,20260921,418,178,8021,6115,76.2373768856751
boltons,24.1.0,547,20260921,418,178,8021,5559,69.30557287121306
boltons,24.1.0,548,20260921,418,178,8021,4718,58.82059593566887
boltons,24.1.0,549,20260921,418,178,8021,4176,52.063333748909116
boltons,24.1.0,550,20260921,418,178,8021,5606,69.89153472135644
boltons,24.1.0,551,20260921,418,178,8021,4788,59.69330507418028
boltons,24.1.0,552,20260921,418,178,8021,5228,65.17890537339484
boltons,24.1.0,553,20260921,418,178,8021,6272,78.19473881062211
boltons,24.1.0,554,20260921,418,178,8021,5554,69.24323650417654
boltons,24.1.0,555,20260921,418,178,8021,5540,69.06869467647425
boltons,24.1.0,556,20260921,418,178,8021,4985,62.14935793541952
boltons,24.1.0,557,20260921,418,178,8021,5191,64.71761625732452
boltons,24.1.0,558,20260921,418,178,8021,5564,69.3679092382496
boltons,24.1.0,559,20260921,418,178,8021,5438,67.79703278892906
boltons,24.1.0,560,20260921,418,178,8021,5920,73.80625857125047
boltons,24.1.0,561,20260921,418,178,8021,5101,63.595561650667
boltons,24.1.0,562,20260921,418,178,8021,5483,68.35806009225783
boltons,24.1.0,563,20260921,418,178,8021,5219,65.06669991272909
boltons,24.1.0,564,20260921,418,178,8021,5619,70.05360927565141
boltons,24.1.0,565,20260921,418,178,8021,5351,66.71238000249346
boltons,24.1.0,566,20260921,418,178,8021,5779,72.04837302082035
boltons,24.1.0,567,20260921,418,178,8021,4259,53.098117441715495
boltons,24.1.0,568,20260921,418,178,8021,5034,62.76025433237751
boltons,24.1.0,569,20260921,418,178,8021,4576,57.05024311183144
boltons,24.1.0,570,20260921,418,178,8021,4533,56.51415035531729
boltons,24.1.0,571,20260921,418,178,8021,4985,62.14935793541952
boltons,24.1.0,572,20260921,418,178,8021,4382,54.631592070814115
boltons,24.1.0,573,20260921,418,178,8021,5293,65.98927814486971
boltons,24.1.0,574,20260921,418,178,8021,5110,63.70776711133275
boltons,24.1.0,575,20260921,418,178,8021,4885,60.902630594688944
boltons,24.1.0,576,20260921,418,178,8021,4942,61.61326517890537
boltons,24.1.0,577,20260921,418,178,8021,4300,53.60927565141503
boltons,24.1.0,578,20260921,418,178,8021,5208,64.92955990524872
boltons,24.1.0,579,20260921,418,178,8021,5339,66.56277272160578
boltons,24.1.0,580,20260921,418,178,8021,5126,63.90724348584965
boltons,24.1.0,581,20260921,418,178,8021,4600,57.349457673606786
boltons,24.1.0,582,20260921,418,178,8021,4782,59.61850143373644
boltons,24.1.0,583,20260921,418,178,8021,4855,60.52861239246977
boltons,24.1.0,584,20260921,418,178,8021,5185,64.64281261688069
boltons,24.1.0,585,20260921,418,178,8021,5558,69.29310559780576
boltons,24.1.0,586,20260921,418,178,8021,5634,70.240618376761
boltons,24.1.0,587,20260921,418,178,8021,5202,64.85475626480489
boltons,24.1.0,588,20260921,418,178,8021,4978,62.06208702156838
boltons,24.1.0,589,20260921,418,178,8021,5292,65.9768108714624
boltons,24.1.0,590,20260921,418,178,8021,5174,64.50567260940032
boltons,24.1.0,591,20260921,418,178,8021,5426,67.6474255080414
boltons,24.1.0,592,20260921,418,178,8021,5566,69.3928437850642
boltons,24.1.0,593,20260921,418,178,8021,4789,59.70577234758758
boltons,24.1.0,594,20260921,418,178,8021,5274,65.75239995013091
boltons,24.1.0,595,20260921,418,178,8021,4806,59.917715995511784
boltons,24.1.0,596,20260921,418,178,8021,4947,61.6756015459419
boltons,24.1.0,597,20260921,418,178,8021,4868,60.69068694676474
boltons,24.1.0,598,20260921,418,178,8021,6202,77.32202967211072
boltons,24.1.0,599,20260921,418,178,8021,5298,66.05161451190625
boltons,24.1.0,600,20260921,418,178,8021,5084,63.3836180027428
boltons,24.1.0,601,20260921,418,178,8021,4873,60.75302331380127
boltons,24.1.0,602,20260921,418,178,8021,5293,65.98927814486971
boltons,24.1.0,603,20260921,418,178,8021,5286,65.90200723101857
boltons,24.1.0,604,20260921,418,178,8021,4774,59.518763246477995
boltons,24.1.0,605,20260921,418,178,8021,4730,58.97020321655654
boltons,24.1.0,606,20260921,418,178,8021,5691,70.95125296097743
boltons,24.1.0,607,20260921,418,178,8021,5339,66.56277272160578
boltons,24.1.0,608,20260921,418,178,8021,4955,61.77533973320035
boltons,24.1.0,609,20260921,418,178,8021,5019,62.57324523126792
boltons,24.1.0,610,20260921,418,178,8021,4665,58.15983044508166
boltons,24.1.0,611,20260921,418,178,8021,5519,68.80688193492084
boltons,24.1.0,612,20260921,418,178,8021,4961,61.85014337364419
boltons,24.1.0,613,20260921,418,178,8021,4723,58.8829323027054
boltons,24.1.0,614,20260921,418,178,8021,5515,68.75701284129161
boltons,24.1.0,615,20260921,418,178,8021,5182,64.60541079665877
boltons,24.1.0,616,20260921,418,178,8021,5743,71.59955117815734
boltons,24.1.0,617,20260921,418,178,8021,5764,71.86136391971075
boltons,24.1.0,618,20260921,418,178,8021,4875,60.777957860615885
boltons,24.1.0,619,20260921,418,178,8021,5537,69.03129285625234
boltons,24.1.0,620,20260921,418,178,8021,5231,65.21630719361676
boltons,24.1.0,621,20260921,418,178,8021,5332,66.47550180775464
boltons,24.1.0,622,20260921,418,178,8021,5532,68.96895648921581
boltons,24.1.0,623,20260921,418,178,8021,5849,72.92108215933176
boltons,24.1.0,624,20260921,418,178,8021,5121,63.84490711881312
boltons,24.1.0,625,20260921,418,178,8021,5008,62.43610522378756
boltons,24.1.0,626,20260921,418,178,8021,5641,70.32788929061215
boltons,24.1.0,627,20260921,418,178,8021,4822,60.117192370028675
boltons,24.1.0,628,20260921,418,178,8021,5011,62.47350704400947
boltons,24.1.0,629,20260921,418,178,8021,5144,64.13165440718114
boltons,24.1.0,630,20260921,418,178,8021,5041,62.84752524622865
boltons,24.1.0,631,20260921,418,178,8021,5435,67.75963096870714
boltons,24.1.0,632,20260921,418,178,8021,4733,59.00760503677846
boltons,24.1.0,633,20260921,418,178,8021,5331,66.46303453434734
boltons,24.1.0,634,20260921,418,178,8021,5658,70.53983293853634
boltons,24.1.0,635,20260921,418,178,8021,5486,68.39546191247975
boltons,24.1.0,636,20260921,418,178,8021,4743,59.132277770851516
boltons,24.1.0,637,20260921,418,178,8021,5771,71.9486348335619
boltons,24.1.0,638,20260921,418,178,8021,4921,61.35145243735195
boltons,24.1.0,639,20260921,418,178,8021,5984,74.60416406931805
boltons,24.1.0,640,20260921,418,178,8021,5854,72.98341852636828
boltons,24.1.0,641,20260921,418,178,8021,5545,69.13103104351079
boltons,24.1.0,642,20260921,418,178,8021,4747,59.182146864480735
boltons,24.1.0,643,20260921,418,178,8021,5234,65.25370901383867
boltons,24.1.0,644,20260921,418,178,8021,5994,74.7288368033911
boltons,24.1.0,645,20260921,418,178,8021,5380,67.07393093130533
boltons,24.1.0,646,20260921,418,178,8021,4983,62.12442338860491
boltons,24.1.0,647,20260921,418,178,8021,4636,57.798279516269794
boltons,24.1.0,648,20260921,418,178,8021,5099,63.57062710385239
boltons,24.1.0,649,20260921,418,178,8021,5292,65.9768108714624
boltons,24.1.0,650,20260921,418,178,8021,5339,66.56277272160578
boltons,24.1.0,651,20260921,418,178,8021,5220,65.07916718613639
boltons,24.1.0,652,20260921,418,178,8021,4350,54.232639321780326
boltons,24.1.0,653,20260921,418,178,8021,4554,56.77596309687071
boltons,24.1.0,654,20260921,418,178,8021,4987,62.17429248223414
boltons,24.1.0,655,20260921,418,178,8021,4383,54.64405934422142
boltons,24.1.0,656,20260921,418,178,8021,4961,61.85014337364419
boltons,24.1.0,657,20260921,418,178,8021,5277,65.78980177035282
boltons,24.1.0,658,20260921,418,178,8021,5364,66.87445455678844
boltons,24.1.0,659,20260921,418,178,8021,5881,73.32003490836554
boltons,24.1.0,660,20260921,418,178,8021,4770,59.46889415284877
boltons,24.1.0,661,20260921,418,178,8021,5623,70.10347836928064
boltons,24.1.0,662,20260921,418,178,8021,5404,67.37314549308066
boltons,24.1.0,663,20260921,418,178,8021,4360,54.357312055853384
boltons,24.1.0,664,20260921,418,178,8021,5305,66.1388854257574
boltons,24.1.0,665,20260921,418,178,8021,5689,70.92631841416282
boltons,24.1.0,666,20260921,418,178,8021,4586,57.1749158459045
boltons,24.1.0,667,20260921,418,178,8021,5665,70.62710385238748
boltons,24.1.0,668,20260921,418,178,8021,5531,68.9564892158085
boltons,24.1.0,669,20260921,418,178,8021,5388,67.17366911856377
boltons,24.1.0,670,20260921,418,178,8021,4862,60.61588330632091
boltons,24.1.0,671,20260921,418,178,8021,5339,66.56277272160578
boltons,24.1.0,672,20260921,418,178,8021,4952,61.73793791297843
boltons,24.1.0,673,20260921,418,178,8021,5354,66.74978182271538
boltons,24.1.0,674,20260921,418,178,8021,5811,72.44732576985413
boltons,24.1.0,675,20260921,418,178,8021,4916,61.28911607031542
boltons,24.1.0,676,20260921,418,178,8021,5131,63.96957985288618
boltons,24.1.0,677,20260921,418,178,8021,5236,65.27864356065328
boltons,24.1.0,678,20260921,418,178,8021,4767,59.43149233262685
boltons,24.1.0,679,20260921,418,178,8021,4579,57.08764493205336
boltons,24.1.0,680,20260921,418,178,8021,5094,63.50829073681586
boltons,24.1.0,681,20260921,418,178,8021,5831,72.69667123800025
boltons,24.1.0,682,20260921,418,178,8021,5350,66.69991272908615
boltons,24.1.0,683,20260921,418,178,8021,4415,55.04301209325521
boltons,24.1.0,684,20260921,418,178,8021,5277,65.78980177035282
boltons,24.1.0,685,20260921,418,178,8021,5229,65.19137264680215
boltons,24.1.0,686,20260921,418,178,8021,5257,65.5404563022067
boltons,24.1.0,687,20260921,418,178,8021,4654,58.0226904376013
boltons,24.1.0,688,20260921,418,178,8021,4548,56.70115945642688
boltons,24.1.0,689,20260921,418,178,8021,5066,63.159207081411296
boltons,24.1.0,690,20260921,418,178,8021,4575,57.03777583842414
boltons,24.1.0,691,20260921,418,178,8021,5268,65.67759630968708
boltons,24.1.0,692,20260921,418,178,8021,5169,64.4433362423638
boltons,24.1.0,693,20260921,418,178,8021,4642,57.873083156713626
boltons,24.1.0,694,20260921,418,178,8021,4832,60.241865104101734
boltons,24.1.0,695,20260921,418,178,8021,4482,55.878319411544695
boltons,24.1.0,696,20260921,418,178,8021,5548,69.1684328637327
boltons,24.1.0,697,20260921,418,178,8021,5484,68.37052736566513
boltons,24.1.0,698,20260921,418,178,8021,4605,57.41179404064331
boltons,24.1.0,699,20260921,418,178,8021,5561,69.33050741802768
boltons,24.1.0,700,20260921,418,178,8021,5943,74.0930058596185
boltons,24.1.0,701,20260921,418,178,8021,5332,66.47550180775464
boltons,24.1.0,702,20260921,418,178,8021,5620,70.06607654905872
boltons,24.1.0,703,20260921,418,178,8021,5773,71.97356938037652
boltons,24.1.0,704,20260921,418,178,8021,5141,64.09425258695923
boltons,24.1.0,705,20260921,418,178,8021,4602,57.37439222042139
boltons,24.1.0,706,20260921,418,178,8021,5759,71.79902755267423
boltons,24.1.0,707,20260921,418,178,8021,4781,59.60603416032914
boltons,24.1.0,708,20260921,418,178,8021,5088,63.433487096372026
boltons,24.1.0,709,20260921,418,178,8021,5535,69.00635830943773
boltons,24.1.0,710,20260921,418,178,8021,5678,70.78917840668245
boltons,24.1.0,711,20260921,418,178,8021,5612,69.96633836180027
boltons,24.1.0,712,20260921,418,178,8021,4728,58.94526866974193
boltons,24.1.0,713,20260921,418,178,8021,5364,66.87445455678844
boltons,24.1.0,714,20260921,418,178,8021,4848,60.441341478618625
boltons,24.1.0,715,20260921,418,178,8021,5250,65.45318538835556
boltons,24.1.0,716,20260921,418,178,8021,5350,66.69991272908615
boltons,24.1.0,717,20260921,418,178,8021,4839,60.32913601795288
boltons,24.1.0,718,20260921,418,178,8021,5799,72.29771848896647
boltons,24.1.0,719,20260921,418,178,8021,5139,64.06931804014462
boltons,24.1.0,720,20260921,418,178,8021,5605,69.87906744794914
boltons,24.1.0,721,20260921,418,178,8021,4728,58.94526866974193
boltons,24.1.0,722,20260921,418,178,8021,5325,66.3882308939035
boltons,24.1.0,723,20260921,418,178,8021,5215,65.01683081909987
boltons,24.1.0,724,20260921,418,178,8021,5057,63.04700162074554
boltons,24.1.0,725,20260921,418,178,8021,5036,62.78518887919212
boltons,24.1.0,726,20260921,418,178,8021,5185,64.64281261688069
boltons,24.1.0,727,20260921,418,178,8021,4697,58.55878319411545
boltons,24.1.0,728,20260921,418,178,8021,4264,53.160453808752024
boltons,24.1.0,729,20260921,418,178,8021,5494,68.49520009973818
boltons,24.1.0,730,20260921,418,178,8021,5591,69.70452562024686
boltons,24.1.0,731,20260921,418,178,8021,5268,65.67759630968708
boltons,24.1.0,732,20260921,418,178,8021,5238,65.3035781074679
boltons,24.1.0,733,20260921,418,178,8021,5023,62.623114324897145
boltons,24.1.0,734,20260921,418,178,8021,5587,69.65465652661763
boltons,24.1.0,735,20260921,418,178,8021,5000,62.33636703652911
boltons,24.1.0,736,20260921,418,178,8021,5297,66.03914723849894
boltons,24.1.0,737,20260921,418,178,8021,4923,61.376386984166565
boltons,24.1.0,738,20260921,418,178,8021,5192,64.73008353073183
boltons,24.1.0,739,20260921,418,178,8021,5440,67.82196733574368
boltons,24.1.0,740,20260921,418,178,8021,5194,64.75501807754644
boltons,24.1.0,741,20260921,418,178,8021,5437,67.78456551552175
boltons,24.1.0,742,20260921,418,178,8021,5154,64.2563271412542
boltons,24.1.0,743,20260921,418,178,8021,4519,56.33960852761501
boltons,24.1.0,744,20260921,418,178,8021,5055,63.022067073930934
boltons,24.1.0,745,20260921,418,178,8021,5163,64.36853260191997
boltons,24.1.0,746,20260921,418,178,8021,4652,57.997755890786685
boltons,24.1.0,747,20260921,418,178,8021,5175,64.51813988280763
boltons,24.1.0,748,20260921,418,178,8021,4594,57.274654033162946
boltons,24.1.0,749,20260921,418,178,8021,5821,72.57199850392719
boltons,24.1.0,750,20260921,418,178,8021,5849,72.92108215933176
boltons,24.1.0,751,20260921,418,178,8021,4448,55.4544321156963
boltons,24.1.0,752,20260921,418,178,8021,5244,65.37838174791173
boltons,24.1.0,753,20260921,418,178,8021,5017,62.54831068445331
boltons,24.1.0,754,20260921,418,178,8021,5579,69.55491833935918
boltons,24.1.0,755,20260921,418,178,8021,5824,72.6094003241491
boltons,24.1.0,756,20260921,418,178,8021,4979,62.07455429497569
boltons,24.1.0,757,20260921,418,178,8021,5115,63.77010347836928
boltons,24.1.0,758,20260921,418,178,8021,4608,57.44919586086523
boltons,24.1.0,759,20260921,418,178,8021,5737,71.52474753771351
boltons,24.1.0,760,20260921,418,178,8021,5287,65.91447450442588
boltons,24.1.0,761,20260921,418,178,8021,6127,76.38698416656277
boltons,24.1.0,762,20260921,418,178,8021,5445,67.8843037027802
boltons,24.1.0,763,20260921,418,178,8021,5434,67.74716369529983
boltons,24.1.0,764,20260921,418,178,8021,4843,60.379005111582096
boltons,24.1.0,765,20260921,418,178,8021,5457,68.03391098366787
boltons,24.1.0,766,20260921,418,178,8021,4881,60.85276150105972
boltons,24.1.0,767,20260921,418,178,8021,5492,68.47026555292358
boltons,24.1.0,768,20260921,418,178,8021,5156,64.28126168806882
boltons,24.1.0,769,20260921,418,178,8021,5248,65.42825084154096
boltons,24.1.0,770,20260921,418,178,8021,4908,61.18937788305698
boltons,24.1.0,771,20260921,418,178,8021,5226,65.15397082658022
boltons,24.1.0,772,20260921,418,178,8021,5373,66.98666001745418
boltons,24.1.0,773,20260921,418,178,8021,5135,64.0194489465154
boltons,24.1.0,774,20260921,418,178,8021,5264,65.62772721605785
boltons,24.1.0,775,20260921,418,178,8021,5562,69.34297469143499
boltons,24.1.0,776,20260921,418,178,8021,5684,70.8639820471263
boltons,24.1.0,777,20260921,418,178,8021,5094,63.50829073681586
boltons,24.1.0,778,20260921,418,178,8021,4823,60.12965964343598
boltons,24.1.0,779,20260921,418,178,8021,5195,64.76748535095375
boltons,24.1.0,780,20260921,418,178,8021,5735,71.49981299089889
boltons,24.1.0,781,20260921,418,178,8021,5552,69.21830195736193
boltons,24.1.0,782,20260921,418,178,8021,5204,64.8796908116195
boltons,24.1.0,783,20260921,418,178,8021,5311,66.21368906620123
boltons,24.1.0,784,20260921,418,178,8021,4955,61.77533973320035
boltons,24.1.0,785,20260921,418,178,8021,4967,61.92494701408802
boltons,24.1.0,786,20260921,418,178,8021,5691,70.95125296097743
boltons,24.1.0,787,20260921,418,178,8021,6387,79.62847525246228
boltons,24.1.0,788,20260921,418,178,8021,5721,71.3252711631966
boltons,24.1.0,789,20260921,418,178,8021,5210,64.95449445206333
boltons,24.1.0,790,20260921,418,178,8021,5168,64.43086896895649
boltons,24.1.0,791,20260921,418,178,8021,5010,62.46103977060217
boltons,24.1.0,792,20260921,418,178,8021,4977,62.04961974816108
boltons,24.1.0,793,20260921,418,178,8021,5220,65.07916718613639
boltons,24.1.0,794,20260921,418,178,8021,5236,65.27864356065328
boltons,24.1.0,795,20260921,418,178,8021,5319,66.31342725345966
boltons,24.1.0,796,20260921,418,178,8021,5522,68.84428375514275
boltons,24.1.0,797,20260921,418,178,8021,4474,55.77858122428625
boltons,24.1.0,798,20260921,418,178,8021,4879,60.827826954245104
boltons,24.1.0,799,20260921,418,178,8021,5474,68.24585463159207
boltons,24.1.0,800,20260921,418,178,8021,5066,63.159207081411296
boltons,24.1.0,801,20260921,418,178,8021,5041,62.84752524622865
boltons,24.1.0,802,20260921,418,178,8021,5090,63.45842164318663
boltons,24.1.0,803,20260921,418,178,8021,4926,61.41378880438848
boltons,24.1.0,804,20260921,418,178,8021,5048,62.93479616007979
boltons,24.1.0,805,20260921,418,178,8021,5314,66.25109088642314
boltons,24.1.0,806,20260921,418,178,8021,5239,65.31604538087521
boltons,24.1.0,807,20260921,418,178,8021,5184,64.63034534347338
boltons,24.1.0,808,20260921,418,178,8021,5176,64.53060715621494
boltons,24.1.0,809,20260921,418,178,8021,5347,66.66251090886423
boltons,24.1.0,810,20260921,418,178,8021,4822,60.117192370028675
boltons,24.1.0,811,20260921,418,178,8021,5193,64.74255080413913
boltons,24.1.0,812,20260921,418,178,8021,5145,64.14412168058846
boltons,24.1.0,813,20260921,418,178,8021,4963,61.87507792045879
boltons,24.1.0,814,20260921,418,178,8021,5316,66.27602543323775
boltons,24.1.0,815,20260921,418,178,8021,5351,66.71238000249346
boltons,24.1.0,816,20260921,418,178,8021,4691,58.48397955367161
boltons,24.1.0,817,20260921,418,178,8021,5153,64.24385986784691
boltons,24.1.0,818,20260921,418,178,8021,5013,62.498441590824086
boltons,24.1.0,819,20260921,418,178,8021,4837,60.30420147113826
boltons,24.1.0,820,20260921,418,178,8021,5910,73.68158583717741
boltons,24.1.0,821,20260921,418,178,8021,5099,63.57062710385239
boltons,24.1.0,822,20260921,418,178,8021,5193,64.74255080413913
boltons,24.1.0,823,20260921,418,178,8021,5055,63.022067073930934
boltons,24.1.0,824,20260921,418,178,8021,5360,66.82458546315921
boltons,24.1.0,825,20260921,418,178,8021,4638,57.8232140630844
boltons,24.1.0,826,20260921,418,178,8021,4977,62.04961974816108
boltons,24.1.0,827,20260921,418,178,8021,4165,51.92619374142875
boltons,24.1.0,828,20260921,418,178,8021,5882,73.33250218177285
boltons,24.1.0,829,20260921,418,178,8021,4845,60.40393965839671
boltons,24.1.0,830,20260921,418,178,8021,5154,64.2563271412542
boltons,24.1.0,831,20260921,418,178,8021,5182,64.60541079665877
boltons,24.1.0,832,20260921,418,178,8021,5291,65.96434359805511
boltons,24.1.0,833,20260921,418,178,8021,5278,65.80226904376013
boltons,24.1.0,834,20260921,418,178,8021,4580,57.10011220546067
boltons,24.1.0,835,20260921,418,178,8021,5035,62.77272160578482
boltons,24.1.0,836,20260921,418,178,8021,4466,55.678843037027804
boltons,24.1.0,837,20260921,418,178,8021,4611,57.48659768108715
boltons,24.1.0,838,20260921,418,178,8021,4799,59.83044508166064
boltons,24.1.0,839,20260921,418,178,8021,4862,60.61588330632091
boltons,24.1.0,840,20260921,418,178,8021,5302,66.10148360553546
boltons,24.1.0,841,20260921,418,178,8021,5498,68.54506919336741
boltons,24.1.0,842,20260921,418,178,8021,5041,62.84752524622865
boltons,24.1.0,843,20260921,418,178,8021,5453,67.98404189003865
boltons,24.1.0,844,20260921,418,178,8021,4789,59.70577234758758
boltons,24.1.0,845,20260921,418,178,8021,5506,68.64480738062586
boltons,24.1.0,846,20260921,418,178,8021,5847,72.89614761251714
boltons,24.1.0,847,20260921,418,178,8021,4898,61.06470514898392
boltons,24.1.0,848,20260921,418,178,8021,4855,60.52861239246977
boltons,24.1.0,849,20260921,418,178,8021,5337,66.53783817479118
boltons,24.1.0,850,20260921,418,178,8021,4869,60.703154220172046
boltons,24.1.0,851,20260921,418,178,8021,5275,65.76486722353822
boltons,24.1.0,852,20260921,418,178,8021,5106,63.65789801770353
boltons,24.1.0,853,20260921,418,178,8021,5548,69.1684328637327
boltons,24.1.0,854,20260921,418,178,8021,5327,66.41316544071812
boltons,24.1.0,855,20260921,418,178,8021,5232,65.22877446702407
boltons,24.1.0,856,20260921,418,178,8021,5394,67.24847275900761
boltons,24.1.0,857,20260921,418,178,8021,5457,68.03391098366787
boltons,24.1.0,858,20260921,418,178,8021,5260,65.57785812242862
boltons,24.1.0,859,20260921,418,178,8021,5286,65.90200723101857
boltons,24.1.0,860,20260921,418,178,8021,4644,57.89801770352824
boltons,24.1.0,861,20260921,418,178,8021,5454,67.99650916344595
boltons,24.1.0,862,20260921,418,178,8021,5251,65.46565266176287
boltons,24.1.0,863,20260921,418,178,8021,5685,70.8764493205336
boltons,24.1.0,864,20260921,418,178,8021,5381,67.08639820471262
boltons,24.1.0,865,20260921,418,178,8021,4713,58.75825956863234
boltons,24.1.0,866,20260921,418,178,8021,5578,69.54245106595188
boltons,24.1.0,867,20260921,418,178,8021,5100,63.58309437725969
boltons,24.1.0,868,20260921,418,178,8021,5297,66.03914723849894
boltons,24.1.0,869,20260921,418,178,8021,5584,69.61725470639571
boltons,24.1.0,870,20260921,418,178,8021,5415,67.51028550056103
boltons,24.1.0,871,20260921,418,178,8021,5171,64.4682707891784
boltons,24.1.0,872,20260921,418,178,8021,5570,69.44271287869343
boltons,24.1.0,873,20260921,418,178,8021,5438,67.79703278892906
boltons,24.1.0,874,20260921,418,178,8021,5313,66.23862361301583
boltons,24.1.0,875,20260921,418,178,8021,5023,62.623114324897145
boltons,24.1.0,876,20260921,418,178,8021,5645,70.37775838424136
boltons,24.1.0,877,20260921,418,178,8021,5198,64.80488717117566
boltons,24.1.0,878,20260921,418,178,8021,4720,58.84553048248348
boltons,24.1.0,879,20260921,418,178,8021,5204,64.8796908116195
boltons,24.1.0,880,20260921,418,178,8021,5063,63.12180526118938
boltons,24.1.0,881,20260921,418,178,8021,5999,74.79117317042763
boltons,24.1.0,882,20260921,418,178,8021,4920,61.33898516394464
boltons,24.1.0,883,20260921,418,178,8021,5162,64.35606532851266
boltons,24.1.0,884,20260921,418,178,8021,5142,64.10671986036654
boltons,24.1.0,885,20260921,418,178,8021,4971,61.974816107717245
boltons,24.1.0,886,20260921,418,178,8021,5103,63.62049619748161
boltons,24.1.0,887,20260921,418,178,8021,5450,67.94664006981674
boltons,24.1.0,888,20260921,418,178,8021,5565,69.3803765116569
boltons,24.1.0,889,20260921,418,178,8021,5216,65.02929809250716
boltons,24.1.0,890,20260921,418,178,8021,4841,60.35407056476748
boltons,24.1.0,891,20260921,418,178,8021,5327,66.41316544071812
boltons,24.1.0,892,20260921,418,178,8021,5738,71.5372148111208
boltons,24.1.0,893,20260921,418,178,8021,5003,62.37376885675103
boltons,24.1.0,894,20260921,418,178,8021,5360,66.82458546315921
boltons,24.1.0,895,20260921,418,178,8021,4781,59.60603416032914
boltons,24.1.0,896,20260921,418,178,8021,5346,66.65004363545692
boltons,24.1.0,897,20260921,418,178,8021,5507,68.65727465403316
boltons,24.1.0,898,20260921,418,178,8021,4588,57.199850392719114
boltons,24.1.0,899,20260921,418,178,8021,5133,63.99451439970078
boltons,24.1.0,900,20260921,418,178,8021,5661,70.57723475875827
boltons,24.1.0,901,20260921,418,178,8021,5389,67.18613639197108
boltons,24.1.0,902,20260921,418,178,8021,5059,63.07193616756015
boltons,24.1.0,903,20260921,418,178,8021,5571,69.45518015210074
boltons,24.1.0,904,20260921,418,178,8021,4961,61.85014337364419
boltons,24.1.0,905,20260921,418,178,8021,4881,60.85276150105972
boltons,24.1.0,906,20260921,418,178,8021,5077,63.29634708889166
boltons,24.1.0,907,20260921,418,178,8021,5114,63.757636204961976
boltons,24.1.0,908,20260921,418,178,8021,5186,64.655279890288
boltons,24.1.0,909,20260921,418,178,8021,5155,64.26879441466151
boltons,24.1.0,910,20260921,418,178,8021,5526,68.89415284877197
boltons,24.1.0,911,20260921,418,178,8021,5749,71.67435481860117
boltons,24.1.0,912,20260921,418,178,8021,5126,63.90724348584965
boltons,24.1.0,913,20260921,418,178,8021,4842,60.36653783817479
boltons,24.1.0,914,20260921,418,178,8021,5260,65.57785812242862
boltons,24.1.0,915,20260921,418,178,8021,5556,69.26817105099114
boltons,24.1.0,916,20260921,418,178,8021,5501,68.58247101358933
boltons,24.1.0,917,20260921,418,178,8021,5148,64.18152350081037
boltons,24.1.0,918,20260921,418,178,8021,5512,68.7196110210697
boltons,24.1.0,919,20260921,418,178,8021,5416,67.52275277396834
boltons,24.1.0,920,20260921,418,178,8021,5201,64.84228899139758
boltons,24.1.0,921,20260921,418,178,8021,5064,63.13427253459668
boltons,24.1.0,922,20260921,418,178,8021,5538,69.04376012965965
boltons,24.1.0,923,20260921,418,178,8021,5136,64.0319162199227
boltons,24.1.0,924,20260921,418,178,8021,4810,59.967585089141004
boltons,24.1.0,925,20260921,418,178,8021,5864,73.10809126044134
boltons,24.1.0,926,20260921,418,178,8021,5114,63.757636204961976
boltons,24.1.0,927,20260921,418,178,8021,4939,61.575863358683456
boltons,24.1.0,928,20260921,418,178,8021,4881,60.85276150105972
boltons,24.1.0,929,20260921,418,178,8021,5700,71.06345842164319
boltons,24.1.0,930,20260921,418,178,8021,5031,62.72285251215559
boltons,24.1.0,931,20260921,418,178,8021,5256,65.5279890287994
boltons,24.1.0,932,20260921,418,178,8021,4946,61.6631342725346
boltons,24.1.0,933,20260921,418,178,8021,5164,64.38099987532726
boltons,24.1.0,934,20260921,418,178,8021,4891,60.977434235132776
boltons,24.1.0,935,20260921,418,178,8021,5391,67.21107093878568
boltons,24.1.0,936,20260921,418,178,8021,5156,64.28126168806882
boltons,24.1.0,937,20260921,418,178,8021,5264,65.62772721605785
boltons,24.1.0,938,20260921,418,178,8021,6010,74.928313177908
boltons,24.1.0,939,20260921,418,178,8021,5142,64.10671986036654
boltons,24.1.0,940,20260921,418,178,8021,4801,59.855379628475255
boltons,24.1.0,941,20260921,418,178,8021,5701,71.07592569505049
boltons,24.1.0,942,20260921,418,178,8021,4984,62.13689066201222
boltons,24.1.0,943,20260921,418,178,8021,4881,60.85276150105972
boltons,24.1.0,944,20260921,418,178,8021,4876,60.79042513402319
boltons,24.1.0,945,20260921,418,178,8021,5434,67.74716369529983
boltons,24.1.0,946,20260921,418,178,8021,4958,61.81274155342226
boltons,24.1.0,947,20260921,418,178,8021,5639,70.30295474379753
boltons,24.1.0,948,20260921,418,178,8021,5247,65.41578356813365
boltons,24.1.0,949,20260921,418,178,8021,5064,63.13427253459668
boltons,24.1.0,950,20260921,418,178,8021,4273,53.27265926941778
boltons,24.1.0,951,20260921,418,178,8021,5139,64.06931804014462
boltons,24.1.0,952,20260921,418,178,8021,5434,67.74716369529983
boltons,24.1.0,953,20260921,418,178,8021,4859,60.57848148609899
boltons,24.1.0,954,20260921,418,178,8021,4341,54.12043386111458
boltons,24.1.0,955,20260921,418,178,8021,5045,62.897394339857875
boltons,24.1.0,956,20260921,418,178,8021,4765,59.40655778581224
boltons,24.1.0,957,20260921,418,178,8021,5561,69.33050741802768
boltons,24.1.0,958,20260921,418,178,8021,5774,71.98603665378381
boltons,24.1.0,959,20260921,418,178,8021,5129,63.944645306071564
boltons,24.1.0,960,20260921,418,178,8021,5613,69.97880563520758
boltons,24.1.0,961,20260921,418,178,8021,4869,60.703154220172046
boltons,24.1.0,962,20260921,418,178,8021,5179,64.56800897643686
boltons,24.1.0,963,20260921,418,178,8021,5177,64.54307442962224
boltons,24.1.0,964,20260921,418,178,8021,4729,58.95773594314923
boltons,24.1.0,965,20260921,418,178,8021,4402,54.88093753896023
boltons,24.1.0,966,20260921,418,178,8021,5333,66.48796908116195
boltons,24.1.0,967,20260921,418,178,8021,5601,69.82919835431991
boltons,24.1.0,968,20260921,418,178,8021,5111,63.72023438474006
boltons,24.1.0,969,20260921,418,178,8021,4902,61.11457424261314
boltons,24.1.0,970,20260921,418,178,8021,5324,66.3757636204962
boltons,24.1.0,971,20260921,418,178,8021,4956,61.78780700660766
boltons,24.1.0,972,20260921,418,178,8021,4949,61.700536092756515
boltons,24.1.0,973,20260921,418,178,8021,5154,64.2563271412542
boltons,24.1.0,974,20260921,418,178,8021,6042,75.32726592694178
boltons,24.1.0,975,20260921,418,178,8021,5438,67.79703278892906
boltons,24.1.0,976,20260921,418,178,8021,5471,68.20845281137015
boltons,24.1.0,977,20260921,418,178,8021,5701,71.07592569505049
boltons,24.1.0,978,20260921,418,178,8021,4992,62.236628849270666
boltons,24.1.0,979,20260921,418,178,8021,5630,70.19074928313178
boltons,24.1.0,980,20260921,418,178,8021,5397,67.28587457922953
boltons,24.1.0,981,20260921,418,178,8021,5471,68.20845281137015
boltons,24.1.0,982,20260921,418,178,8021,4689,58.459045006857004
boltons,24.1.0,983,20260921,418,178,8021,4619,57.58633586834559
boltons,24.1.0,984,20260921,418,178,8021,4888,60.94003241491086
boltons,24.1.0,985,20260921,418,178,8021,5117,63.79503802518389
boltons,24.1.0,986,20260921,418,178,8021,4923,61.376386984166565
boltons,24.1.0,987,20260921,418,178,8021,5153,64.24385986784691
boltons,24.1.0,988,20260921,418,178,8021,5479,68.3081909986286
boltons,24.1.0,989,20260921,418,178,8021,4671,58.23463408552549
boltons,24.1.0,990,20260921,418,178,8021,5140,64.08178531355193
boltons,24.1.0,991,20260921,418,178,8021,5350,66.69991272908615
boltons,24.1.0,992,20260921,418,178,8021,4982,62.11195611519761
boltons,24.1.0,993,20260921,418,178,8021,5728,71.41254207704775
boltons,24.1.0,994,20260921,418,178,8021,4596,57.29958857997756
boltons,24.1.0,995,20260921,418,178,8021,5289,65.93940905124049
boltons,24.1.0,996,20260921,418,178,8021,4962,61.86261064705149
boltons,24.1.0,997,20260921,418,178,8021,5183,64.61787807006607
boltons,24.1.0,998,20260921,418,178,8021,5183,64.61787807006607
boltons,24.1.0,999,20260921,418,178,8021,5663,70.60216930557287
boltons,24.1.0,1000,20260921,418,178,8021,4103,51.15322279017579
boltons,25.0.0,1,20260922,422,181,8072,5497,68.099603567889
boltons,25.0.0,2,20260922,422,181,8072,5246,64.99008919722498
boltons,25.0.0,3,20260922,422,181,8072,5124,63.4786917740337
boltons,25.0.0,4,20260922,422,181,8072,4540,56.24380574826561
boltons,25.0.0,5,20260922,422,181,8072,5422,67.17046580773042
boltons,25.0.0,6,20260922,422,181,8072,5523,68.4217046580773
boltons,25.0.0,7,20260922,422,181,8072,5173,64.08572844400396
boltons,25.0.0,8,20260922,422,181,8072,6051,74.96283448959366
boltons,25.0.0,9,20260922,422,181,8072,5145,63.738850346878095
boltons,25.0.0,10,20260922,422,181,8072,5517,68.34737363726462
boltons,25.0.0,11,20260922,422,181,8072,6022,74.60356788899901
boltons,25.0.0,12,20260922,422,181,8072,5794,71.77898909811695
boltons,25.0.0,13,20260922,422,181,8072,5348,66.25371655104064
boltons,25.0.0,14,20260922,422,181,8072,5736,71.06045589692765
boltons,25.0.0,15,20260922,422,181,8072,5210,64.54410307234886
boltons,25.0.0,16,20260922,422,181,8072,5687,70.45341922695738
boltons,25.0.0,17,20260922,422,181,8072,5454,67.56689791873141
boltons,25.0.0,18,20260922,422,181,8072,4912,60.85232903865213
boltons,25.0.0,19,20260922,422,181,8072,5249,65.02725470763131
boltons,25.0.0,20,20260922,422,181,8072,5222,64.69276511397423
boltons,25.0.0,21,20260922,422,181,8072,4661,57.74281466798811
boltons,25.0.0,22,20260922,422,181,8072,4915,60.889494549058476
boltons,25.0.0,23,20260922,422,181,8072,4995,61.88057482656095
boltons,25.0.0,24,20260922,422,181,8072,5010,62.06640237859266
boltons,25.0.0,25,20260922,422,181,8072,5427,67.23240832507433
boltons,25.0.0,26,20260922,422,181,8072,4670,57.85431119920714
boltons,25.0.0,27,20260922,422,181,8072,5543,68.66947472745292
boltons,25.0.0,28,20260922,422,181,8072,4900,60.70366699702676
boltons,25.0.0,29,20260922,422,181,8072,4973,61.60802775024777
boltons,25.0.0,30,20260922,422,181,8072,4902,60.72844400396432
boltons,25.0.0,31,20260922,422,181,8072,5380,66.65014866204163
boltons,25.0.0,32,20260922,422,181,8072,4791,59.35332011892963
boltons,25.0.0,33,20260922,422,181,8072,5080,62.93359762140734
boltons,25.0.0,34,20260922,422,181,8072,5314,65.83250743310208
boltons,25.0.0,35,20260922,422,181,8072,5041,62.450445986124876
boltons,25.0.0,36,20260922,422,181,8072,4892,60.60455896927651
boltons,25.0.0,37,20260922,422,181,8072,5397,66.8607532210109
boltons,25.0.0,38,20260922,422,181,8072,5695,70.55252725470763
boltons,25.0.0,39,20260922,422,181,8072,4777,59.1798810703667
boltons,25.0.0,40,20260922,422,181,8072,5516,68.33498513379584
boltons,25.0.0,41,20260922,422,181,8072,5451,67.52973240832507
boltons,25.0.0,42,20260922,422,181,8072,5402,66.9226957383548
boltons,25.0.0,43,20260922,422,181,8072,5259,65.15113974231913
boltons,25.0.0,44,20260922,422,181,8072,4983,61.73191278493558
boltons,25.0.0,45,20260922,422,181,8072,5642,69.89593657086223
boltons,25.0.0,46,20260922,422,181,8072,5380,66.65014866204163
boltons,25.0.0,47,20260922,422,181,8072,5756,71.30822596630327
boltons,25.0.0,48,20260922,422,181,8072,5338,66.12983151635282
boltons,25.0.0,49,20260922,422,181,8072,5133,63.590188305252724
boltons,25.0.0,50,20260922,422,181,8072,5096,63.13181367690783
boltons,25.0.0,51,20260922,422,181,8072,5249,65.02725470763131
boltons,25.0.0,52,20260922,422,181,8072,4894,60.62933597621407
boltons,25.0.0,53,20260922,422,181,8072,5464,67.69078295341923
boltons,25.0.0,54,20260922,422,181,8072,5255,65.10158572844401
boltons,25.0.0,55,20260922,422,181,8072,4990,61.818632309217044
boltons,25.0.0,56,20260922,422,181,8072,4690,58.10208126858276
boltons,25.0.0,57,20260922,422,181,8072,5012,62.091179385530225
boltons,25.0.0,58,20260922,422,181,8072,5524,68.43409316154609
boltons,25.0.0,59,20260922,422,181,8072,4618,57.21010901883052
boltons,25.0.0,60,20260922,422,181,8072,5513,68.2978196233895
boltons,25.0.0,61,20260922,422,181,8072,5615,69.56144697720515
boltons,25.0.0,62,20260922,422,181,8072,5473,67.80227948463826
boltons,25.0.0,63,20260922,422,181,8072,5762,71.38255698711596
boltons,25.0.0,64,20260922,422,181,8072,5199,64.40782953419227
boltons,25.0.0,65,20260922,422,181,8072,5061,62.698216055500495
boltons,25.0.0,66,20260922,422,181,8072,5222,64.69276511397423
boltons,25.0.0,67,20260922,422,181,8072,5315,65.84489593657086
boltons,25.0.0,68,20260922,422,181,8072,5761,71.37016848364718
boltons,25.0.0,69,20260922,422,181,8072,5175,64.11050545094153
boltons,25.0.0,70,20260922,422,181,8072,5450,67.51734390485629
boltons,25.0.0,71,20260922,422,181,8072,5238,64.89098116947473
boltons,25.0.0,72,20260922,422,181,8072,4725,58.53567888999009
boltons,25.0.0,73,20260922,422,181,8072,5603,69.41278493557978
boltons,25.0.0,74,20260922,422,181,8072,5449,67.50495540138752
boltons,25.0.0,75,20260922,422,181,8072,4611,57.12338949454906
boltons,25.0.0,76,20260922,422,181,8072,5151,63.81318136769078
boltons,25.0.0,77,20260922,422,181,8072,5491,68.02527254707631
boltons,25.0.0,78,20260922,422,181,8072,5352,66.30327056491576
boltons,25.0.0,79,20260922,422,181,8072,5257,65.12636273538156
boltons,25.0.0,80,20260922,422,181,8072,5462,67.66600594648166
boltons,25.0.0,81,20260922,422,181,8072,5383,66.68731417244797
boltons,25.0.0,82,20260922,422,181,8072,4907,60.79038652130823
boltons,25.0.0,83,20260922,422,181,8072,5629,69.73488602576809
boltons,25.0.0,84,20260922,422,181,8072,5338,66.12983151635282
boltons,25.0.0,85,20260922,422,181,8072,5758,71.33300297324084
boltons,25.0.0,86,20260922,422,181,8072,5476,67.8394449950446
boltons,25.0.0,87,20260922,422,181,8072,5036,62.38850346878097
boltons,25.0.0,88,20260922,422,181,8072,4869,60.31962338949455
boltons,25.0.0,89,20260922,422,181,8072,5624,69.67294350842418
boltons,25.0.0,90,20260922,422,181,8072,4765,59.031219028741326
boltons,25.0.0,91,20260922,422,181,8072,5450,67.51734390485629
boltons,25.0.0,92,20260922,422,181,8072,5065,62.74777006937562
boltons,25.0.0,93,20260922,422,181,8072,6057,75.03716551040634
boltons,25.0.0,94,20260922,422,181,8072,4439,54.99256689791873
boltons,25.0.0,95,20260922,422,181,8072,4774,59.14271555996036
boltons,25.0.0,96,20260922,422,181,8072,4926,61.02576808721506
boltons,25.0.0,97,20260922,422,181,8072,5209,64.53171456888008
boltons,25.0.0,98,20260922,422,181,8072,4915,60.889494549058476
boltons,25.0.0,99,20260922,422,181,8072,5279,65.39890981169475
boltons,25.0.0,100,20260922,422,181,8072,5777,71.56838453914767
boltons,25.0.0,101,20260922,422,181,8072,4641,57.49504459861249
boltons,25.0.0,102,20260922,422,181,8072,4641,57.49504459861249
boltons,25.0.0,103,20260922,422,181,8072,5746,71.18434093161547
boltons,25.0.0,104,20260922,422,181,8072,5374,66.57581764122894
boltons,25.0.0,105,20260922,422,181,8072,4691,58.114469772051535
boltons,25.0.0,106,20260922,422,181,8072,4737,58.68434093161546
boltons,25.0.0,107,20260922,422,181,8072,5389,66.76164519326065
boltons,25.0.0,108,20260922,422,181,8072,4843,59.99752229930624
boltons,25.0.0,109,20260922,422,181,8072,5083,62.970763131813676
boltons,25.0.0,110,20260922,422,181,8072,5082,62.9583746283449
boltons,25.0.0,111,20260922,422,181,8072,5337,66.11744301288404
boltons,25.0.0,112,20260922,422,181,8072,5236,64.86620416253716
boltons,25.0.0,113,20260922,422,181,8072,5255,65.10158572844401
boltons,25.0.0,114,20260922,422,181,8072,4850,60.08424182358771
boltons,25.0.0,115,20260922,422,181,8072,5160,63.92467789890981
boltons,25.0.0,116,20260922,422,181,8072,5246,64.99008919722498
boltons,25.0.0,117,20260922,422,181,8072,5279,65.39890981169475
boltons,25.0.0,118,20260922,422,181,8072,5186,64.24677898909812
boltons,25.0.0,119,20260922,422,181,8072,5293,65.57234886025768
boltons,25.0.0,120,20260922,422,181,8072,5554,68.80574826560951
boltons,25.0.0,121,20260922,422,181,8072,5119,63.41674925668979
boltons,25.0.0,122,20260922,422,181,8072,5717,70.82507433102082
boltons,25.0.0,123,20260922,422,181,8072,4428,54.85629335976214
boltons,25.0.0,124,20260922,422,181,8072,5451,67.52973240832507
boltons,25.0.0,125,20260922,422,181,8072,5067,62.77254707631318
boltons,25.0.0,126,20260922,422,181,8072,5460,67.6412289395441
boltons,25.0.0,127,20260922,422,181,8072,5005,62.00445986124876
boltons,25.0.0,128,20260922,422,181,8072,4922,60.97621407333994
boltons,25.0.0,129,20260922,422,181,8072,5406,66.97224975222993
boltons,25.0.0,130,20260922,422,181,8072,5265,65.22547076313181
boltons,25.0.0,131,20260922,422,181,8072,4712,58.37462834489594
boltons,25.0.0,132,20260922,422,181,8072,5459,67.62884043607532
boltons,25.0.0,133,20260922,422,181,8072,4924,61.0009910802775
boltons,25.0.0,134,20260922,422,181,8072,4627,57.321605550049554
boltons,25.0.0,135,20260922,422,181,8072,5254,65.08919722497522
boltons,25.0.0,136,20260922,422,181,8072,5111,63.31764122893954
boltons,25.0.0,137,20260922,422,181,8072,4726,58.54806739345887
boltons,25.0.0,138,20260922,422,181,8072,5479,67.87661050545094
boltons,25.0.0,139,20260922,422,181,8072,5513,68.2978196233895
boltons,25.0.0,140,20260922,422,181,8072,5076,62.88404360753221
boltons,25.0.0,141,20260922,422,181,8072,5643,69.90832507433102
boltons,25.0.0,142,20260922,422,181,8072,5583,69.16501486620416
boltons,25.0.0,143,20260922,422,181,8072,5552,68.78097125867195
boltons,25.0.0,144,20260922,422,181,8072,4574,56.66501486620416
boltons,25.0.0,145,20260922,422,181,8072,5055,62.62388503468781
boltons,25.0.0,146,20260922,422,181,8072,5661,70.13131813676908
boltons,25.0.0,147,20260922,422,181,8072,5318,65.8820614469772
boltons,25.0.0,148,20260922,422,181,8072,4726,58.54806739345887
boltons,25.0.0,149,20260922,422,181,8072,5560,68.8800792864222
boltons,25.0.0,150,20260922,422,181,8072,6039,74.81417244796829
boltons,25.0.0,151,20260922,422,181,8072,5159,63.91228939544103
boltons,25.0.0,152,20260922,422,181,8072,5797,71.81615460852329
boltons,25.0.0,153,20260922,422,181,8072,4871,60.344400396432114
boltons,25.0.0,154,20260922,422,181,8072,5761,71.37016848364718
boltons,25.0.0,155,20260922,422,181,8072,5699,70.60208126858275
boltons,25.0.0,156,20260922,422,181,8072,5138,63.65213082259663
boltons,25.0.0,157,20260922,422,181,8072,5255,65.10158572844401
boltons,25.0.0,158,20260922,422,181,8072,4912,60.85232903865213
boltons,25.0.0,159,20260922,422,181,8072,4702,58.25074331020813
boltons,25.0.0,160,20260922,422,181,8072,4549,56.35530227948464
boltons,25.0.0,161,20260922,422,181,8072,4722,58.49851337958375
boltons,25.0.0,162,20260922,422,181,8072,5279,65.39890981169475
boltons,25.0.0,163,20260922,422,181,8072,5420,67.14568880079287
boltons,25.0.0,164,20260922,422,181,8072,5618,69.59861248761149
boltons,25.0.0,165,20260922,422,181,8072,5740,71.11000991080277
boltons,25.0.0,166,20260922,422,181,8072,5446,67.46778989098117
boltons,25.0.0,167,20260922,422,181,8072,4945,61.261149653121905
boltons,25.0.0,168,20260922,422,181,8072,5029,62.301783944499505
boltons,25.0.0,169,20260922,422,181,8072,5075,62.87165510406343
boltons,25.0.0,170,20260922,422,181,8072,4942,61.22398414271556
boltons,25.0.0,171,20260922,422,181,8072,5121,63.44152626362735
boltons,25.0.0,172,20260922,422,181,8072,5859,72.58424182358772
boltons,25.0.0,173,20260922,422,181,8072,5138,63.65213082259663
boltons,25.0.0,174,20260922,422,181,8072,5759,71.34539147670961
boltons,25.0.0,175,20260922,422,181,8072,5390,66.77403369672943
boltons,25.0.0,176,20260922,422,181,8072,5381,66.6625371655104
boltons,25.0.0,177,20260922,422,181,8072,5159,63.91228939544103
boltons,25.0.0,178,20260922,422,181,8072,5366,66.47670961347869
boltons,25.0.0,179,20260922,422,181,8072,5417,67.10852329038651
boltons,25.0.0,180,20260922,422,181,8072,5544,68.6818632309217
boltons,25.0.0,181,20260922,422,181,8072,5443,67.43062438057483
boltons,25.0.0,182,20260922,422,181,8072,5748,71.20911793855302
boltons,25.0.0,183,20260922,422,181,8072,5340,66.15460852329039
boltons,25.0.0,184,20260922,422,181,8072,5149,63.78840436075322
boltons,25.0.0,185,20260922,422,181,8072,4567,56.5782953419227
boltons,25.0.0,186,20260922,422,181,8072,4886,60.530227948463825
boltons,25.0.0,187,20260922,422,181,8072,4952,61.34786917740337
boltons,25.0.0,188,20260922,422,181,8072,5514,68.31020812685827
boltons,25.0.0,189,20260922,422,181,8072,5873,72.75768087215064
boltons,25.0.0,190,20260922,422,181,8072,4775,59.155104063429135
boltons,25.0.0,191,20260922,422,181,8072,6108,75.66897918731418
boltons,25.0.0,192,20260922,422,181,8072,5184,64.22200198216055
boltons,25.0.0,193,20260922,422,181,8072,5103,63.218533201189295
boltons,25.0.0,194,20260922,422,181,8072,5028,62.28939544103072
boltons,25.0.0,195,20260922,422,181,8072,5017,62.15312190287413
boltons,25.0.0,196,20260922,422,181,8072,5402,66.9226957383548
boltons,25.0.0,197,20260922,422,181,8072,5188,64.27155599603567
boltons,25.0.0,198,20260922,422,181,8072,5187,64.2591674925669
boltons,25.0.0,199,20260922,422,181,8072,4668,57.82953419226958
boltons,25.0.0,200,20260922,422,181,8072,5264,65.21308225966304
boltons,25.0.0,201,20260922,422,181,8072,5373,66.56342913776015
boltons,25.0.0,202,20260922,422,181,8072,4619,57.22249752229931
boltons,25.0.0,203,20260922,422,181,8072,5943,73.62487611496532
boltons,25.0.0,204,20260922,422,181,8072,5209,64.53171456888008
boltons,25.0.0,205,20260922,422,181,8072,5583,69.16501486620416
boltons,25.0.0,206,20260922,422,181,8072,5665,70.1808721506442
boltons,25.0.0,207,20260922,422,181,8072,5557,68.84291377601586
boltons,25.0.0,208,20260922,422,181,8072,5573,69.04112983151636
boltons,25.0.0,209,20260922,422,181,8072,4550,56.36769078295342
boltons,25.0.0,210,20260922,422,181,8072,5627,69.71010901883052
boltons,25.0.0,211,20260922,422,181,8072,4621,57.24727452923687
boltons,25.0.0,212,20260922,422,181,8072,5281,65.4236868186323
boltons,25.0.0,213,20260922,422,181,8072,5545,68.69425173439049
boltons,25.0.0,214,20260922,422,181,8072,5370,66.52626362735381
boltons,25.0.0,215,20260922,422,181,8072,5568,68.97918731417245
boltons,25.0.0,216,20260922,422,181,8072,4991,61.83102081268583
boltons,25.0.0,217,20260922,422,181,8072,5024,62.239841427155596
boltons,25.0.0,218,20260922,422,181,8072,5710,70.73835480673935
boltons,25.0.0,219,20260922,422,181,8072,5537,68.59514370664024
boltons,25.0.0,220,20260922,422,181,8072,5229,64.7794846382557
boltons,25.0.0,221,20260922,422,181,8072,4640,57.4826560951437
boltons,25.0.0,222,20260922,422,181,8072,5231,64.80426164519326
boltons,25.0.0,223,20260922,422,181,8072,5204,64.46977205153617
boltons,25.0.0,224,20260922,422,181,8072,4740,58.721506442021806
boltons,25.0.0,225,20260922,422,181,8072,5571,69.01635282457879
boltons,25.0.0,226,20260922,422,181,8072,5060,62.68582755203172
boltons,25.0.0,227,20260922,422,181,8072,4930,61.07532210109019
boltons,25.0.0,228,20260922,422,181,8072,5401,66.91030723488602
boltons,25.0.0,229,20260922,422,181,8072,5828,72.2001982160555
boltons,25.0.0,230,20260922,422,181,8072,4747,58.80822596630327
boltons,25.0.0,231,20260922,422,181,8072,4993,61.85579781962339
boltons,25.0.0,232,20260922,422,181,8072,5222,64.69276511397423
boltons,25.0.0,233,20260922,422,181,8072,5616,69.57383548067394
boltons,25.0.0,234,20260922,422,181,8072,5161,63.93706640237859
boltons,25.0.0,235,20260922,422,181,8072,5798,71.82854311199208
boltons,25.0.0,236,20260922,422,181,8072,5761,71.37016848364718
boltons,25.0.0,237,20260922,422,181,8072,5458,67.61645193260654
boltons,25.0.0,238,20260922,422,181,8072,4720,58.47373637264619
boltons,25.0.0,239,20260922,422,181,8072,4696,58.176412289395444
boltons,25.0.0,240,20260922,422,181,8072,4570,56.615460852329036
boltons,25.0.0,241,20260922,422,181,8072,5204,64.46977205153617
boltons,25.0.0,242,20260922,422,181,8072,5559,68.86769078295342
boltons,25.0.0,243,20260922,422,181,8072,5594,69.30128840436075
boltons,25.0.0,244,20260922,422,181,8072,5045,62.5
boltons,25.0.0,245,20260922,422,181,8072,4896,60.654112983151634
boltons,25.0.0,246,20260922,422,181,8072,5440,67.39345887016849
boltons,25.0.0,247,20260922,422,181,8072,5273,65.32457879088206
boltons,25.0.0,248,20260922,422,181,8072,5318,65.8820614469772
boltons,25.0.0,249,20260922,422,181,8072,5337,66.11744301288404
boltons,25.0.0,250,20260922,422,181,8072,4711,58.362239841427154
boltons,25.0.0,251,20260922,422,181,8072,4801,59.47720515361744
boltons,25.0.0,252,20260922,422,181,8072,5619,69.61100099108027
boltons,25.0.0,253,20260922,422,181,8072,5287,65.498017839445
boltons,25.0.0,254,20260922,422,181,8072,5011,62.07879088206145
boltons,25.0.0,255,20260922,422,181,8072,4977,61.657581764122895
boltons,25.0.0,256,20260922,422,181,8072,5790,71.72943508424183
boltons,25.0.0,257,20260922,422,181,8072,5848,72.44796828543112
boltons,25.0.0,258,20260922,422,181,8072,4818,59.68780971258672
boltons,25.0.0,259,20260922,422,181,8072,5257,65.12636273538156
boltons,25.0.0,260,20260922,422,181,8072,5348,66.25371655104064
boltons,25.0.0,261,20260922,422,181,8072,5028,62.28939544103072
boltons,25.0.0,262,20260922,422,181,8072,5600,69.37561942517344
boltons,25.0.0,263,20260922,422,181,8072,5448,67.49256689791873
boltons,25.0.0,264,20260922,422,181,8072,5128,63.52824578790882
boltons,25.0.0,265,20260922,422,181,8072,4747,58.80822596630327
boltons,25.0.0,266,20260922,422,181,8072,5267,65.25024777006938
boltons,25.0.0,267,20260922,422,181,8072,4809,59.57631318136769
boltons,25.0.0,268,20260922,422,181,8072,5365,66.4643211100099
boltons,25.0.0,269,20260922,422,181,8072,5587,69.21456888007928
boltons,25.0.0,270,20260922,422,181,8072,4973,61.60802775024777
boltons,25.0.0,271,20260922,422,181,8072,5220,64.66798810703666
boltons,25.0.0,272,20260922,422,181,8072,5255,65.10158572844401
boltons,25.0.0,273,20260922,422,181,8072,5403,66.93508424182359
boltons,25.0.0,274,20260922,422,181,8072,5485,67.95094152626363
boltons,25.0.0,275,20260922,422,181,8072,5305,65.72101090188305
boltons,25.0.0,276,20260922,422,181,8072,5345,66.21655104063429
boltons,25.0.0,277,20260922,422,181,8072,4720,58.47373637264619
boltons,25.0.0,278,20260922,422,181,8072,4689,58.08969276511397
boltons,25.0.0,279,20260922,422,181,8072,5046,62.512388503468785
boltons,25.0.0,280,20260922,422,181,8072,4439,54.99256689791873
boltons,25.0.0,281,20260922,422,181,8072,4967,61.533696729435086
boltons,25.0.0,282,20260922,422,181,8072,5288,65.51040634291378
boltons,25.0.0,283,20260922,422,181,8072,5206,64.49454905847374
boltons,25.0.0,284,20260922,422,181,8072,5268,65.26263627353816
boltons,25.0.0,285,20260922,422,181,8072,4629,57.346382556987116
boltons,25.0.0,286,20260922,422,181,8072,4937,61.16204162537166
boltons,25.0.0,287,20260922,422,181,8072,4806,59.53914767096135
boltons,25.0.0,288,20260922,422,181,8072,5227,64.75470763131814
boltons,25.0.0,289,20260922,422,181,8072,5198,64.39544103072349
boltons,25.0.0,290,20260922,422,181,8072,5396,66.84836471754213
boltons,25.0.0,291,20260922,422,181,8072,5461,67.65361744301289
boltons,25.0.0,292,20260922,422,181,8072,5582,69.15262636273538
boltons,25.0.0,293,20260922,422,181,8072,4693,58.1392467789891
boltons,25.0.0,294,20260922,422,181,8072,5634,69.79682854311199
boltons,25.0.0,295,20260922,422,181,8072,5371,66.5386521308226
boltons,25.0.0,296,20260922,422,181,8072,5552,68.78097125867195
boltons,25.0.0,297,20260922,422,181,8072,4782,59.241823587710606
boltons,25.0.0,298,20260922,422,181,8072,4637,57.445490584737364
boltons,25.0.0,299,20260922,422,181,8072,5248,65.01486620416254
boltons,25.0.0,300,20260922,422,181,8072,4651,57.6189296333003
boltons,25.0.0,301,20260922,422,181,8072,5110,63.305252725470766
boltons,25.0.0,302,20260922,422,181,8072,4426,54.83151635282458
boltons,25.0.0,303,20260922,422,181,8072,5300,65.65906838453915
boltons,25.0.0,304,20260922,422,181,8072,5106,63.25569871159564
boltons,25.0.0,305,20260922,422,181,8072,5526,68.45887016848364
boltons,25.0.0,306,20260922,422,181,8072,5244,64.9653121902874
boltons,25.0.0,307,20260922,422,181,8072,4953,61.36025768087215
boltons,25.0.0,308,20260922,422,181,8072,4825,59.77452923686818
boltons,25.0.0,309,20260922,422,181,8072,5324,65.9563924677899
boltons,25.0.0,310,20260922,422,181,8072,5366,66.47670961347869
boltons,25.0.0,311,20260922,422,181,8072,5297,65.6219028741328
boltons,25.0.0,312,20260922,422,181,8072,5109,63.29286422200198
boltons,25.0.0,313,20260922,422,181,8072,5397,66.8607532210109
boltons,25.0.0,314,20260922,422,181,8072,4873,60.369177403369676
boltons,25.0.0,315,20260922,422,181,8072,5361,66.41476709613478
boltons,25.0.0,316,20260922,422,181,8072,5269,65.27502477700693
boltons,25.0.0,317,20260922,422,181,8072,5405,66.95986124876114
boltons,25.0.0,318,20260922,422,181,8072,4741,58.73389494549058
boltons,25.0.0,319,20260922,422,181,8072,5548,68.73141724479683
boltons,25.0.0,320,20260922,422,181,8072,5380,66.65014866204163
boltons,25.0.0,321,20260922,422,181,8072,4986,61.76907829534192
boltons,25.0.0,322,20260922,422,181,8072,5197,64.3830525272547
boltons,25.0.0,323,20260922,422,181,8072,5378,66.62537165510406
boltons,25.0.0,324,20260922,422,181,8072,5600,69.37561942517344
boltons,25.0.0,325,20260922,422,181,8072,4604,57.03666997026759
boltons,25.0.0,326,20260922,422,181,8072,4731,58.61000991080277
boltons,25.0.0,327,20260922,422,181,8072,5114,63.35480673934589
boltons,25.0.0,328,20260922,422,181,8072,5143,63.71407333994053
boltons,25.0.0,329,20260922,422,181,8072,4922,60.97621407333994
boltons,25.0.0,330,20260922,422,181,8072,4893,60.616947472745295
boltons,25.0.0,331,20260922,422,181,8072,4984,61.74430128840436
boltons,25.0.0,332,20260922,422,181,8072,5370,66.52626362735381
boltons,25.0.0,333,20260922,422,181,8072,4940,61.199207135777996
boltons,25.0.0,334,20260922,422,181,8072,4561,56.50396432111001
boltons,25.0.0,335,20260922,422,181,8072,4740,58.721506442021806
boltons,25.0.0,336,20260922,422,181,8072,6015,74.51684836471755
boltons,25.0.0,337,20260922,422,181,8072,5589,69.23934588701685
boltons,25.0.0,338,20260922,422,181,8072,5108,63.280475718533204
boltons,25.0.0,339,20260922,422,181,8072,5063,62.72299306243806
boltons,25.0.0,340,20260922,422,181,8072,5017,62.15312190287413
boltons,25.0.0,341,20260922,422,181,8072,5112,63.33002973240833
boltons,25.0.0,342,20260922,422,181,8072,5266,65.2378592666006
boltons,25.0.0,343,20260922,422,181,8072,5661,70.13131813676908
boltons,25.0.0,344,20260922,422,181,8072,5456,67.59167492566898
boltons,25.0.0,345,20260922,422,181,8072,4740,58.721506442021806
boltons,25.0.0,346,20260922,422,181,8072,5002,61.967294350842415
boltons,25.0.0,347,20260922,422,181,8072,5260,65.16352824578792
boltons,25.0.0,348,20260922,422,181,8072,5160,63.92467789890981
boltons,25.0.0,349,20260922,422,181,8072,5358,66.37760158572844
boltons,25.0.0,350,20260922,422,181,8072,4830,59.83647175421209
boltons,25.0.0,351,20260922,422,181,8072,4564,56.54112983151635
boltons,25.0.0,352,20260922,422,181,8072,4817,59.675421209117935
boltons,25.0.0,353,20260922,422,181,8072,5075,62.87165510406343
boltons,25.0.0,354,20260922,422,181,8072,5343,66.19177403369673
boltons,25.0.0,355,20260922,422,181,8072,4859,60.19573835480674
boltons,25.0.0,356,20260922,422,181,8072,5318,65.8820614469772
boltons,25.0.0,357,20260922,422,181,8072,6111,75.70614469772052
boltons,25.0.0,358,20260922,422,181,8072,4680,57.97819623389495
boltons,25.0.0,359,20260922,422,181,8072,4924,61.0009910802775
boltons,25.0.0,360,20260922,422,181,8072,5257,65.12636273538156
boltons,25.0.0,361,20260922,422,181,8072,4951,61.33548067393459
boltons,25.0.0,362,20260922,422,181,8072,5992,74.23191278493557
boltons,25.0.0,363,20260922,422,181,8072,5329,66.01833498513379
boltons,25.0.0,364,20260922,422,181,8072,5865,72.6585728444004
boltons,25.0.0,365,20260922,422,181,8072,5245,64.97770069375619
boltons,25.0.0,366,20260922,422,181,8072,4852,60.10901883052527
boltons,25.0.0,367,20260922,422,181,8072,4938,61.174430128840434
boltons,25.0.0,368,20260922,422,181,8072,5381,66.6625371655104
boltons,25.0.0,369,20260922,422,181,8072,4550,56.36769078295342
boltons,25.0.0,370,20260922,422,181,8072,5512,68.28543111992072
boltons,25.0.0,371,20260922,422,181,8072,5151,63.81318136769078
boltons,25.0.0,372,20260922,422,181,8072,4847,60.04707631318137
boltons,25.0.0,373,20260922,422,181,8072,4678,57.95341922695739
boltons,25.0.0,374,20260922,422,181,8072,5204,64.46977205153617
boltons,25.0.0,375,20260922,422,181,8072,5002,61.967294350842415
boltons,25.0.0,376,20260922,422,181,8072,5694,70.54013875123886
boltons,25.0.0,377,20260922,422,181,8072,5431,67.28196233894946
boltons,25.0.0,378,20260922,422,181,8072,5374,66.57581764122894
boltons,25.0.0,379,20260922,422,181,8072,5535,68.57036669970267
boltons,25.0.0,380,20260922,422,181,8072,5287,65.498017839445
boltons,25.0.0,381,20260922,422,181,8072,5248,65.01486620416254
boltons,25.0.0,382,20260922,422,181,8072,5185,64.23439048562933
boltons,25.0.0,383,20260922,422,181,8072,5068,62.784935579781965
boltons,25.0.0,384,20260922,422,181,8072,4907,60.79038652130823
boltons,25.0.0,385,20260922,422,181,8072,5677,70.32953419226958
boltons,25.0.0,386,20260922,422,181,8072,4811,59.60109018830525
boltons,25.0.0,387,20260922,422,181,8072,5894,73.01783944499505
boltons,25.0.0,388,20260922,422,181,8072,5267,65.25024777006938
boltons,25.0.0,389,20260922,422,181,8072,5345,66.21655104063429
boltons,25.0.0,390,20260922,422,181,8072,4529,56.10753221010902
boltons,25.0.0,391,20260922,422,181,8072,5665,70.1808721506442
boltons,25.0.0,392,20260922,422,181,8072,5227,64.75470763131814
boltons,25.0.0,393,20260922,422,181,8072,5781,71.6179385530228
boltons,25.0.0,394,20260922,422,181,8072,5164,63.97423191278494
boltons,25.0.0,395,20260922,422,181,8072,5385,66.71209117938552
boltons,25.0.0,396,20260922,422,181,8072,4924,61.0009910802775
boltons,25.0.0,397,20260922,422,181,8072,4852,60.10901883052527
boltons,25.0.0,398,20260922,422,181,8072,5035,62.37611496531219
boltons,25.0.0,399,20260922,422,181,8072,5513,68.2978196233895
boltons,25.0.0,400,20260922,422,181,8072,6174,76.48662041625371
boltons,25.0.0,401,20260922,422,181,8072,5369,66.51387512388503
boltons,25.0.0,402,20260922,422,181,8072,5862,72.62140733399406
boltons,25.0.0,403,20260922,422,181,8072,5327,65.99355797819624
boltons,25.0.0,404,20260922,422,181,8072,5451,67.52973240832507
boltons,25.0.0,405,20260922,422,181,8072,5601,69.38800792864222
boltons,25.0.0,406,20260922,422,181,8072,5098,63.156590683845394
boltons,25.0.0,407,20260922,422,181,8072,5771,71.49405351833498
boltons,25.0.0,408,20260922,422,181,8072,5661,70.13131813676908
boltons,25.0.0,409,20260922,422,181,8072,5291,65.54757185332012
boltons,25.0.0,410,20260922,422,181,8072,4413,54.67046580773042
boltons,25.0.0,411,20260922,422,181,8072,5333,66.06788899900891
boltons,25.0.0,412,20260922,422,181,8072,5174,64.09811694747275
boltons,25.0.0,413,20260922,422,181,8072,5512,68.28543111992072
boltons,25.0.0,414,20260922,422,181,8072,5499,68.12438057482656
boltons,25.0.0,415,20260922,422,181,8072,5539,68.6199207135778
boltons,25.0.0,416,20260922,422,181,8072,5485,67.95094152626363
boltons,25.0.0,417,20260922,422,181,8072,4947,61.28592666005947
boltons,25.0.0,418,20260922,422,181,8072,4405,54.571357779980175
boltons,25.0.0,419,20260922,422,181,8072,5055,62.62388503468781
boltons,25.0.0,420,20260922,422,181,8072,5111,63.31764122893954
boltons,25.0.0,421,20260922,422,181,8072,5668,70.21803766105054
boltons,25.0.0,422,20260922,422,181,8072,5169,64.03617443012884
boltons,25.0.0,423,20260922,422,181,8072,4978,61.66997026759167
boltons,25.0.0,424,20260922,422,181,8072,4740,58.721506442021806
boltons,25.0.0,425,20260922,422,181,8072,4978,61.66997026759167
boltons,25.0.0,426,20260922,422,181,8072,5526,68.45887016848364
boltons,25.0.0,427,20260922,422,181,8072,5166,63.9990089197225
boltons,25.0.0,428,20260922,422,181,8072,5236,64.86620416253716
boltons,25.0.0,429,20260922,422,181,8072,5229,64.7794846382557
boltons,25.0.0,430,20260922,422,181,8072,6159,76.300792864222
boltons,25.0.0,431,20260922,422,181,8072,5030,62.31417244796828
boltons,25.0.0,432,20260922,422,181,8072,5557,68.84291377601586
boltons,25.0.0,433,20260922,422,181,8072,5703,70.65163528245787
boltons,25.0.0,434,20260922,422,181,8072,5460,67.6412289395441
boltons,25.0.0,435,20260922,422,181,8072,5038,62.41328047571853
boltons,25.0.0,436,20260922,422,181,8072,5699,70.60208126858275
boltons,25.0.0,437,20260922,422,181,8072,4981,61.70713577799802
boltons,25.0.0,438,20260922,422,181,8072,5324,65.9563924677899
boltons,25.0.0,439,20260922,422,181,8072,4704,58.27552031714569
boltons,25.0.0,440,20260922,422,181,8072,6004,74.38057482656095
boltons,25.0.0,441,20260922,422,181,8072,4914,60.87710604558969
boltons,25.0.0,442,20260922,422,181,8072,5642,69.89593657086223
boltons,25.0.0,443,20260922,422,181,8072,5214,64.59365708622398
boltons,25.0.0,444,20260922,422,181,8072,5523,68.4217046580773
boltons,25.0.0,445,20260922,422,181,8072,6118,75.79286422200198
boltons,25.0.0,446,20260922,422,181,8072,5409,67.00941526263627
boltons,25.0.0,447,20260922,422,181,8072,5651,70.00743310208127
boltons,25.0.0,448,20260922,422,181,8072,4816,59.66303270564916
boltons,25.0.0,449,20260922,422,181,8072,5483,67.92616451932606
boltons,25.0.0,450,20260922,422,181,8072,4957,61.409811694747276
boltons,25.0.0,451,20260922,422,181,8072,4932,61.10009910802775
boltons,25.0.0,452,20260922,422,181,8072,4789,59.32854311199207
boltons,25.0.0,453,20260922,422,181,8072,5405,66.95986124876114
boltons,25.0.0,454,20260922,422,181,8072,5038,62.41328047571853
boltons,25.0.0,455,20260922,422,181,8072,5259,65.15113974231913
boltons,25.0.0,456,20260922,422,181,8072,4212,52.18037661050545
boltons,25.0.0,457,20260922,422,181,8072,5173,64.08572844400396
boltons,25.0.0,458,20260922,422,181,8072,5208,64.51932606541129
boltons,25.0.0,459,20260922,422,181,8072,5325,65.96878097125867
boltons,25.0.0,460,20260922,422,181,8072,5391,66.78642220019822
boltons,25.0.0,461,20260922,422,181,8072,4983,61.73191278493558
boltons,25.0.0,462,20260922,422,181,8072,4804,59.51437066402379
boltons,25.0.0,463,20260922,422,181,8072,5030,62.31417244796828
boltons,25.0.0,464,20260922,422,181,8072,5099,63.16897918731417
boltons,25.0.0,465,20260922,422,181,8072,5439,67.3810703666997
boltons,25.0.0,466,20260922,422,181,8072,4911,60.83994053518335
boltons,25.0.0,467,20260922,422,181,8072,5565,68.94202180376611
boltons,25.0.0,468,20260922,422,181,8072,4800,59.46481665014866
boltons,25.0.0,469,20260922,422,181,8072,5588,69.22695738354807
boltons,25.0.0,470,20260922,422,181,8072,5687,70.45341922695738
boltons,25.0.0,471,20260922,422,181,8072,5649,69.98265609514371
boltons,25.0.0,472,20260922,422,181,8072,4581,56.75173439048563
boltons,25.0.0,473,20260922,422,181,8072,5050,62.56194251734391
boltons,25.0.0,474,20260922,422,181,8072,4556,56.4420218037661
boltons,25.0.0,475,20260922,422,181,8072,4548,56.342913776015855
boltons,25.0.0,476,20260922,422,181,8072,5397,66.8607532210109
boltons,25.0.0,477,20260922,422,181,8072,5149,63.78840436075322
boltons,25.0.0,478,20260922,422,181,8072,5814,72.02675916749257
boltons,25.0.0,479,20260922,422,181,8072,5374,66.57581764122894
boltons,25.0.0,480,20260922,422,181,8072,5756,71.30822596630327
boltons,25.0.0,481,20260922,422,181,8072,5023,62.22745292368682
boltons,25.0.0,482,20260922,422,181,8072,5773,71.51883052527255
boltons,25.0.0,483,20260922,422,181,8072,5264,65.21308225966304
boltons,25.0.0,484,20260922,422,181,8072,4229,52.39098116947473
boltons,25.0.0,485,20260922,422,181,8072,5741,71.12239841427156
boltons,25.0.0,486,20260922,422,181,8072,5464,67.69078295341923
boltons,25.0.0,487,20260922,422,181,8072,4851,60.096630327056495
boltons,25.0.0,488,20260922,422,181,8072,5509,68.24826560951438
boltons,25.0.0,489,20260922,422,181,8072,5809,71.96481665014866
boltons,25.0.0,490,20260922,422,181,8072,5505,68.19871159563925
boltons,25.0.0,491,20260922,422,181,8072,6221,77.06888007928642
boltons,25.0.0,492,20260922,422,181,8072,5429,67.25718533201189
boltons,25.0.0,493,20260922,422,181,8072,4662,57.75520317145689
boltons,25.0.0,494,20260922,422,181,8072,5506,68.21110009910802
boltons,25.0.0,495,20260922,422,181,8072,4814,59.638255698711596
boltons,25.0.0,496,20260922,422,181,8072,4924,61.0009910802775
boltons,25.0.0,497,20260922,422,181,8072,4941,61.21159563924678
boltons,25.0.0,498,20260922,422,181,8072,5084,62.98315163528246
boltons,25.0.0,499,20260922,422,181,8072,5415,67.08374628344896
boltons,25.0.0,500,20260922,422,181,8072,4948,61.298315163528244
boltons,25.0.0,501,20260922,422,181,8072,5190,64.29633300297324
boltons,25.0.0,502,20260922,422,181,8072,4959,61.43458870168484
boltons,25.0.0,503,20260922,422,181,8072,5708,70.71357779980178
boltons,25.0.0,504,20260922,422,181,8072,5477,67.85183349851339
boltons,25.0.0,505,20260922,422,181,8072,5643,69.90832507433102
boltons,25.0.0,506,20260922,422,181,8072,4527,56.08275520317146
boltons,25.0.0,507,20260922,422,181,8072,5016,62.14073339940535
boltons,25.0.0,508,20260922,422,181,8072,5212,64.56888007928642
boltons,25.0.0,509,20260922,422,181,8072,5240,64.91575817641228
boltons,25.0.0,510,20260922,422,181,8072,4968,61.54608523290386
boltons,25.0.0,511,20260922,422,181,8072,5204,64.46977205153617
boltons,25.0.0,512,20260922,422,181,8072,5611,69.51189296333003
boltons,25.0.0,513,20260922,422,181,8072,5072,62.83448959365709
boltons,25.0.0,514,20260922,422,181,8072,5217,64.63082259663032
boltons,25.0.0,515,20260922,422,181,8072,5028,62.28939544103072
boltons,25.0.0,516,20260922,422,181,8072,5342,66.17938553022795
boltons,25.0.0,517,20260922,422,181,8072,5405,66.95986124876114
boltons,25.0.0,518,20260922,422,181,8072,5154,63.85034687809713
boltons,25.0.0,519,20260922,422,181,8072,4900,60.70366699702676
boltons,25.0.0,520,20260922,422,181,8072,4989,61.80624380574827
boltons,25.0.0,521,20260922,422,181,8072,5404,66.94747274529237
boltons,25.0.0,522,20260922,422,181,8072,5900,73.09217046580773
boltons,25.0.0,523,20260922,422,181,8072,5249,65.02725470763131
boltons,25.0.0,524,20260922,422,181,8072,6005,74.39296333002973
boltons,25.0.0,525,20260922,422,181,8072,5142,63.701684836471756
boltons,25.0.0,526,20260922,422,181,8072,5687,70.45341922695738
boltons,25.0.0,527,20260922,422,181,8072,5357,66.36521308225966
boltons,25.0.0,528,20260922,422,181,8072,4899,60.69127849355798
boltons,25.0.0,529,20260922,422,181,8072,5242,64.94053518334985
boltons,25.0.0,530,20260922,422,181,8072,5083,62.970763131813676
boltons,25.0.0,531,20260922,422,181,8072,4812,59.613478691774034
boltons,25.0.0,532,20260922,422,181,8072,4983,61.73191278493558
boltons,25.0.0,533,20260922,422,181,8072,5141,63.68929633300297
boltons,25.0.0,534,20260922,422,181,8072,4974,61.62041625371655
boltons,25.0.0,535,20260922,422,181,8072,5027,62.27700693756194
boltons,25.0.0,536,20260922,422,181,8072,5587,69.21456888007928
boltons,25.0.0,537,20260922,422,181,8072,5211,64.55649157581765
boltons,25.0.0,538,20260922,422,181,8072,4832,59.86124876114965
boltons,25.0.0,539,20260922,422,181,8072,5492,68.0376610505451
boltons,25.0.0,540,20260922,422,181,8072,4970,61.570862239841425
boltons,25.0.0,541,20260922,422,181,8072,4510,55.87215064420218
boltons,25.0.0,542,20260922,422,181,8072,5539,68.6199207135778
boltons,25.0.0,543,20260922,422,181,8072,4948,61.298315163528244
boltons,25.0.0,544,20260922,422,181,8072,5310,65.78295341922696
boltons,25.0.0,545,20260922,422,181,8072,5528,68.48364717542121
boltons,25.0.0,546,20260922,422,181,8072,4976,61.64519326065411
boltons,25.0.0,547,20260922,422,181,8072,5269,65.27502477700693
boltons,25.0.0,548,20260922,422,181,8072,4789,59.32854311199207
boltons,25.0.0,549,20260922,422,181,8072,5019,62.177898909811695
boltons,25.0.0,550,20260922,422,181,8072,4929,61.06293359762141
boltons,25.0.0,551,20260922,422,181,8072,4936,61.14965312190287
boltons,25.0.0,552,20260922,422,181,8072,5536,68.58275520317146
boltons,25.0.0,553,20260922,422,181,8072,5776,71.55599603567889
boltons,25.0.0,554,20260922,422,181,8072,4725,58.53567888999009
boltons,25.0.0,555,20260922,422,181,8072,5700,70.61446977205154
boltons,25.0.0,556,20260922,422,181,8072,5420,67.14568880079287
boltons,25.0.0,557,20260922,422,181,8072,5203,64.4573835480674
boltons,25.0.0,558,20260922,422,181,8072,5500,68.13676907829534
boltons,25.0.0,559,20260922,422,181,8072,5764,71.40733399405352
boltons,25.0.0,560,20260922,422,181,8072,5695,70.55252725470763
boltons,25.0.0,561,20260922,422,181,8072,5453,67.55450941526264
boltons,25.0.0,562,20260922,422,181,8072,4947,61.28592666005947
boltons,25.0.0,563,20260922,422,181,8072,5885,72.90634291377602
boltons,25.0.0,564,20260922,422,181,8072,5113,63.342418235877105
boltons,25.0.0,565,20260922,422,181,8072,5515,68.32259663032706
boltons,25.0.0,566,20260922,422,181,8072,5228,64.76709613478691
boltons,25.0.0,567,20260922,422,181,8072,4707,58.31268582755203
boltons,25.0.0,568,20260922,422,181,8072,5354,66.32804757185332
boltons,25.0.0,569,20260922,422,181,8072,5248,65.01486620416254
boltons,25.0.0,570,20260922,422,181,8072,4554,56.41724479682854
boltons,25.0.0,571,20260922,422,181,8072,5514,68.31020812685827
boltons,25.0.0,572,20260922,422,181,8072,5495,68.07482656095144
boltons,25.0.0,573,20260922,422,181,8072,4919,60.9390485629336
boltons,25.0.0,574,20260922,422,181,8072,5207,64.50693756194252
boltons,25.0.0,575,20260922,422,181,8072,4923,60.988602576808724
boltons,25.0.0,576,20260922,422,181,8072,5697,70.5773042616452
boltons,25.0.0,577,20260922,422,181,8072,4784,59.26660059464817
boltons,25.0.0,578,20260922,422,181,8072,5367,66.48909811694747
boltons,25.0.0,579,20260922,422,181,8072,4940,61.199207135777996
boltons,25.0.0,580,20260922,422,181,8072,4987,61.781466798810705
boltons,25.0.0,581,20260922,422,181,8072,5177,64.13528245787909
boltons,25.0.0,582,20260922,422,181,8072,5681,70.3790882061447
boltons,25.0.0,583,20260922,422,181,8072,5860,72.59663032705649
boltons,25.0.0,584,20260922,422,181,8072,5273,65.32457879088206
boltons,25.0.0,585,20260922,422,181,8072,5031,62.32656095143707
boltons,25.0.0,586,20260922,422,181,8072,4906,60.777998017839444
boltons,25.0.0,587,20260922,422,181,8072,5826,72.17542120911794
boltons,25.0.0,588,20260922,422,181,8072,5536,68.58275520317146
boltons,25.0.0,589,20260922,422,181,8072,5376,66.6005946481665
boltons,25.0.0,590,20260922,422,181,8072,4919,60.9390485629336
boltons,25.0.0,591,20260922,422,181,8072,5121,63.44152626362735
boltons,25.0.0,592,20260922,422,181,8072,5504,68.18632309217047
boltons,25.0.0,593,20260922,422,181,8072,5879,72.83201189296334
boltons,25.0.0,594,20260922,422,181,8072,5270,65.28741328047572
boltons,25.0.0,595,20260922,422,181,8072,5019,62.177898909811695
boltons,25.0.0,596,20260922,422,181,8072,5315,65.84489593657086
boltons,25.0.0,597,20260922,422,181,8072,5785,71.66749256689792
boltons,25.0.0,598,20260922,422,181,8072,5404,66.94747274529237
boltons,25.0.0,599,20260922,422,181,8072,5500,68.13676907829534
boltons,25.0.0,600,20260922,422,181,8072,4849,60.07185332011893
boltons,25.0.0,601,20260922,422,181,8072,5009,62.054013875123886
boltons,25.0.0,602,20260922,422,181,8072,5202,64.44499504459861
boltons,25.0.0,603,20260922,422,181,8072,5085,62.99554013875124
boltons,25.0.0,604,20260922,422,181,8072,5956,73.78592666005946
boltons,25.0.0,605,20260922,422,181,8072,5471,67.7775024777007
boltons,25.0.0,606,20260922,422,181,8072,5319,65.89444995044599
boltons,25.0.0,607,20260922,422,181,8072,4487,55.58721506442022
boltons,25.0.0,608,20260922,422,181,8072,4682,58.00297324083251
boltons,25.0.0,609,20260922,422,181,8072,5116,63.37958374628345
boltons,25.0.0,610,20260922,422,181,8072,5923,73.3771060455897
boltons,25.0.0,611,20260922,422,181,8072,5606,69.44995044598612
boltons,25.0.0,612,20260922,422,181,8072,5602,69.400396432111
boltons,25.0.0,613,20260922,422,181,8072,5445,67.45540138751238
boltons,25.0.0,614,20260922,422,181,8072,4820,59.71258671952428
boltons,25.0.0,615,20260922,422,181,8072,5106,63.25569871159564
boltons,25.0.0,616,20260922,422,181,8072,5213,64.5812685827552
boltons,25.0.0,617,20260922,422,181,8072,5538,68.60753221010901
boltons,25.0.0,618,20260922,422,181,8072,4879,60.44350842418236
boltons,25.0.0,619,20260922,422,181,8072,5638,69.84638255698711
boltons,25.0.0,620,20260922,422,181,8072,5429,67.25718533201189
boltons,25.0.0,621,20260922,422,181,8072,5239,64.90336967294351
boltons,25.0.0,622,20260922,422,181,8072,5101,63.19375619425173
boltons,25.0.0,623,20260922,422,181,8072,5185,64.23439048562933
boltons,25.0.0,624,20260922,422,181,8072,4925,61.013379583746286
boltons,25.0.0,625,20260922,422,181,8072,5094,63.10703666997027
boltons,25.0.0,626,20260922,422,181,8072,4999,61.930128840436076
boltons,25.0.0,627,20260922,422,181,8072,5533,68.54558969276512
boltons,25.0.0,628,20260922,422,181,8072,5108,63.280475718533204
boltons,25.0.0,629,20260922,422,181,8072,5736,71.06045589692765
boltons,25.0.0,630,20260922,422,181,8072,5501,68.14915758176413
boltons,25.0.0,631,20260922,422,181,8072,5214,64.59365708622398
boltons,25.0.0,632,20260922,422,181,8072,5440,67.39345887016849
boltons,25.0.0,633,20260922,422,181,8072,5390,66.77403369672943
boltons,25.0.0,634,20260922,422,181,8072,5672,70.26759167492567
boltons,25.0.0,635,20260922,422,181,8072,4590,56.863230921704655
boltons,25.0.0,636,20260922,422,181,8072,5038,62.41328047571853
boltons,25.0.0,637,20260922,422,181,8072,5192,64.3211100099108
boltons,25.0.0,638,20260922,422,181,8072,5250,65.0396432111001
boltons,25.0.0,639,20260922,422,181,8072,4723,58.510901883052526
boltons,25.0.0,640,20260922,422,181,8072,4926,61.02576808721506
boltons,25.0.0,641,20260922,422,181,8072,4959,61.43458870168484
boltons,25.0.0,642,20260922,422,181,8072,5799,71.84093161546085
boltons,25.0.0,643,20260922,422,181,8072,5430,67.26957383548067
boltons,25.0.0,644,20260922,422,181,8072,5687,70.45341922695738
boltons,25.0.0,645,20260922,422,181,8072,5251,65.05203171456888
boltons,25.0.0,646,20260922,422,181,8072,5630,69.74727452923686
boltons,25.0.0,647,20260922,422,181,8072,5975,74.02130822596631
boltons,25.0.0,648,20260922,422,181,8072,5001,61.95490584737364
boltons,25.0.0,649,20260922,422,181,8072,5660,70.1189296333003
boltons,25.0.0,650,20260922,422,181,8072,5733,71.02329038652131
boltons,25.0.0,651,20260922,422,181,8072,5649,69.98265609514371
boltons,25.0.0,652,20260922,422,181,8072,5015,62.12834489593657
boltons,25.0.0,653,20260922,422,181,8072,5080,62.93359762140734
boltons,25.0.0,654,20260922,422,181,8072,4236,52.47770069375619
boltons,25.0.0,655,20260922,422,181,8072,5222,64.69276511397423
boltons,25.0.0,656,20260922,422,181,8072,5222,64.69276511397423
boltons,25.0.0,657,20260922,422,181,8072,4421,54.76957383548067
boltons,25.0.0,658,20260922,422,181,8072,5108,63.280475718533204
boltons,25.0.0,659,20260922,422,181,8072,5562,68.90485629335976
boltons,25.0.0,660,20260922,422,181,8072,5244,64.9653121902874
boltons,25.0.0,661,20260922,422,181,8072,5693,70.52775024777007
boltons,25.0.0,662,20260922,422,181,8072,5495,68.07482656095144
boltons,25.0.0,663,20260922,422,181,8072,4389,54.37314172447968
boltons,25.0.0,664,20260922,422,181,8072,5539,68.6199207135778
boltons,25.0.0,665,20260922,422,181,8072,5579,69.11546085232904
boltons,25.0.0,666,20260922,422,181,8072,5261,65.17591674925669
boltons,25.0.0,667,20260922,422,181,8072,5440,67.39345887016849
boltons,25.0.0,668,20260922,422,181,8072,5039,62.425668979187314
boltons,25.0.0,669,20260922,422,181,8072,5668,70.21803766105054
boltons,25.0.0,670,20260922,422,181,8072,5278,65.38652130822597
boltons,25.0.0,671,20260922,422,181,8072,5318,65.8820614469772
boltons,25.0.0,672,20260922,422,181,8072,5312,65.80773042616453
boltons,25.0.0,673,20260922,422,181,8072,4295,53.20862239841427
boltons,25.0.0,674,20260922,422,181,8072,5909,73.20366699702676
boltons,25.0.0,675,20260922,422,181,8072,5378,66.62537165510406
boltons,25.0.0,676,20260922,422,181,8072,5228,64.76709613478691
boltons,25.0.0,677,20260922,422,181,8072,5135,63.614965312190286
boltons,25.0.0,678,20260922,422,181,8072,5245,64.97770069375619
boltons,25.0.0,679,20260922,422,181,8072,5530,68.50842418235877
boltons,25.0.0,680,20260922,422,181,8072,4448,55.10406342913776
boltons,25.0.0,681,20260922,422,181,8072,5627,69.71010901883052
boltons,25.0.0,682,20260922,422,181,8072,5362,66.42715559960357
boltons,25.0.0,683,20260922,422,181,8072,4607,57.073835480673935
boltons,25.0.0,684,20260922,422,181,8072,5223,64.70515361744302
boltons,25.0.0,685,20260922,422,181,8072,4997,61.905351833498514
boltons,25.0.0,686,20260922,422,181,8072,4814,59.638255698711596
boltons,25.0.0,687,20260922,422,181,8072,6153,76.22646184340931
boltons,25.0.0,688,20260922,422,181,8072,6172,76.46184340931616
boltons,25.0.0,689,20260922,422,181,8072,4545,56.305748265609516
boltons,25.0.0,690,20260922,422,181,8072,5494,68.06243805748265
boltons,25.0.0,691,20260922,422,181,8072,4771,59.10555004955401
boltons,25.0.0,692,20260922,422,181,8072,5901,73.10455896927651
boltons,25.0.0,693,20260922,422,181,8072,5413,67.05896927651139
boltons,25.0.0,694,20260922,422,181,8072,5481,67.90138751238851
boltons,25.0.0,695,20260922,422,181,8072,5511,68.27304261645193
boltons,25.0.0,696,20260922,422,181,8072,5750,71.23389494549059
boltons,25.0.0,697,20260922,422,181,8072,5872,72.74529236868186
boltons,25.0.0,698,20260922,422,181,8072,4366,54.08820614469772
boltons,25.0.0,699,20260922,422,181,8072,5388,66.74925668979188
boltons,25.0.0,700,20260922,422,181,8072,5462,67.66600594648166
boltons,25.0.0,701,20260922,422,181,8072,5885,72.90634291377602
boltons,25.0.0,702,20260922,422,181,8072,5225,64.72993062438057
boltons,25.0.0,703,20260922,422,181,8072,5370,66.52626362735381
boltons,25.0.0,704,20260922,422,181,8072,4996,61.89296333002973
boltons,25.0.0,705,20260922,422,181,8072,4985,61.75668979187314
boltons,25.0.0,706,20260922,422,181,8072,4882,60.4806739345887
boltons,25.0.0,707,20260922,422,181,8072,4866,60.282457879088206
boltons,25.0.0,708,20260922,422,181,8072,4875,60.39395441030724
boltons,25.0.0,709,20260922,422,181,8072,5308,65.7581764122894
boltons,25.0.0,710,20260922,422,181,8072,5805,71.91526263627354
boltons,25.0.0,711,20260922,422,181,8072,5026,62.26461843409316
boltons,25.0.0,712,20260922,422,181,8072,5613,69.5366699702676
boltons,25.0.0,713,20260922,422,181,8072,4718,58.448959365708625
boltons,25.0.0,714,20260922,422,181,8072,5255,65.10158572844401
boltons,25.0.0,715,20260922,422,181,8072,5433,67.30673934588701
boltons,25.0.0,716,20260922,422,181,8072,6434,79.70763131813676
boltons,25.0.0,717,20260922,422,181,8072,4983,61.73191278493558
boltons,25.0.0,718,20260922,422,181,8072,5496,68.08721506442022
boltons,25.0.0,719,20260922,422,181,8072,5789,71.71704658077304
boltons,25.0.0,720,20260922,422,181,8072,6236,77.25470763131814
boltons,25.0.0,721,20260922,422,181,8072,5261,65.17591674925669
boltons,25.0.0,722,20260922,422,181,8072,5160,63.92467789890981
boltons,25.0.0,723,20260922,422,181,8072,5088,63.032705649157585
boltons,25.0.0,724,20260922,422,181,8072,4647,57.56937561942517
boltons,25.0.0,725,20260922,422,181,8072,4989,61.80624380574827
boltons,25.0.0,726,20260922,422,181,8072,4295,53.20862239841427
boltons,25.0.0,727,20260922,422,181,8072,5390,66.77403369672943
boltons,25.0.0,728,20260922,422,181,8072,5813,72.01437066402379
boltons,25.0.0,729,20260922,422,181,8072,4512,55.89692765113974
boltons,25.0.0,730,20260922,422,181,8072,5340,66.15460852329039
boltons,25.0.0,731,20260922,422,181,8072,5358,66.37760158572844
boltons,25.0.0,732,20260922,422,181,8072,4862,60.23290386521308
boltons,25.0.0,733,20260922,422,181,8072,5035,62.37611496531219
boltons,25.0.0,734,20260922,422,181,8072,5378,66.62537165510406
boltons,25.0.0,735,20260922,422,181,8072,4728,58.572844400396434
boltons,25.0.0,736,20260922,422,181,8072,5825,72.16303270564916
boltons,25.0.0,737,20260922,422,181,8072,4841,59.97274529236868
boltons,25.0.0,738,20260922,422,181,8072,5515,68.32259663032706
boltons,25.0.0,739,20260922,422,181,8072,4976,61.64519326065411
boltons,25.0.0,740,20260922,422,181,8072,4845,60.02229930624381
boltons,25.0.0,741,20260922,422,181,8072,5440,67.39345887016849
boltons,25.0.0,742,20260922,422,181,8072,5261,65.17591674925669
boltons,25.0.0,743,20260922,422,181,8072,4860,60.20812685827552
boltons,25.0.0,744,20260922,422,181,8072,5094,63.10703666997027
boltons,25.0.0,745,20260922,422,181,8072,4991,61.83102081268583
boltons,25.0.0,746,20260922,422,181,8072,5299,65.64667988107037
boltons,25.0.0,747,20260922,422,181,8072,5131,63.56541129831516
boltons,25.0.0,748,20260922,422,181,8072,5439,67.3810703666997
boltons,25.0.0,749,20260922,422,181,8072,5269,65.27502477700693
boltons,25.0.0,750,20260922,422,181,8072,5543,68.66947472745292
boltons,25.0.0,751,20260922,422,181,8072,6040,74.82656095143706
boltons,25.0.0,752,20260922,422,181,8072,5135,63.614965312190286
boltons,25.0.0,753,20260922,422,181,8072,5942,73.61248761149653
boltons,25.0.0,754,20260922,422,181,8072,5424,67.19524281466799
boltons,25.0.0,755,20260922,422,181,8072,5676,70.31714568880079
boltons,25.0.0,756,20260922,422,181,8072,5574,69.05351833498513
boltons,25.0.0,757,20260922,422,181,8072,5353,66.31565906838453
boltons,25.0.0,758,20260922,422,181,8072,5309,65.77056491575817
boltons,25.0.0,759,20260922,422,181,8072,5947,73.67443012884044
boltons,25.0.0,760,20260922,422,181,8072,4988,61.79385530227948
boltons,25.0.0,761,20260922,422,181,8072,5326,65.98116947472745
boltons,25.0.0,762,20260922,422,181,8072,4820,59.71258671952428
boltons,25.0.0,763,20260922,422,181,8072,5035,62.37611496531219
boltons,25.0.0,764,20260922,422,181,8072,4859,60.19573835480674
boltons,25.0.0,765,20260922,422,181,8072,4784,59.26660059464817
boltons,25.0.0,766,20260922,422,181,8072,6110,75.69375619425173
boltons,25.0.0,767,20260922,422,181,8072,5432,67.29435084241824
boltons,25.0.0,768,20260922,422,181,8072,5066,62.760158572844404
boltons,25.0.0,769,20260922,422,181,8072,4849,60.07185332011893
boltons,25.0.0,770,20260922,422,181,8072,5083,62.970763131813676
boltons,25.0.0,771,20260922,422,181,8072,5343,66.19177403369673
boltons,25.0.0,772,20260922,422,181,8072,4954,61.37264618434093
boltons,25.0.0,773,20260922,422,181,8072,5182,64.197224975223
boltons,25.0.0,774,20260922,422,181,8072,4573,56.65262636273538
boltons,25.0.0,775,20260922,422,181,8072,5249,65.02725470763131
boltons,25.0.0,776,20260922,422,181,8072,5141,63.68929633300297
boltons,25.0.0,777,20260922,422,181,8072,4775,59.155104063429135
boltons,25.0.0,778,20260922,422,181,8072,4911,60.83994053518335
boltons,25.0.0,779,20260922,422,181,8072,5016,62.14073339940535
boltons,25.0.0,780,20260922,422,181,8072,5387,66.7368681863231
boltons,25.0.0,781,20260922,422,181,8072,4552,56.39246778989098
boltons,25.0.0,782,20260922,422,181,8072,5127,63.51585728444004
boltons,25.0.0,783,20260922,422,181,8072,4872,60.35678889990089
boltons,25.0.0,784,20260922,422,181,8072,5074,62.85926660059465
boltons,25.0.0,785,20260922,422,181,8072,5842,72.37363726461844
boltons,25.0.0,786,20260922,422,181,8072,5684,70.41625371655104
boltons,25.0.0,787,20260922,422,181,8072,4233,52.44053518334985
boltons,25.0.0,788,20260922,422,181,8072,5601,69.38800792864222
boltons,25.0.0,789,20260922,422,181,8072,4682,58.00297324083251
boltons,25.0.0,790,20260922,422,181,8072,4544,56.29335976214073
boltons,25.0.0,791,20260922,422,181,8072,4892,60.60455896927651
boltons,25.0.0,792,20260922,422,181,8072,5662,70.14370664023787
boltons,25.0.0,793,20260922,422,181,8072,5267,65.25024777006938
boltons,25.0.0,794,20260922,422,181,8072,5434,67.3191278493558
boltons,25.0.0,795,20260922,422,181,8072,4982,61.719524281466796
boltons,25.0.0,796,20260922,422,181,8072,5693,70.52775024777007
boltons,25.0.0,797,20260922,422,181,8072,6200,76.80872150644203
boltons,25.0.0,798,20260922,422,181,8072,4741,58.73389494549058
boltons,25.0.0,799,20260922,422,181,8072,4853,60.12140733399406
boltons,25.0.0,800,20260922,422,181,8072,4975,61.63280475718533
boltons,25.0.0,801,20260922,422,181,8072,5392,66.798810703667
boltons,25.0.0,802,20260922,422,181,8072,5438,67.36868186323092
boltons,25.0.0,803,20260922,422,181,8072,5403,66.93508424182359
boltons,25.0.0,804,20260922,422,181,8072,5072,62.83448959365709
boltons,25.0.0,805,20260922,422,181,8072,4812,59.613478691774034
boltons,25.0.0,806,20260922,422,181,8072,5315,65.84489593657086
boltons,25.0.0,807,20260922,422,181,8072,5652,70.01982160555005
boltons,25.0.0,808,20260922,422,181,8072,5644,69.9207135777998
boltons,25.0.0,809,20260922,422,181,8072,5701,70.62685827552032
boltons,25.0.0,810,20260922,422,181,8072,5713,70.77552031714569
boltons,25.0.0,811,20260922,422,181,8072,5179,64.16005946481665
boltons,25.0.0,812,20260922,422,181,8072,5195,64.35827552031715
boltons,25.0.0,813,20260922,422,181,8072,5376,66.6005946481665
boltons,25.0.0,814,20260922,422,181,8072,5554,68.80574826560951
boltons,25.0.0,815,20260922,422,181,8072,5752,71.25867195242814
boltons,25.0.0,816,20260922,422,181,8072,5077,62.89643211100099
boltons,25.0.0,817,20260922,422,181,8072,5529,68.49603567889
boltons,25.0.0,818,20260922,422,181,8072,5417,67.10852329038651
boltons,25.0.0,819,20260922,422,181,8072,5166,63.9990089197225
boltons,25.0.0,820,20260922,422,181,8072,5134,63.60257680872151
boltons,25.0.0,821,20260922,422,181,8072,5355,66.3404360753221
boltons,25.0.0,822,20260922,422,181,8072,4968,61.54608523290386
boltons,25.0.0,823,20260922,422,181,8072,5025,62.25222993062438
boltons,25.0.0,824,20260922,422,181,8072,5184,64.22200198216055
boltons,25.0.0,825,20260922,422,181,8072,5084,62.98315163528246
boltons,25.0.0,826,20260922,422,181,8072,5262,65.18830525272547
boltons,25.0.0,827,20260922,422,181,8072,5236,64.86620416253716
boltons,25.0.0,828,20260922,422,181,8072,5048,62.537165510406346
boltons,25.0.0,829,20260922,422,181,8072,4806,59.53914767096135
boltons,25.0.0,830,20260922,422,181,8072,4872,60.35678889990089
boltons,25.0.0,831,20260922,422,181,8072,5042,62.462834489593654
boltons,25.0.0,832,20260922,422,181,8072,5252,65.06442021803767
boltons,25.0.0,833,20260922,422,181,8072,5129,63.5406342913776
boltons,25.0.0,834,20260922,422,181,8072,4706,58.30029732408325
boltons,25.0.0,835,20260922,422,181,8072,4819,59.7001982160555
boltons,25.0.0,836,20260922,422,181,8072,5237,64.87859266600594
boltons,25.0.0,837,20260922,422,181,8072,5401,66.91030723488602
boltons,25.0.0,838,20260922,422,181,8072,5687,70.45341922695738
boltons,25.0.0,839,20260922,422,181,8072,5411,67.03419226957384
boltons,25.0.0,840,20260922,422,181,8072,4880,60.45589692765114
boltons,25.0.0,841,20260922,422,181,8072,4791,59.35332011892963
boltons,25.0.0,842,20260922,422,181,8072,5367,66.48909811694747
boltons,25.0.0,843,20260922,422,181,8072,4715,58.41179385530228
boltons,25.0.0,844,20260922,422,181,8072,5206,64.49454905847374
boltons,25.0.0,845,20260922,422,181,8072,6220,77.05649157581765
boltons,25.0.0,846,20260922,422,181,8072,5181,64.18483647175421
boltons,25.0.0,847,20260922,422,181,8072,5326,65.98116947472745
boltons,25.0.0,848,20260922,422,181,8072,5151,63.81318136769078
boltons,25.0.0,849,20260922,422,181,8072,4671,57.866699702675916
boltons,25.0.0,850,20260922,422,181,8072,5678,70.34192269573836
boltons,25.0.0,851,20260922,422,181,8072,5338,66.12983151635282
boltons,25.0.0,852,20260922,422,181,8072,4978,61.66997026759167
boltons,25.0.0,853,20260922,422,181,8072,5488,67.98810703666997
boltons,25.0.0,854,20260922,422,181,8072,5854,72.52229930624381
boltons,25.0.0,855,20260922,422,181,8072,5456,67.59167492566898
boltons,25.0.0,856,20260922,422,181,8072,4675,57.91625371655104
boltons,25.0.0,857,20260922,422,181,8072,4908,60.802775024777006
boltons,25.0.0,858,20260922,422,181,8072,5333,66.06788899900891
boltons,25.0.0,859,20260922,422,181,8072,5422,67.17046580773042
boltons,25.0.0,860,20260922,422,181,8072,5577,69.09068384539148
boltons,25.0.0,861,20260922,422,181,8072,5495,68.07482656095144
boltons,25.0.0,862,20260922,422,181,8072,4974,61.62041625371655
boltons,25.0.0,863,20260922,422,181,8072,5576,69.0782953419227
boltons,25.0.0,864,20260922,422,181,8072,5142,63.701684836471756
boltons,25.0.0,865,20260922,422,181,8072,5151,63.81318136769078
boltons,25.0.0,866,20260922,422,181,8072,6090,75.44598612487611
boltons,25.0.0,867,20260922,422,181,8072,5838,72.32408325074331
boltons,25.0.0,868,20260922,422,181,8072,4710,58.34985133795838
boltons,25.0.0,869,20260922,422,181,8072,5561,68.89246778989099
boltons,25.0.0,870,20260922,422,181,8072,5397,66.8607532210109
boltons,25.0.0,871,20260922,422,181,8072,4594,56.91278493557978
boltons,25.0.0,872,20260922,422,181,8072,5141,63.68929633300297
boltons,25.0.0,873,20260922,422,181,8072,5340,66.15460852329039
boltons,25.0.0,874,20260922,422,181,8072,5580,69.12784935579782
boltons,25.0.0,875,20260922,422,181,8072,5090,63.05748265609515
boltons,25.0.0,876,20260922,422,181,8072,5045,62.5
boltons,25.0.0,877,20260922,422,181,8072,5306,65.73339940535183
boltons,25.0.0,878,20260922,422,181,8072,5894,73.01783944499505
boltons,25.0.0,879,20260922,422,181,8072,5555,68.8181367690783
boltons,25.0.0,880,20260922,422,181,8072,5116,63.37958374628345
boltons,25.0.0,881,20260922,422,181,8072,5281,65.4236868186323
boltons,25.0.0,882,20260922,422,181,8072,4812,59.613478691774034
boltons,25.0.0,883,20260922,422,181,8072,5631,69.75966303270565
boltons,25.0.0,884,20260922,422,181,8072,5046,62.512388503468785
boltons,25.0.0,885,20260922,422,181,8072,5607,69.4623389494549
boltons,25.0.0,886,20260922,422,181,8072,5380,66.65014866204163
boltons,25.0.0,887,20260922,422,181,8072,5214,64.59365708622398
boltons,25.0.0,888,20260922,422,181,8072,5305,65.72101090188305
boltons,25.0.0,889,20260922,422,181,8072,5623,69.6605550049554
boltons,25.0.0,890,20260922,422,181,8072,5362,66.42715559960357
boltons,25.0.0,891,20260922,422,181,8072,4785,59.278989098116945
boltons,25.0.0,892,20260922,422,181,8072,5899,73.07978196233896
boltons,25.0.0,893,20260922,422,181,8072,5535,68.57036669970267
boltons,25.0.0,894,20260922,422,181,8072,5801,71.86570862239842
boltons,25.0.0,895,20260922,422,181,8072,5250,65.0396432111001
boltons,25.0.0,896,20260922,422,181,8072,5673,70.27998017839445
boltons,25.0.0,897,20260922,422,181,8072,5223,64.70515361744302
boltons,25.0.0,898,20260922,422,181,8072,5789,71.71704658077304
boltons,25.0.0,899,20260922,422,181,8072,5412,67.04658077304262
boltons,25.0.0,900,20260922,422,181,8072,5455,67.5792864222002
boltons,25.0.0,901,20260922,422,181,8072,4300,53.27056491575818
boltons,25.0.0,902,20260922,422,181,8072,5183,64.20961347869178
boltons,25.0.0,903,20260922,422,181,8072,5185,64.23439048562933
boltons,25.0.0,904,20260922,422,181,8072,4835,59.89841427155599
boltons,25.0.0,905,20260922,422,181,8072,5442,67.41823587710604
boltons,25.0.0,906,20260922,422,181,8072,5682,70.39147670961349
boltons,25.0.0,907,20260922,422,181,8072,5015,62.12834489593657
boltons,25.0.0,908,20260922,422,181,8072,4585,56.801288404360754
boltons,25.0.0,909,20260922,422,181,8072,5714,70.78790882061448
boltons,25.0.0,910,20260922,422,181,8072,5168,64.02378592666005
boltons,25.0.0,911,20260922,422,181,8072,5121,63.44152626362735
boltons,25.0.0,912,20260922,422,181,8072,5254,65.08919722497522
boltons,25.0.0,913,20260922,422,181,8072,5397,66.8607532210109
boltons,25.0.0,914,20260922,422,181,8072,5715,70.80029732408325
boltons,25.0.0,915,20260922,422,181,8072,5435,67.33151635282458
boltons,25.0.0,916,20260922,422,181,8072,5314,65.83250743310208
boltons,25.0.0,917,20260922,422,181,8072,5025,62.25222993062438
boltons,25.0.0,918,20260922,422,181,8072,5362,66.42715559960357
boltons,25.0.0,919,20260922,422,181,8072,5855,72.5346878097126
boltons,25.0.0,920,20260922,422,181,8072,4868,60.30723488602577
boltons,25.0.0,921,20260922,422,181,8072,5229,64.7794846382557
boltons,25.0.0,922,20260922,422,181,8072,5804,71.90287413280475
boltons,25.0.0,923,20260922,422,181,8072,5427,67.23240832507433
boltons,25.0.0,924,20260922,422,181,8072,5133,63.590188305252724
boltons,25.0.0,925,20260922,422,181,8072,5377,66.61298315163528
boltons,25.0.0,926,20260922,422,181,8072,5874,72.77006937561943
boltons,25.0.0,927,20260922,422,181,8072,5028,62.28939544103072
boltons,25.0.0,928,20260922,422,181,8072,5372,66.55104063429138
boltons,25.0.0,929,20260922,422,181,8072,5514,68.31020812685827
boltons,25.0.0,930,20260922,422,181,8072,4909,60.81516352824579
boltons,25.0.0,931,20260922,422,181,8072,5507,68.22348860257681
boltons,25.0.0,932,20260922,422,181,8072,4816,59.66303270564916
boltons,25.0.0,933,20260922,422,181,8072,5354,66.32804757185332
boltons,25.0.0,934,20260922,422,181,8072,5065,62.74777006937562
boltons,25.0.0,935,20260922,422,181,8072,4426,54.83151635282458
boltons,25.0.0,936,20260922,422,181,8072,4646,57.556987115956396
boltons,25.0.0,937,20260922,422,181,8072,5246,64.99008919722498
boltons,25.0.0,938,20260922,422,181,8072,6075,75.2601585728444
boltons,25.0.0,939,20260922,422,181,8072,5127,63.51585728444004
boltons,25.0.0,940,20260922,422,181,8072,6200,76.80872150644203
boltons,25.0.0,941,20260922,422,181,8072,5397,66.8607532210109
boltons,25.0.0,942,20260922,422,181,8072,5207,64.50693756194252
boltons,25.0.0,943,20260922,422,181,8072,4614,57.1605550049554
boltons,25.0.0,944,20260922,422,181,8072,5093,63.094648166501486
boltons,25.0.0,945,20260922,422,181,8072,4846,60.03468780971259
boltons,25.0.0,946,20260922,422,181,8072,5424,67.19524281466799
boltons,25.0.0,947,20260922,422,181,8072,5488,67.98810703666997
boltons,25.0.0,948,20260922,422,181,8072,5039,62.425668979187314
boltons,25.0.0,949,20260922,422,181,8072,5312,65.80773042616453
boltons,25.0.0,950,20260922,422,181,8072,4571,56.62784935579782
boltons,25.0.0,951,20260922,422,181,8072,5289,65.52279484638255
boltons,25.0.0,952,20260922,422,181,8072,5251,65.05203171456888
boltons,25.0.0,953,20260922,422,181,8072,5413,67.05896927651139
boltons,25.0.0,954,20260922,422,181,8072,5841,72.36124876114965
boltons,25.0.0,955,20260922,422,181,8072,5574,69.05351833498513
boltons,25.0.0,956,20260922,422,181,8072,5034,62.363726461843406
boltons,25.0.0,957,20260922,422,181,8072,5307,65.74578790882062
boltons,25.0.0,958,20260922,422,181,8072,5334,66.0802775024777
boltons,25.0.0,959,20260922,422,181,8072,5346,66.22893954410307
boltons,25.0.0,960,20260922,422,181,8072,5067,62.77254707631318
boltons,25.0.0,961,20260922,422,181,8072,4571,56.62784935579782
boltons,25.0.0,962,20260922,422,181,8072,5211,64.55649157581765
boltons,25.0.0,963,20260922,422,181,8072,4541,56.25619425173439
boltons,25.0.0,964,20260922,422,181,8072,5644,69.9207135777998
boltons,25.0.0,965,20260922,422,181,8072,5025,62.25222993062438
boltons,25.0.0,966,20260922,422,181,8072,5443,67.43062438057483
boltons,25.0.0,967,20260922,422,181,8072,4764,59.01883052527255
boltons,25.0.0,968,20260922,422,181,8072,5496,68.08721506442022
boltons,25.0.0,969,20260922,422,181,8072,5389,66.76164519326065
boltons,25.0.0,970,20260922,422,181,8072,5197,64.3830525272547
boltons,25.0.0,971,20260922,422,181,8072,4582,56.76412289395441
boltons,25.0.0,972,20260922,422,181,8072,4585,56.801288404360754
boltons,25.0.0,973,20260922,422,181,8072,4718,58.448959365708625
boltons,25.0.0,974,20260922,422,181,8072,4776,59.16749256689792
boltons,25.0.0,975,20260922,422,181,8072,5677,70.32953419226958
boltons,25.0.0,976,20260922,422,181,8072,4728,58.572844400396434
boltons,25.0.0,977,20260922,422,181,8072,5976,74.03369672943508
boltons,25.0.0,978,20260922,422,181,8072,5188,64.27155599603567
boltons,25.0.0,979,20260922,422,181,8072,5966,73.90981169474728
boltons,25.0.0,980,20260922,422,181,8072,5186,64.24677898909812
boltons,25.0.0,981,20260922,422,181,8072,4995,61.88057482656095
boltons,25.0.0,982,20260922,422,181,8072,4633,57.39593657086224
boltons,25.0.0,983,20260922,422,181,8072,4835,59.89841427155599
boltons,25.0.0,984,20260922,422,181,8072,4899,60.69127849355798
boltons,25.0.0,985,20260922,422,181,8072,4976,61.64519326065411
boltons,25.0.0,986,20260922,422,181,8072,5261,65.17591674925669
boltons,25.0.0,987,20260922,422,181,8072,5342,66.17938553022795
boltons,25.0.0,988,20260922,422,181,8072,4055,50.23538156590684
boltons,25.0.0,989,20260922,422,181,8072,5215,64.60604558969277
boltons,25.0.0,990,20260922,422,181,8072,5660,70.1189296333003
boltons,25.0.0,991,20260922,422,181,8072,5119,63.41674925668979
boltons,25.0.0,992,20260922,422,181,8072,5315,65.84489593657086
boltons,25.0.0,993,20260922,422,181,8072,6021,74.59117938553022
boltons,25.0.0,994,20260922,422,181,8072,4395,54.447472745292366
boltons,25.0.0,995,20260922,422,181,8072,5193,64.33349851337958
boltons,25.0.0,996,20260922,422,181,8072,5501,68.14915758176413
boltons,25.0.0,997,20260922,422,181,8072,5315,65.84489593657086
boltons,25.0.0,998,20260922,422,181,8072,5488,67.98810703666997
boltons,25.0.0,999,20260922,422,181,8072,5517,68.34737363726462
boltons,25.0.0,1000,20260922,422,181,8072,4879,60.44350842418236
boltons,26.1.0,1,20260923,444,196,8401,5499,65.45649327461017
boltons,26.1.0,2,20260923,444,196,8401,5666,67.44435186287346
boltons,26.1.0,3,20260923,444,196,8401,5775,68.74181645042258
boltons,26.1.0,4,20260923,444,196,8401,5555,66.12308058564457
boltons,26.1.0,5,20260923,444,196,8401,5474,65.15890965361267
boltons,26.1.0,6,20260923,444,196,8401,5810,69.15843351981907
boltons,26.1.0,7,20260923,444,196,8401,5397,64.24235210094037
boltons,26.1.0,8,20260923,444,196,8401,5818,69.25366027853826
boltons,26.1.0,9,20260923,444,196,8401,4561,54.291155814783956
boltons,26.1.0,10,20260923,444,196,8401,5142,61.20699916676586
boltons,26.1.0,11,20260923,444,196,8401,5158,61.39745268420426
boltons,26.1.0,12,20260923,444,196,8401,5992,71.32484228068087
boltons,26.1.0,13,20260923,444,196,8401,5749,68.43232948458517
boltons,26.1.0,14,20260923,444,196,8401,5413,64.43280561837877
boltons,26.1.0,15,20260923,444,196,8401,5440,64.75419592905607
boltons,26.1.0,16,20260923,444,196,8401,5070,60.349958338293064
boltons,26.1.0,17,20260923,444,196,8401,5374,63.96857516962267
boltons,26.1.0,18,20260923,444,196,8401,5681,67.62290203547197
boltons,26.1.0,19,20260923,444,196,8401,5728,68.18235924294727
boltons,26.1.0,20,20260923,444,196,8401,5716,68.03951910486848
boltons,26.1.0,21,20260923,444,196,8401,5890,70.11070110701107
boltons,26.1.0,22,20260923,444,196,8401,5711,67.98000238066896
boltons,26.1.0,23,20260923,444,196,8401,5356,63.754314962504466
boltons,26.1.0,24,20260923,444,196,8401,5602,66.68253779311986
boltons,26.1.0,25,20260923,444,196,8401,5289,62.956790858231166
boltons,26.1.0,26,20260923,444,196,8401,5994,71.34864897036067
boltons,26.1.0,27,20260923,444,196,8401,5682,67.63480538031187
boltons,26.1.0,28,20260923,444,196,8401,5264,62.659207237233666
boltons,26.1.0,29,20260923,444,196,8401,5047,60.07618140697536
boltons,26.1.0,30,20260923,444,196,8401,5889,70.09879776217117
boltons,26.1.0,31,20260923,444,196,8401,6046,71.96762290203547
boltons,26.1.0,32,20260923,444,196,8401,6035,71.83668610879657
boltons,26.1.0,33,20260923,444,196,8401,5559,66.17069396500416
boltons,26.1.0,34,20260923,444,196,8401,5632,67.03963813831686
boltons,26.1.0,35,20260923,444,196,8401,5655,67.31341506963457
boltons,26.1.0,36,20260923,444,196,8401,5217,62.09975002975836
boltons,26.1.0,37,20260923,444,196,8401,5297,63.052017616950366
boltons,26.1.0,38,20260923,444,196,8401,5586,66.49208427568146
boltons,26.1.0,39,20260923,444,196,8401,6451,76.78847756219497
boltons,26.1.0,40,20260923,444,196,8401,5270,62.730627306273064
boltons,26.1.0,41,20260923,444,196,8401,5351,63.69479823830496
boltons,26.1.0,42,20260923,444,196,8401,5777,68.76562314010236
boltons,26.1.0,43,20260923,444,196,8401,5129,61.052255683847164
boltons,26.1.0,44,20260923,444,196,8401,5325,63.38531127246756
boltons,26.1.0,45,20260923,444,196,8401,5665,67.43244851803357
boltons,26.1.0,46,20260923,444,196,8401,5202,61.92119985715986
boltons,26.1.0,47,20260923,444,196,8401,6031,71.78907272943697
boltons,26.1.0,48,20260923,444,196,8401,5957,70.90822521128437
boltons,26.1.0,49,20260923,444,196,8401,5232,62.27830020235686
boltons,26.1.0,50,20260923,444,196,8401,5762,68.58707296750387
boltons,26.1.0,51,20260923,444,196,8401,5715,68.02761576002857
boltons,26.1.0,52,20260923,444,196,8401,6147,73.16986073086537
boltons,26.1.0,53,20260923,444,196,8401,6077,72.33662659207238
boltons,26.1.0,54,20260923,444,196,8401,5480,65.23032972265206
boltons,26.1.0,55,20260923,444,196,8401,6067,72.21759314367337
boltons,26.1.0,56,20260923,444,196,8401,5692,67.75383882871087
boltons,26.1.0,57,20260923,444,196,8401,5505,65.52791334364956
boltons,26.1.0,58,20260923,444,196,8401,6094,72.53898345435067
boltons,26.1.0,59,20260923,444,196,8401,6192,73.70551124866087
boltons,26.1.0,60,20260923,444,196,8401,4962,59.06439709558386
boltons,26.1.0,61,20260923,444,196,8401,5840,69.51553386501607
boltons,26.1.0,62,20260923,444,196,8401,5918,70.44399476252828
boltons,26.1.0,63,20260923,444,196,8401,5261,62.62349720271396
boltons,26.1.0,64,20260923,444,196,8401,5381,64.05189858350197
boltons,26.1.0,65,20260923,444,196,8401,5656,67.32531841447447
boltons,26.1.0,66,20260923,444,196,8401,5623,66.93250803475777
boltons,26.1.0,67,20260923,444,196,8401,5477,65.19461968813236
boltons,26.1.0,68,20260923,444,196,8401,5574,66.34924413760267
boltons,26.1.0,69,20260923,444,196,8401,5539,65.93262706820616
boltons,26.1.0,70,20260923,444,196,8401,5957,70.90822521128437
boltons,26.1.0,71,20260923,444,196,8401,5519,65.69456017140817
boltons,26.1.0,72,20260923,444,196,8401,5193,61.81406975360076
boltons,26.1.0,73,20260923,444,196,8401,5870,69.87263421021306
boltons,26.1.0,74,20260923,444,196,8401,6177,73.52696107606238
boltons,26.1.0,75,20260923,444,196,8401,5465,65.05177955005357
boltons,26.1.0,76,20260923,444,196,8401,5694,67.77764551839067
boltons,26.1.0,77,20260923,444,196,8401,5856,69.70598738245447
boltons,26.1.0,78,20260923,444,196,8401,6204,73.84835138673968
boltons,26.1.0,79,20260923,444,196,8401,5420,64.51612903225806
boltons,26.1.0,80,20260923,444,196,8401,5296,63.040114272110465
boltons,26.1.0,81,20260923,444,196,8401,5680,67.61099869063207
boltons,26.1.0,82,20260923,444,196,8401,5809,69.14653017497916
boltons,26.1.0,83,20260923,444,196,8401,6037,71.86049279847637
boltons,26.1.0,84,20260923,444,196,8401,5138,61.15938578740626
boltons,26.1.0,85,20260923,444,196,8401,5320,63.325794548268064
boltons,26.1.0,86,20260923,444,196,8401,5783,68.83704320914177
boltons,26.1.0,87,20260923,444,196,8401,5799,69.02749672658017
boltons,26.1.0,88,20260923,444,196,8401,6175,73.50315438638258
boltons,26.1.0,89,20260923,444,196,8401,5573,66.33734079276276
boltons,26.1.0,90,20260923,444,196,8401,5950,70.82490179740508
boltons,26.1.0,91,20260923,444,196,8401,5134,61.11177240804666
boltons,26.1.0,92,20260923,444,196,8401,5479,65.21842637781216
boltons,26.1.0,93,20260923,444,196,8401,5404,64.32567551481966
boltons,26.1.0,94,20260923,444,196,8401,6337,75.43149625044637
boltons,26.1.0,95,20260923,444,196,8401,5829,69.38459707177716
boltons,26.1.0,96,20260923,444,196,8401,4781,56.90989167956196
boltons,26.1.0,97,20260923,444,196,8401,4891,58.21925961195096
boltons,26.1.0,98,20260923,444,196,8401,5935,70.64635162480657
boltons,26.1.0,99,20260923,444,196,8401,5091,60.59992857993096
boltons,26.1.0,100,20260923,444,196,8401,5258,62.58778716819426
boltons,26.1.0,101,20260923,444,196,8401,5696,67.80145220807047
boltons,26.1.0,102,20260923,444,196,8401,5652,67.27770503511486
boltons,26.1.0,103,20260923,444,196,8401,5509,65.57552672300916
boltons,26.1.0,104,20260923,444,196,8401,5326,63.39721461730746
boltons,26.1.0,105,20260923,444,196,8401,6714,79.91905725508867
boltons,26.1.0,106,20260923,444,196,8401,5938,70.68206165932627
boltons,26.1.0,107,20260923,444,196,8401,5813,69.19414355433877
boltons,26.1.0,108,20260923,444,196,8401,6057,72.09855969527437
boltons,26.1.0,109,20260923,444,196,8401,5979,71.17009879776217
boltons,26.1.0,110,20260923,444,196,8401,5656,67.32531841447447
boltons,26.1.0,111,20260923,444,196,8401,6334,75.39578621592668
boltons,26.1.0,112,20260923,444,196,8401,5664,67.42054517319367
boltons,26.1.0,113,20260923,444,196,8401,5486,65.30174979169146
boltons,26.1.0,114,20260923,444,196,8401,5587,66.50398762052137
boltons,26.1.0,115,20260923,444,196,8401,6013,71.57481252231877
boltons,26.1.0,116,20260923,444,196,8401,5618,66.87299131055826
boltons,26.1.0,117,20260923,444,196,8401,5445,64.81371265325556
boltons,26.1.0,118,20260923,444,196,8401,5106,60.77847875252946
boltons,26.1.0,119,20260923,444,196,8401,4531,53.93405546958695
boltons,26.1.0,120,20260923,444,196,8401,5211,62.02832996071896
boltons,26.1.0,121,20260923,444,196,8401,5721,68.09903582906797
boltons,26.1.0,122,20260923,444,196,8401,5647,67.21818831091537
boltons,26.1.0,123,20260923,444,196,8401,5526,65.77788358528747
boltons,26.1.0,124,20260923,444,196,8401,5546,66.01595048208547
boltons,26.1.0,125,20260923,444,196,8401,5328,63.421021306987264
boltons,26.1.0,126,20260923,444,196,8401,5356,63.754314962504466
boltons,26.1.0,127,20260923,444,196,8401,5381,64.05189858350197
boltons,26.1.0,128,20260923,444,196,8401,5628,66.99202475895727
boltons,26.1.0,129,20260923,444,196,8401,5294,63.01630758243066
boltons,26.1.0,130,20260923,444,196,8401,5490,65.34936317105107
boltons,26.1.0,131,20260923,444,196,8401,5555,66.12308058564457
boltons,26.1.0,132,20260923,444,196,8401,5679,67.59909534579216
boltons,26.1.0,133,20260923,444,196,8401,5455,64.93274610165456
boltons,26.1.0,134,20260923,444,196,8401,5901,70.24163790024997
boltons,26.1.0,135,20260923,444,196,8401,5651,67.26580169027497
boltons,26.1.0,136,20260923,444,196,8401,4961,59.052493750743956
boltons,26.1.0,137,20260923,444,196,8401,6207,73.88406142125937
boltons,26.1.0,138,20260923,444,196,8401,5248,62.46875371979526
boltons,26.1.0,139,20260923,444,196,8401,5826,69.34888703725747
boltons,26.1.0,140,20260923,444,196,8401,5613,66.81347458635877
boltons,26.1.0,141,20260923,444,196,8401,5417,64.48041899773837
boltons,26.1.0,142,20260923,444,196,8401,6193,73.71741459350078
boltons,26.1.0,143,20260923,444,196,8401,4544,54.088798952505655
boltons,26.1.0,144,20260923,444,196,8401,5498,65.44458992977026
boltons,26.1.0,145,20260923,444,196,8401,5740,68.32519938102607
boltons,26.1.0,146,20260923,444,196,8401,5669,67.48006189739317
boltons,26.1.0,147,20260923,444,196,8401,6177,73.52696107606238
boltons,26.1.0,148,20260923,444,196,8401,5570,66.30163075824306
boltons,26.1.0,149,20260923,444,196,8401,5540,65.94453041304607
boltons,26.1.0,150,20260923,444,196,8401,5566,66.25401737888346
boltons,26.1.0,151,20260923,444,196,8401,5604,66.70634448279966
boltons,26.1.0,152,20260923,444,196,8401,5332,63.46863468634686
boltons,26.1.0,153,20260923,444,196,8401,5658,67.34912510415427
boltons,26.1.0,154,20260923,444,196,8401,6110,72.72943697178907
boltons,26.1.0,155,20260923,444,196,8401,5746,68.39661945006547
boltons,26.1.0,156,20260923,444,196,8401,5318,63.30198785858826
boltons,26.1.0,157,20260923,444,196,8401,5622,66.92060468991787
boltons,26.1.0,158,20260923,444,196,8401,5603,66.69444113795977
boltons,26.1.0,159,20260923,444,196,8401,5571,66.31353410308297
boltons,26.1.0,160,20260923,444,196,8401,5478,65.20652303297227
boltons,26.1.0,161,20260923,444,196,8401,5830,69.39650041661707
boltons,26.1.0,162,20260923,444,196,8401,5355,63.742411617664565
boltons,26.1.0,163,20260923,444,196,8401,5654,67.30151172479466
boltons,26.1.0,164,20260923,444,196,8401,5496,65.42078324009047
boltons,26.1.0,165,20260923,444,196,8401,5337,63.528151410546364
boltons,26.1.0,166,20260923,444,196,8401,5569,66.28972741340317
boltons,26.1.0,167,20260923,444,196,8401,5742,68.34900607070587
boltons,26.1.0,168,20260923,444,196,8401,5939,70.69396500416617
boltons,26.1.0,169,20260923,444,196,8401,5380,64.03999523866206
boltons,26.1.0,170,20260923,444,196,8401,5589,66.52779431020117
boltons,26.1.0,171,20260923,444,196,8401,5460,64.99226282585407
boltons,26.1.0,172,20260923,444,196,8401,5402,64.30186882513986
boltons,26.1.0,173,20260923,444,196,8401,5928,70.56302821092727
boltons,26.1.0,174,20260923,444,196,8401,5485,65.28984644685157
boltons,26.1.0,175,20260923,444,196,8401,5357,63.76621830734437
boltons,26.1.0,176,20260923,444,196,8401,5160,61.42125937388406
boltons,26.1.0,177,20260923,444,196,8401,6073,72.28901321271277
boltons,26.1.0,178,20260923,444,196,8401,5812,69.18224020949887
boltons,26.1.0,179,20260923,444,196,8401,5254,62.540173788834664
boltons,26.1.0,180,20260923,444,196,8401,5545,66.00404713724556
boltons,26.1.0,181,20260923,444,196,8401,4951,58.93346030234496
boltons,26.1.0,182,20260923,444,196,8401,5415,64.45661230805857
boltons,26.1.0,183,20260923,444,196,8401,5346,63.635281514105465
boltons,26.1.0,184,20260923,444,196,8401,5568,66.27782406856326
boltons,26.1.0,185,20260923,444,196,8401,5531,65.83740030948697
boltons,26.1.0,186,20260923,444,196,8401,5579,66.40876086180216
boltons,26.1.0,187,20260923,444,196,8401,5215,62.07594334007856
boltons,26.1.0,188,20260923,444,196,8401,5917,70.43209141768837
boltons,26.1.0,189,20260923,444,196,8401,6510,77.49077490774907
boltons,26.1.0,190,20260923,444,196,8401,5745,68.38471610522556
boltons,26.1.0,191,20260923,444,196,8401,4998,59.49291750982026
boltons,26.1.0,192,20260923,444,196,8401,6185,73.62218783478157
boltons,26.1.0,193,20260923,444,196,8401,5556,66.13498393048447
boltons,26.1.0,194,20260923,444,196,8401,5270,62.730627306273064
boltons,26.1.0,195,20260923,444,196,8401,5412,64.42090227353887
boltons,26.1.0,196,20260923,444,196,8401,5896,70.18212117605047
boltons,26.1.0,197,20260923,444,196,8401,5607,66.74205451731936
boltons,26.1.0,198,20260923,444,196,8401,5806,69.11082014045947
boltons,26.1.0,199,20260923,444,196,8401,5273,62.76633734079276
boltons,26.1.0,200,20260923,444,196,8401,5784,68.84894655398166
boltons,26.1.0,201,20260923,444,196,8401,6002,71.44387572907988
boltons,26.1.0,202,20260923,444,196,8401,6146,73.15795738602547
boltons,26.1.0,203,20260923,444,196,8401,5361,63.81383168670396
boltons,26.1.0,204,20260923,444,196,8401,5157,61.38554933936436
boltons,26.1.0,205,20260923,444,196,8401,5269,62.71872396143316
boltons,26.1.0,206,20260923,444,196,8401,5551,66.07546720628497
boltons,26.1.0,207,20260923,444,196,8401,5166,61.49267944292346
boltons,26.1.0,208,20260923,444,196,8401,5136,61.13557909772646
boltons,26.1.0,209,20260923,444,196,8401,5596,66.61111772408047
boltons,26.1.0,210,20260923,444,196,8401,6009,71.52719914295918
boltons,26.1.0,211,20260923,444,196,8401,5534,65.87311034400666
boltons,26.1.0,212,20260923,444,196,8401,5708,67.94429234614927
boltons,26.1.0,213,20260923,444,196,8401,4987,59.36198071658136
boltons,26.1.0,214,20260923,444,196,8401,5678,67.58719200095227
boltons,26.1.0,215,20260923,444,196,8401,6110,72.72943697178907
boltons,26.1.0,216,20260923,444,196,8401,5656,67.32531841447447
boltons,26.1.0,217,20260923,444,196,8401,5373,63.95667182478277
boltons,26.1.0,218,20260923,444,196,8401,6112,72.75324366146887
boltons,26.1.0,219,20260923,444,196,8401,5348,63.65908820378527
boltons,26.1.0,220,20260923,444,196,8401,5661,67.38483513867396
boltons,26.1.0,221,20260923,444,196,8401,5226,62.20688013331746
boltons,26.1.0,222,20260923,444,196,8401,5590,66.53969765504107
boltons,26.1.0,223,20260923,444,196,8401,5412,64.42090227353887
boltons,26.1.0,224,20260923,444,196,8401,5220,62.135460064278064
boltons,26.1.0,225,20260923,444,196,8401,5558,66.15879062016427
boltons,26.1.0,226,20260923,444,196,8401,5857,69.71789072729437
boltons,26.1.0,227,20260923,444,196,8401,5597,66.62302106892037
boltons,26.1.0,228,20260923,444,196,8401,5357,63.76621830734437
boltons,26.1.0,229,20260923,444,196,8401,5756,68.51565289846447
boltons,26.1.0,230,20260923,444,196,8401,5843,69.55124389953576
boltons,26.1.0,231,20260923,444,196,8401,5516,65.65885013688846
boltons,26.1.0,232,20260923,444,196,8401,5482,65.25413641233186
boltons,26.1.0,233,20260923,444,196,8401,5350,63.68289489346506
boltons,26.1.0,234,20260923,444,196,8401,5923,70.50351148672777
boltons,26.1.0,235,20260923,444,196,8401,5578,66.39685751696227
boltons,26.1.0,236,20260923,444,196,8401,5789,68.90846327818117
boltons,26.1.0,237,20260923,444,196,8401,5705,67.90858231162957
boltons,26.1.0,238,20260923,444,196,8401,5741,68.33710272586598
boltons,26.1.0,239,20260923,444,196,8401,5702,67.87287227710986
boltons,26.1.0,240,20260923,444,196,8401,5995,71.36055231520056
boltons,26.1.0,241,20260923,444,196,8401,5871,69.88453755505297
boltons,26.1.0,242,20260923,444,196,8401,5995,71.36055231520056
boltons,26.1.0,243,20260923,444,196,8401,4990,59.39769075110106
boltons,26.1.0,244,20260923,444,196,8401,5409,64.38519223901916
boltons,26.1.0,245,20260923,444,196,8401,5438,64.73038923937627
boltons,26.1.0,246,20260923,444,196,8401,5711,67.98000238066896
boltons,26.1.0,247,20260923,444,196,8401,5430,64.63516248065706
boltons,26.1.0,248,20260923,444,196,8401,5529,65.81359361980716
boltons,26.1.0,249,20260923,444,196,8401,5637,67.09915486251637
boltons,26.1.0,250,20260923,444,196,8401,5682,67.63480538031187
boltons,26.1.0,251,20260923,444,196,8401,6540,77.84787525294608
boltons,26.1.0,252,20260923,444,196,8401,6329,75.33626949172718
boltons,26.1.0,253,20260923,444,196,8401,6354,75.63385311272468
boltons,26.1.0,254,20260923,444,196,8401,5197,61.86168313296036
boltons,26.1.0,255,20260923,444,196,8401,4951,58.93346030234496
boltons,26.1.0,256,20260923,444,196,8401,6070,72.25330317819308
boltons,26.1.0,257,20260923,444,196,8401,5691,67.74193548387096
boltons,26.1.0,258,20260923,444,196,8401,5167,61.50458278776336
boltons,26.1.0,259,20260923,444,196,8401,5150,61.30222592548506
boltons,26.1.0,260,20260923,444,196,8401,5542,65.96833710272587
boltons,26.1.0,261,20260923,444,196,8401,5250,62.49256040947506
boltons,26.1.0,262,20260923,444,196,8401,4564,54.32686584930365
boltons,26.1.0,263,20260923,444,196,8401,6211,73.93167480061898
boltons,26.1.0,264,20260923,444,196,8401,6289,74.86013569813117
boltons,26.1.0,265,20260923,444,196,8401,5684,67.65861206999166
boltons,26.1.0,266,20260923,444,196,8401,5248,62.46875371979526
boltons,26.1.0,267,20260923,444,196,8401,5137,61.147482442566364
boltons,26.1.0,268,20260923,444,196,8401,5680,67.61099869063207
boltons,26.1.0,269,20260923,444,196,8401,5636,67.08725151767646
boltons,26.1.0,270,20260923,444,196,8401,5305,63.147244375669565
boltons,26.1.0,271,20260923,444,196,8401,5116,60.89751220092846
boltons,26.1.0,272,20260923,444,196,8401,5598,66.63492441376026
boltons,26.1.0,273,20260923,444,196,8401,5686,67.68241875967146
boltons,26.1.0,274,20260923,444,196,8401,5190,61.77835971908106
boltons,26.1.0,275,20260923,444,196,8401,5427,64.59945244613736
boltons,26.1.0,276,20260923,444,196,8401,5748,68.42042613974527
boltons,26.1.0,277,20260923,444,196,8401,5576,66.37305082728247
boltons,26.1.0,278,20260923,444,196,8401,5123,60.98083561480776
boltons,26.1.0,279,20260923,444,196,8401,5396,64.23044875610046
boltons,26.1.0,280,20260923,444,196,8401,5488,65.32555648137127
boltons,26.1.0,281,20260923,444,196,8401,5546,66.01595048208547
boltons,26.1.0,282,20260923,444,196,8401,5792,68.94417331270087
boltons,26.1.0,283,20260923,444,196,8401,5679,67.59909534579216
boltons,26.1.0,284,20260923,444,196,8401,5565,66.24211403404357
boltons,26.1.0,285,20260923,444,196,8401,5562,66.20640399952387
boltons,26.1.0,286,20260923,444,196,8401,6048,71.99142959171527
boltons,26.1.0,287,20260923,444,196,8401,5014,59.68337102725866
boltons,26.1.0,288,20260923,444,196,8401,5921,70.47970479704797
boltons,26.1.0,289,20260923,444,196,8401,5704,67.89667896678966
boltons,26.1.0,290,20260923,444,196,8401,5536,65.89691703368646
boltons,26.1.0,291,20260923,444,196,8401,6411,76.31234376859898
boltons,26.1.0,292,20260923,444,196,8401,5969,71.05106534936317
boltons,26.1.0,293,20260923,444,196,8401,5401,64.28996548029997
boltons,26.1.0,294,20260923,444,196,8401,5336,63.51624806570646
boltons,26.1.0,295,20260923,444,196,8401,5270,62.730627306273064
boltons,26.1.0,296,20260923,444,196,8401,5747,68.40852279490537
boltons,26.1.0,297,20260923,444,196,8401,6385,76.00285680276157
boltons,26.1.0,298,20260923,444,196,8401,5591,66.55160099988096
boltons,26.1.0,299,20260923,444,196,8401,5501,65.48029996428997
boltons,26.1.0,300,20260923,444,196,8401,5079,60.45708844185216
boltons,26.1.0,301,20260923,444,196,8401,5229,62.242590167837164
boltons,26.1.0,302,20260923,444,196,8401,5578,66.39685751696227
boltons,26.1.0,303,20260923,444,196,8401,5820,69.27746696821806
boltons,26.1.0,304,20260923,444,196,8401,5978,71.15819545292227
boltons,26.1.0,305,20260923,444,196,8401,5808,69.13462683013927
boltons,26.1.0,306,20260923,444,196,8401,5438,64.73038923937627
boltons,26.1.0,307,20260923,444,196,8401,5361,63.81383168670396
boltons,26.1.0,308,20260923,444,196,8401,6842,81.44268539459588
boltons,26.1.0,309,20260923,444,196,8401,5710,67.96809903582907
boltons,26.1.0,310,20260923,444,196,8401,5453,64.90893941197477
boltons,26.1.0,311,20260923,444,196,8401,5255,62.552077133674565
boltons,26.1.0,312,20260923,444,196,8401,5785,68.86084989882157
boltons,26.1.0,313,20260923,444,196,8401,5440,64.75419592905607
boltons,26.1.0,314,20260923,444,196,8401,5794,68.96798000238067
boltons,26.1.0,315,20260923,444,196,8401,5623,66.93250803475777
boltons,26.1.0,316,20260923,444,196,8401,5725,68.14664920842756
boltons,26.1.0,317,20260923,444,196,8401,5826,69.34888703725747
boltons,26.1.0,318,20260923,444,196,8401,5843,69.55124389953576
boltons,26.1.0,319,20260923,444,196,8401,5936,70.65825496964646
boltons,26.1.0,320,20260923,444,196,8401,5395,64.21854541126056
boltons,26.1.0,321,20260923,444,196,8401,5594,66.58731103440067
boltons,26.1.0,322,20260923,444,196,8401,5676,67.56338531127247
boltons,26.1.0,323,20260923,444,196,8401,5181,61.67122961552196
boltons,26.1.0,324,20260923,444,196,8401,5443,64.78990596357576
boltons,26.1.0,325,20260923,444,196,8401,5190,61.77835971908106
boltons,26.1.0,326,20260923,444,196,8401,5719,68.07522913938817
boltons,26.1.0,327,20260923,444,196,8401,6058,72.11046304011427
boltons,26.1.0,328,20260923,444,196,8401,5485,65.28984644685157
boltons,26.1.0,329,20260923,444,196,8401,6019,71.64623259135817
boltons,26.1.0,330,20260923,444,196,8401,5975,71.12248541840258
boltons,26.1.0,331,20260923,444,196,8401,5529,65.81359361980716
boltons,26.1.0,332,20260923,444,196,8401,6445,76.71705749315558
boltons,26.1.0,333,20260923,444,196,8401,6166,73.39602428282348
boltons,26.1.0,334,20260923,444,196,8401,5904,70.27734793476967
boltons,26.1.0,335,20260923,444,196,8401,6081,72.38423997143197
boltons,26.1.0,336,20260923,444,196,8401,5154,61.349839304844664
boltons,26.1.0,337,20260923,444,196,8401,5897,70.19402452089037
boltons,26.1.0,338,20260923,444,196,8401,5999,71.40816569456017
boltons,26.1.0,339,20260923,444,196,8401,6346,75.53862635400547
boltons,26.1.0,340,20260923,444,196,8401,5636,67.08725151767646
boltons,26.1.0,341,20260923,444,196,8401,6089,72.47946673015117
boltons,26.1.0,342,20260923,444,196,8401,6017,71.62242590167837
boltons,26.1.0,343,20260923,444,196,8401,5014,59.68337102725866
boltons,26.1.0,344,20260923,444,196,8401,6230,74.15783835257707
boltons,26.1.0,345,20260923,444,196,8401,6301,75.00297583620997
boltons,26.1.0,346,20260923,444,196,8401,5294,63.01630758243066
boltons,26.1.0,347,20260923,444,196,8401,5630,67.01583144863707
boltons,26.1.0,348,20260923,444,196,8401,6477,77.09796452803238
boltons,26.1.0,349,20260923,444,196,8401,5421,64.52803237709796
boltons,26.1.0,350,20260923,444,196,8401,5361,63.81383168670396
boltons,26.1.0,351,20260923,444,196,8401,5541,65.95643375788596
boltons,26.1.0,352,20260923,444,196,8401,5605,66.71824782763957
boltons,26.1.0,353,20260923,444,196,8401,5900,70.22973455541008
boltons,26.1.0,354,20260923,444,196,8401,5883,70.02737769313177
boltons,26.1.0,355,20260923,444,196,8401,6011,71.55100583263898
boltons,26.1.0,356,20260923,444,196,8401,4956,58.99297702654446
boltons,26.1.0,357,20260923,444,196,8401,5439,64.74229258421616
boltons,26.1.0,358,20260923,444,196,8401,5951,70.83680514224497
boltons,26.1.0,359,20260923,444,196,8401,5130,61.06415902868706
boltons,26.1.0,360,20260923,444,196,8401,5578,66.39685751696227
boltons,26.1.0,361,20260923,444,196,8401,5474,65.15890965361267
boltons,26.1.0,362,20260923,444,196,8401,5132,61.08796571836686
boltons,26.1.0,363,20260923,444,196,8401,5625,66.95631472443756
boltons,26.1.0,364,20260923,444,196,8401,5320,63.325794548268064
boltons,26.1.0,365,20260923,444,196,8401,5891,70.12260445185098
boltons,26.1.0,366,20260923,444,196,8401,4862,57.87406261159386
boltons,26.1.0,367,20260923,444,196,8401,5890,70.11070110701107
boltons,26.1.0,368,20260923,444,196,8401,5610,66.77776455183907
boltons,26.1.0,369,20260923,444,196,8401,5526,65.77788358528747
boltons,26.1.0,370,20260923,444,196,8401,5910,70.34876800380907
boltons,26.1.0,371,20260923,444,196,8401,5038,59.96905130341626
boltons,26.1.0,372,20260923,444,196,8401,5653,67.28960837995477
boltons,26.1.0,373,20260923,444,196,8401,5407,64.36138554933936
boltons,26.1.0,374,20260923,444,196,8401,5532,65.84930365432686
boltons,26.1.0,375,20260923,444,196,8401,5680,67.61099869063207
boltons,26.1.0,376,20260923,444,196,8401,5593,66.57540768956076
boltons,26.1.0,377,20260923,444,196,8401,5379,64.02809189382216
boltons,26.1.0,378,20260923,444,196,8401,5459,64.98035948101416
boltons,26.1.0,379,20260923,444,196,8401,5928,70.56302821092727
boltons,26.1.0,380,20260923,444,196,8401,5607,66.74205451731936
boltons,26.1.0,381,20260923,444,196,8401,5223,62.17117009879776
boltons,26.1.0,382,20260923,444,196,8401,5713,68.00380907034877
boltons,26.1.0,383,20260923,444,196,8401,5550,66.06356386144506
boltons,26.1.0,384,20260923,444,196,8401,6080,72.37233662659207
boltons,26.1.0,385,20260923,444,196,8401,5790,68.92036662302107
boltons,26.1.0,386,20260923,444,196,8401,5614,66.82537793119867
boltons,26.1.0,387,20260923,444,196,8401,5703,67.88477562194977
boltons,26.1.0,388,20260923,444,196,8401,5962,70.96774193548387
boltons,26.1.0,389,20260923,444,196,8401,5941,70.71777169384598
boltons,26.1.0,390,20260923,444,196,8401,5697,67.81335555291037
boltons,26.1.0,391,20260923,444,196,8401,5858,69.72979407213427
boltons,26.1.0,392,20260923,444,196,8401,6086,72.44375669563148
boltons,26.1.0,393,20260923,444,196,8401,5554,66.11117724080466
boltons,26.1.0,394,20260923,444,196,8401,5584,66.46827758600166
boltons,26.1.0,395,20260923,444,196,8401,5484,65.27794310201166
boltons,26.1.0,396,20260923,444,196,8401,5721,68.09903582906797
boltons,26.1.0,397,20260923,444,196,8401,5696,67.80145220807047
boltons,26.1.0,398,20260923,444,196,8401,5535,65.88501368884657
boltons,26.1.0,399,20260923,444,196,8401,6187,73.64599452446137
boltons,26.1.0,400,20260923,444,196,8401,5537,65.90882037852637
boltons,26.1.0,401,20260923,444,196,8401,5757,68.52755624330437
boltons,26.1.0,402,20260923,444,196,8401,5358,63.77812165218426
boltons,26.1.0,403,20260923,444,196,8401,5683,67.64670872515177
boltons,26.1.0,404,20260923,444,196,8401,5305,63.147244375669565
boltons,26.1.0,405,20260923,444,196,8401,5783,68.83704320914177
boltons,26.1.0,406,20260923,444,196,8401,6230,74.15783835257707
boltons,26.1.0,407,20260923,444,196,8401,5775,68.74181645042258
boltons,26.1.0,408,20260923,444,196,8401,5659,67.36102844899416
boltons,26.1.0,409,20260923,444,196,8401,5718,68.06332579454826
boltons,26.1.0,410,20260923,444,196,8401,5630,67.01583144863707
boltons,26.1.0,411,20260923,444,196,8401,6287,74.83632900845137
boltons,26.1.0,412,20260923,444,196,8401,6195,73.74122128318058
boltons,26.1.0,413,20260923,444,196,8401,5825,69.33698369241758
boltons,26.1.0,414,20260923,444,196,8401,5508,65.56362337816927
boltons,26.1.0,415,20260923,444,196,8401,5262,62.635400547553864
boltons,26.1.0,416,20260923,444,196,8401,5400,64.27806213546006
boltons,26.1.0,417,20260923,444,196,8401,5691,67.74193548387096
boltons,26.1.0,418,20260923,444,196,8401,5602,66.68253779311986
boltons,26.1.0,419,20260923,444,196,8401,5707,67.93238900130937
boltons,26.1.0,420,20260923,444,196,8401,5628,66.99202475895727
boltons,26.1.0,421,20260923,444,196,8401,5890,70.11070110701107
boltons,26.1.0,422,20260923,444,196,8401,5323,63.36150458278777
boltons,26.1.0,423,20260923,444,196,8401,5362,63.825735031543864
boltons,26.1.0,424,20260923,444,196,8401,5550,66.06356386144506
boltons,26.1.0,425,20260923,444,196,8401,6041,71.90810617783598
boltons,26.1.0,426,20260923,444,196,8401,5932,70.61064159028687
boltons,26.1.0,427,20260923,444,196,8401,5945,70.76538507320556
boltons,26.1.0,428,20260923,444,196,8401,5737,68.28948934650637
boltons,26.1.0,429,20260923,444,196,8401,4963,59.07630044042376
boltons,26.1.0,430,20260923,444,196,8401,5020,59.75479109629806
boltons,26.1.0,431,20260923,444,196,8401,6138,73.06273062730628
boltons,26.1.0,432,20260923,444,196,8401,5411,64.40899892869896
boltons,26.1.0,433,20260923,444,196,8401,5438,64.73038923937627
boltons,26.1.0,434,20260923,444,196,8401,5166,61.49267944292346
boltons,26.1.0,435,20260923,444,196,8401,5368,63.89715510058326
boltons,26.1.0,436,20260923,444,196,8401,6509,77.47887156290918
boltons,26.1.0,437,20260923,444,196,8401,5939,70.69396500416617
boltons,26.1.0,438,20260923,444,196,8401,5713,68.00380907034877
boltons,26.1.0,439,20260923,444,196,8401,5770,68.68229972622306
boltons,26.1.0,440,20260923,444,196,8401,5961,70.95583859064396
boltons,26.1.0,441,20260923,444,196,8401,5249,62.48065706463516
boltons,26.1.0,442,20260923,444,196,8401,5826,69.34888703725747
boltons,26.1.0,443,20260923,444,196,8401,5648,67.23009165575527
boltons,26.1.0,444,20260923,444,196,8401,5972,71.08677538388287
boltons,26.1.0,445,20260923,444,196,8401,4856,57.80264254255446
boltons,26.1.0,446,20260923,444,196,8401,5873,69.90834424473277
boltons,26.1.0,447,20260923,444,196,8401,5511,65.59933341268896
boltons,26.1.0,448,20260923,444,196,8401,5395,64.21854541126056
boltons,26.1.0,449,20260923,444,196,8401,5893,70.14641114153078
boltons,26.1.0,450,20260923,444,196,8401,5560,66.18259730984407
boltons,26.1.0,451,20260923,444,196,8401,5427,64.59945244613736
boltons,26.1.0,452,20260923,444,196,8401,5421,64.52803237709796
boltons,26.1.0,453,20260923,444,196,8401,5292,62.99250089275086
boltons,26.1.0,454,20260923,444,196,8401,5565,66.24211403404357
boltons,26.1.0,455,20260923,444,196,8401,5283,62.88537078919176
boltons,26.1.0,456,20260923,444,196,8401,5453,64.90893941197477
boltons,26.1.0,457,20260923,444,196,8401,5094,60.63563861445066
boltons,26.1.0,458,20260923,444,196,8401,6314,75.15771931912867
boltons,26.1.0,459,20260923,444,196,8401,5666,67.44435186287346
boltons,26.1.0,460,20260923,444,196,8401,5676,67.56338531127247
boltons,26.1.0,461,20260923,444,196,8401,5997,71.38435900488037
boltons,26.1.0,462,20260923,444,196,8401,5823,69.31317700273777
boltons,26.1.0,463,20260923,444,196,8401,6451,76.78847756219497
boltons,26.1.0,464,20260923,444,196,8401,5409,64.38519223901916
boltons,26.1.0,465,20260923,444,196,8401,5379,64.02809189382216
boltons,26.1.0,466,20260923,444,196,8401,5629,67.00392810379716
boltons,26.1.0,467,20260923,444,196,8401,4759,56.648018093084154
boltons,26.1.0,468,20260923,444,196,8401,5491,65.36126651589096
boltons,26.1.0,469,20260923,444,196,8401,5943,70.74157838352578
boltons,26.1.0,470,20260923,444,196,8401,5487,65.31365313653137
boltons,26.1.0,471,20260923,444,196,8401,5656,67.32531841447447
boltons,26.1.0,472,20260923,444,196,8401,5905,70.28925127960957
boltons,26.1.0,473,20260923,444,196,8401,5009,59.62385430305916
boltons,26.1.0,474,20260923,444,196,8401,5430,64.63516248065706
boltons,26.1.0,475,20260923,444,196,8401,5759,68.55136293298416
boltons,26.1.0,476,20260923,444,196,8401,5231,62.26639685751696
boltons,26.1.0,477,20260923,444,196,8401,5618,66.87299131055826
boltons,26.1.0,478,20260923,444,196,8401,5187,61.742649684561364
boltons,26.1.0,479,20260923,444,196,8401,5911,70.36067134864896
boltons,26.1.0,480,20260923,444,196,8401,5636,67.08725151767646
boltons,26.1.0,481,20260923,444,196,8401,5262,62.635400547553864
boltons,26.1.0,482,20260923,444,196,8401,5423,64.55183906677776
boltons,26.1.0,483,20260923,444,196,8401,5119,60.93322223544816
boltons,26.1.0,484,20260923,444,196,8401,5923,70.50351148672777
boltons,26.1.0,485,20260923,444,196,8401,5491,65.36126651589096
boltons,26.1.0,486,20260923,444,196,8401,5611,66.78966789667896
boltons,26.1.0,487,20260923,444,196,8401,5233,62.29020354719676
boltons,26.1.0,488,20260923,444,196,8401,5395,64.21854541126056
boltons,26.1.0,489,20260923,444,196,8401,5000,59.51672419950006
boltons,26.1.0,490,20260923,444,196,8401,5795,68.97988334722056
boltons,26.1.0,491,20260923,444,196,8401,6139,73.07463397214617
boltons,26.1.0,492,20260923,444,196,8401,5374,63.96857516962267
boltons,26.1.0,493,20260923,444,196,8401,5629,67.00392810379716
boltons,26.1.0,494,20260923,444,196,8401,5415,64.45661230805857
boltons,26.1.0,495,20260923,444,196,8401,6067,72.21759314367337
boltons,26.1.0,496,20260923,444,196,8401,5322,63.349601237947866
boltons,26.1.0,497,20260923,444,196,8401,5350,63.68289489346506
boltons,26.1.0,498,20260923,444,196,8401,5715,68.02761576002857
boltons,26.1.0,499,20260923,444,196,8401,6070,72.25330317819308
boltons,26.1.0,500,20260923,444,196,8401,5698,67.82525889775027
boltons,26.1.0,501,20260923,444,196,8401,5953,70.86061183192477
boltons,26.1.0,502,20260923,444,196,8401,4730,56.30282109272706
boltons,26.1.0,503,20260923,444,196,8401,5955,70.88441852160457
boltons,26.1.0,504,20260923,444,196,8401,5438,64.73038923937627
boltons,26.1.0,505,20260923,444,196,8401,6196,73.75312462802047
boltons,26.1.0,506,20260923,444,196,8401,6575,78.26449232234258
boltons,26.1.0,507,20260923,444,196,8401,5638,67.11105820735627
boltons,26.1.0,508,20260923,444,196,8401,5107,60.79038209736936
boltons,26.1.0,509,20260923,444,196,8401,5893,70.14641114153078
boltons,26.1.0,510,20260923,444,196,8401,6087,72.45566004047137
boltons,26.1.0,511,20260923,444,196,8401,5801,69.05130341625997
boltons,26.1.0,512,20260923,444,196,8401,5323,63.36150458278777
boltons,26.1.0,513,20260923,444,196,8401,5266,62.68301392691346
boltons,26.1.0,514,20260923,444,196,8401,5551,66.07546720628497
boltons,26.1.0,515,20260923,444,196,8401,5157,61.38554933936436
boltons,26.1.0,516,20260923,444,196,8401,5613,66.81347458635877
boltons,26.1.0,517,20260923,444,196,8401,5471,65.12319961909297
boltons,26.1.0,518,20260923,444,196,8401,5272,62.754433995952866
boltons,26.1.0,519,20260923,444,196,8401,5449,64.86132603261517
boltons,26.1.0,520,20260923,444,196,8401,5292,62.99250089275086
boltons,26.1.0,521,20260923,444,196,8401,5042,60.01666468277586
boltons,26.1.0,522,20260923,444,196,8401,5104,60.75467206284966
boltons,26.1.0,523,20260923,444,196,8401,5470,65.11129627425306
boltons,26.1.0,524,20260923,444,196,8401,5528,65.80169027496727
boltons,26.1.0,525,20260923,444,196,8401,5684,67.65861206999166
boltons,26.1.0,526,20260923,444,196,8401,5844,69.56314724437567
boltons,26.1.0,527,20260923,444,196,8401,5659,67.36102844899416
boltons,26.1.0,528,20260923,444,196,8401,5723,68.12284251874777
boltons,26.1.0,529,20260923,444,196,8401,5141,61.19509582192596
boltons,26.1.0,530,20260923,444,196,8401,5471,65.12319961909297
boltons,26.1.0,531,20260923,444,196,8401,6260,74.51493869777407
boltons,26.1.0,532,20260923,444,196,8401,5844,69.56314724437567
boltons,26.1.0,533,20260923,444,196,8401,5903,70.26544458992977
boltons,26.1.0,534,20260923,444,196,8401,5220,62.135460064278064
boltons,26.1.0,535,20260923,444,196,8401,5997,71.38435900488037
boltons,26.1.0,536,20260923,444,196,8401,5502,65.49220330912986
boltons,26.1.0,537,20260923,444,196,8401,6060,72.13426972979407
boltons,26.1.0,538,20260923,444,196,8401,4852,57.755029163194855
boltons,26.1.0,539,20260923,444,196,8401,5938,70.68206165932627
boltons,26.1.0,540,20260923,444,196,8401,5829,69.38459707177716
boltons,26.1.0,541,20260923,444,196,8401,5489,65.33745982621116
boltons,26.1.0,542,20260923,444,196,8401,5618,66.87299131055826
boltons,26.1.0,543,20260923,444,196,8401,6248,74.37209855969527
boltons,26.1.0,544,20260923,444,196,8401,6078,72.34852993691227
boltons,26.1.0,545,20260923,444,196,8401,5692,67.75383882871087
boltons,26.1.0,546,20260923,444,196,8401,6501,77.38364480418998
boltons,26.1.0,547,20260923,444,196,8401,5593,66.57540768956076
boltons,26.1.0,548,20260923,444,196,8401,5730,68.20616593262707
boltons,26.1.0,549,20260923,444,196,8401,4836,57.564575645756456
boltons,26.1.0,550,20260923,444,196,8401,5675,67.55148196643256
boltons,26.1.0,551,20260923,444,196,8401,6053,72.05094631591477
boltons,26.1.0,552,20260923,444,196,8401,5673,67.52767527675277
boltons,26.1.0,553,20260923,444,196,8401,5022,59.77859778597786
boltons,26.1.0,554,20260923,444,196,8401,5156,61.37364599452446
boltons,26.1.0,555,20260923,444,196,8401,5975,71.12248541840258
boltons,26.1.0,556,20260923,444,196,8401,6386,76.01476014760148
boltons,26.1.0,557,20260923,444,196,8401,5767,68.64658969170337
boltons,26.1.0,558,20260923,444,196,8401,5584,66.46827758600166
boltons,26.1.0,559,20260923,444,196,8401,5636,67.08725151767646
boltons,26.1.0,560,20260923,444,196,8401,5979,71.17009879776217
boltons,26.1.0,561,20260923,444,196,8401,5520,65.70646351624806
boltons,26.1.0,562,20260923,444,196,8401,5390,64.15902868706107
boltons,26.1.0,563,20260923,444,196,8401,5953,70.86061183192477
boltons,26.1.0,564,20260923,444,196,8401,5228,62.230686822997264
boltons,26.1.0,565,20260923,444,196,8401,6320,75.22913938816808
boltons,26.1.0,566,20260923,444,196,8401,4816,57.32650874895846
boltons,26.1.0,567,20260923,444,196,8401,5403,64.31377216997977
boltons,26.1.0,568,20260923,444,196,8401,5314,63.254374479228666
boltons,26.1.0,569,20260923,444,196,8401,5107,60.79038209736936
boltons,26.1.0,570,20260923,444,196,8401,5832,69.42030710629687
boltons,26.1.0,571,20260923,444,196,8401,5008,59.61195095821926
boltons,26.1.0,572,20260923,444,196,8401,5731,68.21806927746697
boltons,26.1.0,573,20260923,444,196,8401,5983,71.21771217712177
boltons,26.1.0,574,20260923,444,196,8401,5938,70.68206165932627
boltons,26.1.0,575,20260923,444,196,8401,5775,68.74181645042258
boltons,26.1.0,576,20260923,444,196,8401,5513,65.62314010236877
boltons,26.1.0,577,20260923,444,196,8401,5962,70.96774193548387
boltons,26.1.0,578,20260923,444,196,8401,5278,62.825854064992264
boltons,26.1.0,579,20260923,444,196,8401,5387,64.12331865254136
boltons,26.1.0,580,20260923,444,196,8401,5371,63.932865135102965
boltons,26.1.0,581,20260923,444,196,8401,4999,59.50482085466016
boltons,26.1.0,582,20260923,444,196,8401,5670,67.49196524223306
boltons,26.1.0,583,20260923,444,196,8401,5729,68.19426258778716
boltons,26.1.0,584,20260923,444,196,8401,5727,68.17045589810736
boltons,26.1.0,585,20260923,444,196,8401,5303,63.123437685989764
boltons,26.1.0,586,20260923,444,196,8401,5542,65.96833710272587
boltons,26.1.0,587,20260923,444,196,8401,5172,61.56409951196286
boltons,26.1.0,588,20260923,444,196,8401,5560,66.18259730984407
boltons,26.1.0,589,20260923,444,196,8401,5527,65.78978693012736
boltons,26.1.0,590,20260923,444,196,8401,5510,65.58743006784907
boltons,26.1.0,591,20260923,444,196,8401,5142,61.20699916676586
boltons,26.1.0,592,20260923,444,196,8401,4795,57.07653850732056
boltons,26.1.0,593,20260923,444,196,8401,5997,71.38435900488037
boltons,26.1.0,594,20260923,444,196,8401,5541,65.95643375788596
boltons,26.1.0,595,20260923,444,196,8401,5745,68.38471610522556
boltons,26.1.0,596,20260923,444,196,8401,5664,67.42054517319367
boltons,26.1.0,597,20260923,444,196,8401,5618,66.87299131055826
boltons,26.1.0,598,20260923,444,196,8401,5413,64.43280561837877
boltons,26.1.0,599,20260923,444,196,8401,5366,63.87334841090346
boltons,26.1.0,600,20260923,444,196,8401,5990,71.30103559100107
boltons,26.1.0,601,20260923,444,196,8401,4768,56.755148196643255
boltons,26.1.0,602,20260923,444,196,8401,4974,59.20723723366266
boltons,26.1.0,603,20260923,444,196,8401,5852,69.65837400309486
boltons,26.1.0,604,20260923,444,196,8401,5391,64.17093203190096
boltons,26.1.0,605,20260923,444,196,8401,5385,64.09951196286157
boltons,26.1.0,606,20260923,444,196,8401,5385,64.09951196286157
boltons,26.1.0,607,20260923,444,196,8401,5131,61.07606237352696
boltons,26.1.0,608,20260923,444,196,8401,4967,59.12391381978336
boltons,26.1.0,609,20260923,444,196,8401,6252,74.41971193905488
boltons,26.1.0,610,20260923,444,196,8401,5313,63.242471134388765
boltons,26.1.0,611,20260923,444,196,8401,5597,66.62302106892037
boltons,26.1.0,612,20260923,444,196,8401,5354,63.730508272824665
boltons,26.1.0,613,20260923,444,196,8401,5641,67.14676824187596
boltons,26.1.0,614,20260923,444,196,8401,5503,65.50410665396977
boltons,26.1.0,615,20260923,444,196,8401,6094,72.53898345435067
boltons,26.1.0,616,20260923,444,196,8401,4981,59.29056064754196
boltons,26.1.0,617,20260923,444,196,8401,5888,70.08689441733127
boltons,26.1.0,618,20260923,444,196,8401,5900,70.22973455541008
boltons,26.1.0,619,20260923,444,196,8401,5651,67.26580169027497
boltons,26.1.0,620,20260923,444,196,8401,5873,69.90834424473277
boltons,26.1.0,621,20260923,444,196,8401,4937,58.76681347458636
boltons,26.1.0,622,20260923,444,196,8401,5594,66.58731103440067
boltons,26.1.0,623,20260923,444,196,8401,5380,64.03999523866206
boltons,26.1.0,624,20260923,444,196,8401,5243,62.40923699559576
boltons,26.1.0,625,20260923,444,196,8401,5553,66.09927389596477
boltons,26.1.0,626,20260923,444,196,8401,6495,77.31222473515058
boltons,26.1.0,627,20260923,444,196,8401,5450,64.87322937745506
boltons,26.1.0,628,20260923,444,196,8401,5994,71.34864897036067
boltons,26.1.0,629,20260923,444,196,8401,5417,64.48041899773837
boltons,26.1.0,630,20260923,444,196,8401,5504,65.51600999880966
boltons,26.1.0,631,20260923,444,196,8401,5370,63.920961790263064
boltons,26.1.0,632,20260923,444,196,8401,5433,64.67087251517677
boltons,26.1.0,633,20260923,444,196,8401,5384,64.08760861802166
boltons,26.1.0,634,20260923,444,196,8401,5227,62.21878347815736
boltons,26.1.0,635,20260923,444,196,8401,5627,66.98012141411736
boltons,26.1.0,636,20260923,444,196,8401,5647,67.21818831091537
boltons,26.1.0,637,20260923,444,196,8401,5588,66.51589096536127
boltons,26.1.0,638,20260923,444,196,8401,6107,72.69372693726937
boltons,26.1.0,639,20260923,444,196,8401,5312,63.230567789548864
boltons,26.1.0,640,20260923,444,196,8401,5508,65.56362337816927
boltons,26.1.0,641,20260923,444,196,8401,5281,62.861564099511966
boltons,26.1.0,642,20260923,444,196,8401,5357,63.76621830734437
boltons,26.1.0,643,20260923,444,196,8401,4960,59.04059040590406
boltons,26.1.0,644,20260923,444,196,8401,5549,66.05166051660517
boltons,26.1.0,645,20260923,444,196,8401,5674,67.53957862159267
boltons,26.1.0,646,20260923,444,196,8401,5309,63.19485775502916
boltons,26.1.0,647,20260923,444,196,8401,5025,59.81430782049756
boltons,26.1.0,648,20260923,444,196,8401,5680,67.61099869063207
boltons,26.1.0,649,20260923,444,196,8401,5630,67.01583144863707
boltons,26.1.0,650,20260923,444,196,8401,5128,61.04035233900726
boltons,26.1.0,651,20260923,444,196,8401,5407,64.36138554933936
boltons,26.1.0,652,20260923,444,196,8401,5557,66.14688727532436
boltons,26.1.0,653,20260923,444,196,8401,5331,63.456731341506966
boltons,26.1.0,654,20260923,444,196,8401,5521,65.71836686108797
boltons,26.1.0,655,20260923,444,196,8401,5248,62.46875371979526
boltons,26.1.0,656,20260923,444,196,8401,5527,65.78978693012736
boltons,26.1.0,657,20260923,444,196,8401,5174,61.58790620164266
boltons,26.1.0,658,20260923,444,196,8401,4898,58.30258302583026
boltons,26.1.0,659,20260923,444,196,8401,5871,69.88453755505297
boltons,26.1.0,660,20260923,444,196,8401,5597,66.62302106892037
boltons,26.1.0,661,20260923,444,196,8401,5269,62.71872396143316
boltons,26.1.0,662,20260923,444,196,8401,5701,67.86096893226997
boltons,26.1.0,663,20260923,444,196,8401,5760,68.56326627782407
boltons,26.1.0,664,20260923,444,196,8401,5664,67.42054517319367
boltons,26.1.0,665,20260923,444,196,8401,5294,63.01630758243066
boltons,26.1.0,666,20260923,444,196,8401,5170,61.540292822283064
boltons,26.1.0,667,20260923,444,196,8401,5756,68.51565289846447
boltons,26.1.0,668,20260923,444,196,8401,5734,68.25377931198666
boltons,26.1.0,669,20260923,444,196,8401,5972,71.08677538388287
boltons,26.1.0,670,20260923,444,196,8401,5779,68.78942982978216
boltons,26.1.0,671,20260923,444,196,8401,5594,66.58731103440067
boltons,26.1.0,672,20260923,444,196,8401,5418,64.49232234257826
boltons,26.1.0,673,20260923,444,196,8401,6458,76.87180097607428
boltons,26.1.0,674,20260923,444,196,8401,5098,60.68325199381026
boltons,26.1.0,675,20260923,444,196,8401,5635,67.07534817283657
boltons,26.1.0,676,20260923,444,196,8401,6264,74.56255207713367
boltons,26.1.0,677,20260923,444,196,8401,5557,66.14688727532436
boltons,26.1.0,678,20260923,444,196,8401,5500,65.46839661945006
boltons,26.1.0,679,20260923,444,196,8401,5471,65.12319961909297
boltons,26.1.0,680,20260923,444,196,8401,5585,66.48018093084157
boltons,26.1.0,681,20260923,444,196,8401,5474,65.15890965361267
boltons,26.1.0,682,20260923,444,196,8401,5740,68.32519938102607
boltons,26.1.0,683,20260923,444,196,8401,4807,57.21937864539936
boltons,26.1.0,684,20260923,444,196,8401,6109,72.71753362694918
boltons,26.1.0,685,20260923,444,196,8401,5420,64.51612903225806
boltons,26.1.0,686,20260923,444,196,8401,6345,75.52672300916558
boltons,26.1.0,687,20260923,444,196,8401,5824,69.32508034757767
boltons,26.1.0,688,20260923,444,196,8401,5676,67.56338531127247
boltons,26.1.0,689,20260923,444,196,8401,5938,70.68206165932627
boltons,26.1.0,690,20260923,444,196,8401,5151,61.31412927032496
boltons,26.1.0,691,20260923,444,196,8401,5357,63.76621830734437
boltons,26.1.0,692,20260923,444,196,8401,5907,70.31305796928937
boltons,26.1.0,693,20260923,444,196,8401,5308,63.18295441018926
boltons,26.1.0,694,20260923,444,196,8401,5484,65.27794310201166
boltons,26.1.0,695,20260923,444,196,8401,5734,68.25377931198666
boltons,26.1.0,696,20260923,444,196,8401,5858,69.72979407213427
boltons,26.1.0,697,20260923,444,196,8401,5410,64.39709558385907
boltons,26.1.0,698,20260923,444,196,8401,5296,63.040114272110465
boltons,26.1.0,699,20260923,444,196,8401,6327,75.31246280204738
boltons,26.1.0,700,20260923,444,196,8401,5578,66.39685751696227
boltons,26.1.0,701,20260923,444,196,8401,6267,74.59826211165337
boltons,26.1.0,702,20260923,444,196,8401,5689,67.71812879419117
boltons,26.1.0,703,20260923,444,196,8401,5505,65.52791334364956
boltons,26.1.0,704,20260923,444,196,8401,4756,56.61230805856446
boltons,26.1.0,705,20260923,444,196,8401,5293,63.00440423759076
boltons,26.1.0,706,20260923,444,196,8401,6290,74.87203904297108
boltons,26.1.0,707,20260923,444,196,8401,5483,65.26603975717177
boltons,26.1.0,708,20260923,444,196,8401,5765,68.62278300202357
boltons,26.1.0,709,20260923,444,196,8401,5892,70.13450779669087
boltons,26.1.0,710,20260923,444,196,8401,4918,58.54064992262826
boltons,26.1.0,711,20260923,444,196,8401,6018,71.63432924651828
boltons,26.1.0,712,20260923,444,196,8401,5098,60.68325199381026
boltons,26.1.0,713,20260923,444,196,8401,6582,78.34781573622188
boltons,26.1.0,714,20260923,444,196,8401,5706,67.92048565646947
boltons,26.1.0,715,20260923,444,196,8401,5921,70.47970479704797
boltons,26.1.0,716,20260923,444,196,8401,5723,68.12284251874777
boltons,26.1.0,717,20260923,444,196,8401,6093,72.52708010951078
boltons,26.1.0,718,20260923,444,196,8401,5491,65.36126651589096
boltons,26.1.0,719,20260923,444,196,8401,5813,69.19414355433877
boltons,26.1.0,720,20260923,444,196,8401,6158,73.30079752410427
boltons,26.1.0,721,20260923,444,196,8401,6150,73.20557076538508
boltons,26.1.0,722,20260923,444,196,8401,5434,64.68277586001666
boltons,26.1.0,723,20260923,444,196,8401,5507,65.55172003332936
boltons,26.1.0,724,20260923,444,196,8401,5634,67.06344482799666
boltons,26.1.0,725,20260923,444,196,8401,5792,68.94417331270087
boltons,26.1.0,726,20260923,444,196,8401,5388,64.13522199738127
boltons,26.1.0,727,20260923,444,196,8401,5383,64.07570527318177
boltons,26.1.0,728,20260923,444,196,8401,5818,69.25366027853826
boltons,26.1.0,729,20260923,444,196,8401,5809,69.14653017497916
boltons,26.1.0,730,20260923,444,196,8401,5075,60.40947506249256
boltons,26.1.0,731,20260923,444,196,8401,5918,70.44399476252828
boltons,26.1.0,732,20260923,444,196,8401,5998,71.39626234972027
boltons,26.1.0,733,20260923,444,196,8401,5998,71.39626234972027
boltons,26.1.0,734,20260923,444,196,8401,5193,61.81406975360076
boltons,26.1.0,735,20260923,444,196,8401,5719,68.07522913938817
boltons,26.1.0,736,20260923,444,196,8401,4941,58.81442685394596
boltons,26.1.0,737,20260923,444,196,8401,5259,62.59969051303416
boltons,26.1.0,738,20260923,444,196,8401,6330,75.34817283656707
boltons,26.1.0,739,20260923,444,196,8401,5887,70.07499107249137
boltons,26.1.0,740,20260923,444,196,8401,5651,67.26580169027497
boltons,26.1.0,741,20260923,444,196,8401,6153,73.24128079990477
boltons,26.1.0,742,20260923,444,196,8401,5437,64.71848589453637
boltons,26.1.0,743,20260923,444,196,8401,5721,68.09903582906797
boltons,26.1.0,744,20260923,444,196,8401,5299,63.07582430663016
boltons,26.1.0,745,20260923,444,196,8401,5756,68.51565289846447
boltons,26.1.0,746,20260923,444,196,8401,5583,66.45637424116177
boltons,26.1.0,747,20260923,444,196,8401,5449,64.86132603261517
boltons,26.1.0,748,20260923,444,196,8401,5350,63.68289489346506
boltons,26.1.0,749,20260923,444,196,8401,5556,66.13498393048447
boltons,26.1.0,750,20260923,444,196,8401,5430,64.63516248065706
boltons,26.1.0,751,20260923,444,196,8401,5722,68.11093917390787
boltons,26.1.0,752,20260923,444,196,8401,6212,73.94357814545887
boltons,26.1.0,753,20260923,444,196,8401,5553,66.09927389596477
boltons,26.1.0,754,20260923,444,196,8401,5782,68.82513986430187
boltons,26.1.0,755,20260923,444,196,8401,5623,66.93250803475777
boltons,26.1.0,756,20260923,444,196,8401,5996,71.37245566004047
boltons,26.1.0,757,20260923,444,196,8401,5478,65.20652303297227
boltons,26.1.0,758,20260923,444,196,8401,5962,70.96774193548387
boltons,26.1.0,759,20260923,444,196,8401,5851,69.64647065825497
boltons,26.1.0,760,20260923,444,196,8401,5156,61.37364599452446
boltons,26.1.0,761,20260923,444,196,8401,6312,75.13391262944887
boltons,26.1.0,762,20260923,444,196,8401,5813,69.19414355433877
boltons,26.1.0,763,20260923,444,196,8401,6156,73.27699083442447
boltons,26.1.0,764,20260923,444,196,8401,5003,59.552434234019756
boltons,26.1.0,765,20260923,444,196,8401,5602,66.68253779311986
boltons,26.1.0,766,20260923,444,196,8401,5229,62.242590167837164
boltons,26.1.0,767,20260923,444,196,8401,5800,69.03940007142008
boltons,26.1.0,768,20260923,444,196,8401,5565,66.24211403404357
boltons,26.1.0,769,20260923,444,196,8401,5836,69.46792048565646
boltons,26.1.0,770,20260923,444,196,8401,5088,60.56421854541126
boltons,26.1.0,771,20260923,444,196,8401,5966,71.01535531484348
boltons,26.1.0,772,20260923,444,196,8401,5185,61.71884299488156
boltons,26.1.0,773,20260923,444,196,8401,4640,55.23152005713605
boltons,26.1.0,774,20260923,444,196,8401,5375,63.98047851446256
boltons,26.1.0,775,20260923,444,196,8401,6034,71.82478276395668
boltons,26.1.0,776,20260923,444,196,8401,5567,66.26592072372337
boltons,26.1.0,777,20260923,444,196,8401,4591,54.64825615998095
boltons,26.1.0,778,20260923,444,196,8401,5636,67.08725151767646
boltons,26.1.0,779,20260923,444,196,8401,5474,65.15890965361267
boltons,26.1.0,780,20260923,444,196,8401,5692,67.75383882871087
boltons,26.1.0,781,20260923,444,196,8401,5363,63.837638376383765
boltons,26.1.0,782,20260923,444,196,8401,4571,54.41018926318296
boltons,26.1.0,783,20260923,444,196,8401,5293,63.00440423759076
boltons,26.1.0,784,20260923,444,196,8401,5033,59.90953457921676
boltons,26.1.0,785,20260923,444,196,8401,6234,74.20545173193668
boltons,26.1.0,786,20260923,444,196,8401,5794,68.96798000238067
boltons,26.1.0,787,20260923,444,196,8401,5910,70.34876800380907
boltons,26.1.0,788,20260923,444,196,8401,5586,66.49208427568146
boltons,26.1.0,789,20260923,444,196,8401,5744,68.37281276038567
boltons,26.1.0,790,20260923,444,196,8401,6069,72.24139983335317
boltons,26.1.0,791,20260923,444,196,8401,5493,65.38507320557076
boltons,26.1.0,792,20260923,444,196,8401,5895,70.17021783121056
boltons,26.1.0,793,20260923,444,196,8401,5920,70.46780145220806
boltons,26.1.0,794,20260923,444,196,8401,6343,75.50291631948578
boltons,26.1.0,795,20260923,444,196,8401,5301,63.09963099630996
boltons,26.1.0,796,20260923,444,196,8401,6045,71.95571955719558
boltons,26.1.0,797,20260923,444,196,8401,5686,67.68241875967146
boltons,26.1.0,798,20260923,444,196,8401,5208,61.99261992619926
boltons,26.1.0,799,20260923,444,196,8401,5006,59.58814426853946
boltons,26.1.0,800,20260923,444,196,8401,5774,68.72991310558267
boltons,26.1.0,801,20260923,444,196,8401,5511,65.59933341268896
boltons,26.1.0,802,20260923,444,196,8401,5820,69.27746696821806
boltons,26.1.0,803,20260923,444,196,8401,5295,63.028210927270564
boltons,26.1.0,804,20260923,444,196,8401,5870,69.87263421021306
boltons,26.1.0,805,20260923,444,196,8401,6101,72.62230686822997
boltons,26.1.0,806,20260923,444,196,8401,5295,63.028210927270564
boltons,26.1.0,807,20260923,444,196,8401,5094,60.63563861445066
boltons,26.1.0,808,20260923,444,196,8401,5767,68.64658969170337
boltons,26.1.0,809,20260923,444,196,8401,5667,67.45625520771337
boltons,26.1.0,810,20260923,444,196,8401,6437,76.62183073443637
boltons,26.1.0,811,20260923,444,196,8401,6051,72.02713962623497
boltons,26.1.0,812,20260923,444,196,8401,5566,66.25401737888346
boltons,26.1.0,813,20260923,444,196,8401,5864,69.80121414117367
boltons,26.1.0,814,20260923,444,196,8401,5562,66.20640399952387
boltons,26.1.0,815,20260923,444,196,8401,5176,61.61171289132246
boltons,26.1.0,816,20260923,444,196,8401,5313,63.242471134388765
boltons,26.1.0,817,20260923,444,196,8401,5557,66.14688727532436
boltons,26.1.0,818,20260923,444,196,8401,5377,64.00428520414236
boltons,26.1.0,819,20260923,444,196,8401,4892,58.23116295679086
boltons,26.1.0,820,20260923,444,196,8401,5941,70.71777169384598
boltons,26.1.0,821,20260923,444,196,8401,5298,63.06392096179027
boltons,26.1.0,822,20260923,444,196,8401,5602,66.68253779311986
boltons,26.1.0,823,20260923,444,196,8401,5847,69.59885727889537
boltons,26.1.0,824,20260923,444,196,8401,5465,65.05177955005357
boltons,26.1.0,825,20260923,444,196,8401,5955,70.88441852160457
boltons,26.1.0,826,20260923,444,196,8401,5714,68.01571241518867
boltons,26.1.0,827,20260923,444,196,8401,5725,68.14664920842756
boltons,26.1.0,828,20260923,444,196,8401,5812,69.18224020949887
boltons,26.1.0,829,20260923,444,196,8401,5699,67.83716224259017
boltons,26.1.0,830,20260923,444,196,8401,5639,67.12296155219617
boltons,26.1.0,831,20260923,444,196,8401,5631,67.02773479347697
boltons,26.1.0,832,20260923,444,196,8401,5559,66.17069396500416
boltons,26.1.0,833,20260923,444,196,8401,5548,66.03975717176526
boltons,26.1.0,834,20260923,444,196,8401,5753,68.47994286394477
boltons,26.1.0,835,20260923,444,196,8401,5303,63.123437685989764
boltons,26.1.0,836,20260923,444,196,8401,5127,61.02844899416736
boltons,26.1.0,837,20260923,444,196,8401,5759,68.55136293298416
boltons,26.1.0,838,20260923,444,196,8401,5851,69.64647065825497
boltons,26.1.0,839,20260923,444,196,8401,5642,67.15867158671587
boltons,26.1.0,840,20260923,444,196,8401,5924,70.51541483156767
boltons,26.1.0,841,20260923,444,196,8401,5565,66.24211403404357
boltons,26.1.0,842,20260923,444,196,8401,5338,63.540054755386265
boltons,26.1.0,843,20260923,444,196,8401,5715,68.02761576002857
boltons,26.1.0,844,20260923,444,196,8401,5566,66.25401737888346
boltons,26.1.0,845,20260923,444,196,8401,5953,70.86061183192477
boltons,26.1.0,846,20260923,444,196,8401,5729,68.19426258778716
boltons,26.1.0,847,20260923,444,196,8401,5206,61.96881323651946
boltons,26.1.0,848,20260923,444,196,8401,5674,67.53957862159267
boltons,26.1.0,849,20260923,444,196,8401,5546,66.01595048208547
boltons,26.1.0,850,20260923,444,196,8401,6109,72.71753362694918
boltons,26.1.0,851,20260923,444,196,8401,6057,72.09855969527437
boltons,26.1.0,852,20260923,444,196,8401,5570,66.30163075824306
boltons,26.1.0,853,20260923,444,196,8401,5548,66.03975717176526
boltons,26.1.0,854,20260923,444,196,8401,5597,66.62302106892037
boltons,26.1.0,855,20260923,444,196,8401,5317,63.29008451374836
boltons,26.1.0,856,20260923,444,196,8401,5407,64.36138554933936
boltons,26.1.0,857,20260923,444,196,8401,5854,69.68218069277466
boltons,26.1.0,858,20260923,444,196,8401,5913,70.38447803832877
boltons,26.1.0,859,20260923,444,196,8401,5410,64.39709558385907
boltons,26.1.0,860,20260923,444,196,8401,5976,71.13438876324247
boltons,26.1.0,861,20260923,444,196,8401,5499,65.45649327461017
boltons,26.1.0,862,20260923,444,196,8401,6285,74.81252231877157
boltons,26.1.0,863,20260923,444,196,8401,6452,76.80038090703488
boltons,26.1.0,864,20260923,444,196,8401,5112,60.849898821568864
boltons,26.1.0,865,20260923,444,196,8401,5581,66.43256755148197
boltons,26.1.0,866,20260923,444,196,8401,5163,61.456969408403765
boltons,26.1.0,867,20260923,444,196,8401,5366,63.87334841090346
boltons,26.1.0,868,20260923,444,196,8401,5496,65.42078324009047
boltons,26.1.0,869,20260923,444,196,8401,5753,68.47994286394477
boltons,26.1.0,870,20260923,444,196,8401,5793,68.95607665754076
boltons,26.1.0,871,20260923,444,196,8401,5792,68.94417331270087
boltons,26.1.0,872,20260923,444,196,8401,5678,67.58719200095227
boltons,26.1.0,873,20260923,444,196,8401,5577,66.38495417212236
boltons,26.1.0,874,20260923,444,196,8401,5938,70.68206165932627
boltons,26.1.0,875,20260923,444,196,8401,5723,68.12284251874777
boltons,26.1.0,876,20260923,444,196,8401,5803,69.07511010593977
boltons,26.1.0,877,20260923,444,196,8401,5387,64.12331865254136
boltons,26.1.0,878,20260923,444,196,8401,5924,70.51541483156767
boltons,26.1.0,879,20260923,444,196,8401,5871,69.88453755505297
boltons,26.1.0,880,20260923,444,196,8401,5436,64.70658254969646
boltons,26.1.0,881,20260923,444,196,8401,5259,62.59969051303416
boltons,26.1.0,882,20260923,444,196,8401,5819,69.26556362337817
boltons,26.1.0,883,20260923,444,196,8401,5714,68.01571241518867
boltons,26.1.0,884,20260923,444,196,8401,4921,58.57635995714796
boltons,26.1.0,885,20260923,444,196,8401,6164,73.37221759314367
boltons,26.1.0,886,20260923,444,196,8401,5833,69.43221045113677
boltons,26.1.0,887,20260923,444,196,8401,5709,67.95619569098916
boltons,26.1.0,888,20260923,444,196,8401,5791,68.93226996786098
boltons,26.1.0,889,20260923,444,196,8401,5372,63.944768479942866
boltons,26.1.0,890,20260923,444,196,8401,5183,61.69503630520176
boltons,26.1.0,891,20260923,444,196,8401,5865,69.81311748601357
boltons,26.1.0,892,20260923,444,196,8401,5284,62.89727413403166
boltons,26.1.0,893,20260923,444,196,8401,5428,64.61135579097727
boltons,26.1.0,894,20260923,444,196,8401,5557,66.14688727532436
boltons,26.1.0,895,20260923,444,196,8401,5864,69.80121414117367
boltons,26.1.0,896,20260923,444,196,8401,5705,67.90858231162957
boltons,26.1.0,897,20260923,444,196,8401,5713,68.00380907034877
boltons,26.1.0,898,20260923,444,196,8401,5850,69.63456731341508
boltons,26.1.0,899,20260923,444,196,8401,5239,62.361623616236166
boltons,26.1.0,900,20260923,444,196,8401,5557,66.14688727532436
boltons,26.1.0,901,20260923,444,196,8401,5211,62.02832996071896
boltons,26.1.0,902,20260923,444,196,8401,5904,70.27734793476967
boltons,26.1.0,903,20260923,444,196,8401,5541,65.95643375788596
boltons,26.1.0,904,20260923,444,196,8401,5874,69.92024758957267
boltons,26.1.0,905,20260923,444,196,8401,5535,65.88501368884657
boltons,26.1.0,906,20260923,444,196,8401,5556,66.13498393048447
boltons,26.1.0,907,20260923,444,196,8401,5515,65.64694679204857
boltons,26.1.0,908,20260923,444,196,8401,6034,71.82478276395668
boltons,26.1.0,909,20260923,444,196,8401,5672,67.51577193191287
boltons,26.1.0,910,20260923,444,196,8401,5852,69.65837400309486
boltons,26.1.0,911,20260923,444,196,8401,5414,64.44470896321866
boltons,26.1.0,912,20260923,444,196,8401,5502,65.49220330912986
boltons,26.1.0,913,20260923,444,196,8401,6074,72.30091655755267
boltons,26.1.0,914,20260923,444,196,8401,5414,64.44470896321866
boltons,26.1.0,915,20260923,444,196,8401,5327,63.40911796214736
boltons,26.1.0,916,20260923,444,196,8401,5025,59.81430782049756
boltons,26.1.0,917,20260923,444,196,8401,6061,72.14617307463398
boltons,26.1.0,918,20260923,444,196,8401,5052,60.13569813117486
boltons,26.1.0,919,20260923,444,196,8401,5279,62.837757409832165
boltons,26.1.0,920,20260923,444,196,8401,5993,71.33674562552078
boltons,26.1.0,921,20260923,444,196,8401,5204,61.945006546839664
boltons,26.1.0,922,20260923,444,196,8401,5989,71.28913224616117
boltons,26.1.0,923,20260923,444,196,8401,5279,62.837757409832165
boltons,26.1.0,924,20260923,444,196,8401,6024,71.70574931555767
boltons,26.1.0,925,20260923,444,196,8401,5920,70.46780145220806
boltons,26.1.0,926,20260923,444,196,8401,5867,69.83692417569337
boltons,26.1.0,927,20260923,444,196,8401,5995,71.36055231520056
boltons,26.1.0,928,20260923,444,196,8401,5503,65.50410665396977
boltons,26.1.0,929,20260923,444,196,8401,5650,67.25389834543506
boltons,26.1.0,930,20260923,444,196,8401,5742,68.34900607070587
boltons,26.1.0,931,20260923,444,196,8401,5282,62.87346744435186
boltons,26.1.0,932,20260923,444,196,8401,5612,66.80157124151887
boltons,26.1.0,933,20260923,444,196,8401,5442,64.77800261873587
boltons,26.1.0,934,20260923,444,196,8401,5639,67.12296155219617
boltons,26.1.0,935,20260923,444,196,8401,5824,69.32508034757767
boltons,26.1.0,936,20260923,444,196,8401,6036,71.84858945363648
boltons,26.1.0,937,20260923,444,196,8401,6109,72.71753362694918
boltons,26.1.0,938,20260923,444,196,8401,5710,67.96809903582907
boltons,26.1.0,939,20260923,444,196,8401,5545,66.00404713724556
boltons,26.1.0,940,20260923,444,196,8401,5733,68.24187596714677
boltons,26.1.0,941,20260923,444,196,8401,6337,75.43149625044637
boltons,26.1.0,942,20260923,444,196,8401,5252,62.51636709915486
boltons,26.1.0,943,20260923,444,196,8401,4917,58.52874657778836
boltons,26.1.0,944,20260923,444,196,8401,5152,61.32603261516486
boltons,26.1.0,945,20260923,444,196,8401,5097,60.67134864897036
boltons,26.1.0,946,20260923,444,196,8401,6000,71.42006903940008
boltons,26.1.0,947,20260923,444,196,8401,5398,64.25425544578026
boltons,26.1.0,948,20260923,444,196,8401,5278,62.825854064992264
boltons,26.1.0,949,20260923,444,196,8401,6355,75.64575645756457
boltons,26.1.0,950,20260923,444,196,8401,5162,61.445066063563864
boltons,26.1.0,951,20260923,444,196,8401,5421,64.52803237709796
boltons,26.1.0,952,20260923,444,196,8401,5669,67.48006189739317
boltons,26.1.0,953,20260923,444,196,8401,5357,63.76621830734437
boltons,26.1.0,954,20260923,444,196,8401,5290,62.96869420307106
boltons,26.1.0,955,20260923,444,196,8401,6199,73.78883466254017
boltons,26.1.0,956,20260923,444,196,8401,4957,59.00488037138436
boltons,26.1.0,957,20260923,444,196,8401,5623,66.93250803475777
boltons,26.1.0,958,20260923,444,196,8401,5511,65.59933341268896
boltons,26.1.0,959,20260923,444,196,8401,5697,67.81335555291037
boltons,26.1.0,960,20260923,444,196,8401,5551,66.07546720628497
boltons,26.1.0,961,20260923,444,196,8401,5602,66.68253779311986
boltons,26.1.0,962,20260923,444,196,8401,6015,71.59861921199857
boltons,26.1.0,963,20260923,444,196,8401,5754,68.49184620878466
boltons,26.1.0,964,20260923,444,196,8401,5244,62.42114034043566
boltons,26.1.0,965,20260923,444,196,8401,5461,65.00416617069396
boltons,26.1.0,966,20260923,444,196,8401,5551,66.07546720628497
boltons,26.1.0,967,20260923,444,196,8401,5379,64.02809189382216
boltons,26.1.0,968,20260923,444,196,8401,6442,76.68134745863588
boltons,26.1.0,969,20260923,444,196,8401,5367,63.88525175574336
boltons,26.1.0,970,20260923,444,196,8401,5302,63.11153434114986
boltons,26.1.0,971,20260923,444,196,8401,5870,69.87263421021306
boltons,26.1.0,972,20260923,444,196,8401,5555,66.12308058564457
boltons,26.1.0,973,20260923,444,196,8401,6058,72.11046304011427
boltons,26.1.0,974,20260923,444,196,8401,5934,70.63444827996668
boltons,26.1.0,975,20260923,444,196,8401,5779,68.78942982978216
boltons,26.1.0,976,20260923,444,196,8401,4962,59.06439709558386
boltons,26.1.0,977,20260923,444,196,8401,5524,65.75407689560767
boltons,26.1.0,978,20260923,444,196,8401,5785,68.86084989882157
boltons,26.1.0,979,20260923,444,196,8401,5496,65.42078324009047
boltons,26.1.0,980,20260923,444,196,8401,5284,62.89727413403166
boltons,26.1.0,981,20260923,444,196,8401,5411,64.40899892869896
boltons,26.1.0,982,20260923,444,196,8401,5700,67.84906558743006
boltons,26.1.0,983,20260923,444,196,8401,5475,65.17081299845256
boltons,26.1.0,984,20260923,444,196,8401,5093,60.62373526961076
boltons,26.1.0,985,20260923,444,196,8401,5952,70.84870848708488
boltons,26.1.0,986,20260923,444,196,8401,5842,69.53934055469587
boltons,26.1.0,987,20260923,444,196,8401,5286,62.92108082371146
boltons,26.1.0,988,20260923,444,196,8401,4958,59.01678371622426
boltons,26.1.0,989,20260923,444,196,8401,5649,67.24199500059517
boltons,26.1.0,990,20260923,444,196,8401,5620,66.89679800023806
boltons,26.1.0,991,20260923,444,196,8401,5762,68.58707296750387
boltons,26.1.0,992,20260923,444,196,8401,5624,66.94441137959767
boltons,26.1.0,993,20260923,444,196,8401,5422,64.53993572193787
boltons,26.1.0,994,20260923,444,196,8401,5851,69.64647065825497
boltons,26.1.0,995,20260923,444,196,8401,5721,68.09903582906797
boltons,26.1.0,996,20260923,444,196,8401,5223,62.17117009879776
boltons,26.1.0,997,20260923,444,196,8401,5649,67.24199500059517
boltons,26.1.0,998,20260923,444,196,8401,5034,59.92143792405666
boltons,26.1.0,999,20260923,444,196,8401,5755,68.50374955362457
boltons,26.1.0,1000,20260923,444,196,8401,6169,73.43173431734317
more-itertools,10.5.0,1,20260924,664,272,4191,3146,75.06561679790026
more-itertools,10.5.0,2,20260924,664,272,4191,3009,71.7967072297781
more-itertools,10.5.0,3,20260924,664,272,4191,3191,76.13934621808637
more-itertools,10.5.0,4,20260924,664,272,4191,3260,77.78573132903841
more-itertools,10.5.0,5,20260924,664,272,4191,3169,75.61441183488428
more-itertools,10.5.0,6,20260924,664,272,4191,3039,72.5125268432355
more-itertools,10.5.0,7,20260924,664,272,4191,3218,76.78358387019804
more-itertools,10.5.0,8,20260924,664,272,4191,3218,76.78358387019804
more-itertools,10.5.0,9,20260924,664,272,4191,3182,75.92460033404916
more-itertools,10.5.0,10,20260924,664,272,4191,3219,76.80744452397995
more-itertools,10.5.0,11,20260924,664,272,4191,3030,72.29778095919828
more-itertools,10.5.0,12,20260924,664,272,4191,3100,73.96802672393224
more-itertools,10.5.0,13,20260924,664,272,4191,3060,73.01360057265569
more-itertools,10.5.0,14,20260924,664,272,4191,3052,72.82271534240039
more-itertools,10.5.0,15,20260924,664,272,4191,3102,74.01574803149606
more-itertools,10.5.0,16,20260924,664,272,4191,3267,77.95275590551181
more-itertools,10.5.0,17,20260924,664,272,4191,3180,75.87687902648533
more-itertools,10.5.0,18,20260924,664,272,4191,3264,77.88117394416606
more-itertools,10.5.0,19,20260924,664,272,4191,2957,70.55595323311859
more-itertools,10.5.0,20,20260924,664,272,4191,3191,76.13934621808637
more-itertools,10.5.0,21,20260924,664,272,4191,3049,72.75113338105464
more-itertools,10.5.0,22,20260924,664,272,4191,2865,68.36077308518253
more-itertools,10.5.0,23,20260924,664,272,4191,3039,72.5125268432355
more-itertools,10.5.0,24,20260924,664,272,4191,2872,68.52779766165592
more-itertools,10.5.0,25,20260924,664,272,4191,3182,75.92460033404916
more-itertools,10.5.0,26,20260924,664,272,4191,3164,75.4951085659747
more-itertools,10.5.0,27,20260924,664,272,4191,3167,75.56669052732045
more-itertools,10.5.0,28,20260924,664,272,4191,2857,68.16988785492723
more-itertools,10.5.0,29,20260924,664,272,4191,3237,77.23693629205441
more-itertools,10.5.0,30,20260924,664,272,4191,3216,76.73586256263421
more-itertools,10.5.0,31,20260924,664,272,4191,2802,66.85755189692198
more-itertools,10.5.0,32,20260924,664,272,4191,3198,76.30637079455977
more-itertools,10.5.0,33,20260924,664,272,4191,3165,75.51896921975663
more-itertools,10.5.0,34,20260924,664,272,4191,3083,73.56239560963971
more-itertools,10.5.0,35,20260924,664,272,4191,3348,79.88546886184682
more-itertools,10.5.0,36,20260924,664,272,4191,3115,74.32593653066094
more-itertools,10.5.0,37,20260924,664,272,4191,3007,71.74898592221427
more-itertools,10.5.0,38,20260924,664,272,4191,3080,73.49081364829397
more-itertools,10.5.0,39,20260924,664,272,4191,3018,72.01145311381532
more-itertools,10.5.0,40,20260924,664,272,4191,3192,76.16320687186828
more-itertools,10.5.0,41,20260924,664,272,4191,3049,72.75113338105464
more-itertools,10.5.0,42,20260924,664,272,4191,3057,72.94201861130995
more-itertools,10.5.0,43,20260924,664,272,4191,3027,72.22619899785253
more-itertools,10.5.0,44,20260924,664,272,4191,3236,77.21307563827249
more-itertools,10.5.0,45,20260924,664,272,4191,3089,73.70555953233118
more-itertools,10.5.0,46,20260924,664,272,4191,3013,71.89214984490575
more-itertools,10.5.0,47,20260924,664,272,4191,3034,72.39322357432593
more-itertools,10.5.0,48,20260924,664,272,4191,3185,75.99618229539489
more-itertools,10.5.0,49,20260924,664,272,4191,3098,73.92030541636841
more-itertools,10.5.0,50,20260924,664,272,4191,3139,74.89859222142687
more-itertools,10.5.0,51,20260924,664,272,4191,3282,78.31066571224052
more-itertools,10.5.0,52,20260924,664,272,4191,3028,72.25005965163446
more-itertools,10.5.0,53,20260924,664,272,4191,3014,71.91601049868767
more-itertools,10.5.0,54,20260924,664,272,4191,3125,74.56454306848008
more-itertools,10.5.0,55,20260924,664,272,4191,3175,75.75757575757575
more-itertools,10.5.0,56,20260924,664,272,4191,3156,75.3042233357194
more-itertools,10.5.0,57,20260924,664,272,4191,2987,71.271772846576
more-itertools,10.5.0,58,20260924,664,272,4191,3089,73.70555953233118
more-itertools,10.5.0,59,20260924,664,272,4191,3163,75.4712479121928
more-itertools,10.5.0,60,20260924,664,272,4191,3119,74.42137914578859
more-itertools,10.5.0,61,20260924,664,272,4191,3061,73.0374612264376
more-itertools,10.5.0,62,20260924,664,272,4191,3117,74.37365783822477
more-itertools,10.5.0,63,20260924,664,272,4191,3029,72.27392030541637
more-itertools,10.5.0,64,20260924,664,272,4191,3085,73.61011691720353
more-itertools,10.5.0,65,20260924,664,272,4191,3103,74.03960868527798
more-itertools,10.5.0,66,20260924,664,272,4191,3097,73.8964447625865
more-itertools,10.5.0,67,20260924,664,272,4191,2939,70.12646146504414
more-itertools,10.5.0,68,20260924,664,272,4191,3028,72.25005965163446
more-itertools,10.5.0,69,20260924,664,272,4191,3036,72.44094488188976
more-itertools,10.5.0,70,20260924,664,272,4191,3199,76.33023144834168
more-itertools,10.5.0,71,20260924,664,272,4191,3064,73.10904318778334
more-itertools,10.5.0,72,20260924,664,272,4191,2950,70.38892865664519
more-itertools,10.5.0,73,20260924,664,272,4191,3219,76.80744452397995
more-itertools,10.5.0,74,20260924,664,272,4191,3187,76.04390360295872
more-itertools,10.5.0,75,20260924,664,272,4191,3057,72.94201861130995
more-itertools,10.5.0,76,20260924,664,272,4191,3060,73.01360057265569
more-itertools,10.5.0,77,20260924,664,272,4191,3007,71.74898592221427
more-itertools,10.5.0,78,20260924,664,272,4191,3007,71.74898592221427
more-itertools,10.5.0,79,20260924,664,272,4191,3158,75.35194464328323
more-itertools,10.5.0,80,20260924,664,272,4191,3222,76.8790264853257
more-itertools,10.5.0,81,20260924,664,272,4191,2915,69.55380577427822
more-itertools,10.5.0,82,20260924,664,272,4191,3084,73.58625626342162
more-itertools,10.5.0,83,20260924,664,272,4191,3168,75.59055118110236
more-itertools,10.5.0,84,20260924,664,272,4191,3013,71.89214984490575
more-itertools,10.5.0,85,20260924,664,272,4191,3117,74.37365783822477
more-itertools,10.5.0,86,20260924,664,272,4191,3180,75.87687902648533
more-itertools,10.5.0,87,20260924,664,272,4191,3015,71.93987115246958
more-itertools,10.5.0,88,20260924,664,272,4191,2963,70.69911715581007
more-itertools,10.5.0,89,20260924,664,272,4191,3020,72.05917442137914
more-itertools,10.5.0,90,20260924,664,272,4191,3019,72.03531376759723
more-itertools,10.5.0,91,20260924,664,272,4191,3188,76.06776425674063
more-itertools,10.5.0,92,20260924,664,272,4191,3090,73.7294201861131
more-itertools,10.5.0,93,20260924,664,272,4191,3250,77.54712479121928
more-itertools,10.5.0,94,20260924,664,272,4191,3151,75.18492006680984
more-itertools,10.5.0,95,20260924,664,272,4191,3074,73.34764972560248
more-itertools,10.5.0,96,20260924,664,272,4191,3085,73.61011691720353
more-itertools,10.5.0,97,20260924,664,272,4191,3207,76.521116678597
more-itertools,10.5.0,98,20260924,664,272,4191,2907,69.36292054402291
more-itertools,10.5.0,99,20260924,664,272,4191,3004,71.67740396086853
more-itertools,10.5.0,100,20260924,664,272,4191,3211,76.61655929372465
more-itertools,10.5.0,101,20260924,664,272,4191,3069,73.22834645669292
more-itertools,10.5.0,102,20260924,664,272,4191,3180,75.87687902648533
more-itertools,10.5.0,103,20260924,664,272,4191,2840,67.76425674063469
more-itertools,10.5.0,104,20260924,664,272,4191,3175,75.75757575757575
more-itertools,10.5.0,105,20260924,664,272,4191,3009,71.7967072297781
more-itertools,10.5.0,106,20260924,664,272,4191,2864,68.33691243140062
more-itertools,10.5.0,107,20260924,664,272,4191,3058,72.96587926509186
more-itertools,10.5.0,108,20260924,664,272,4191,3276,78.16750178954904
more-itertools,10.5.0,109,20260924,664,272,4191,3055,72.89429730374613
more-itertools,10.5.0,110,20260924,664,272,4191,3052,72.82271534240039
more-itertools,10.5.0,111,20260924,664,272,4191,2927,69.84013361966117
more-itertools,10.5.0,112,20260924,664,272,4191,3076,73.39537103316631
more-itertools,10.5.0,113,20260924,664,272,4191,3266,77.9288952517299
more-itertools,10.5.0,114,20260924,664,272,4191,3223,76.9028871391076
more-itertools,10.5.0,115,20260924,664,272,4191,2941,70.17418277260796
more-itertools,10.5.0,116,20260924,664,272,4191,3030,72.29778095919828
more-itertools,10.5.0,117,20260924,664,272,4191,2795,66.69052732044858
more-itertools,10.5.0,118,20260924,664,272,4191,3038,72.4886661894536
more-itertools,10.5.0,119,20260924,664,272,4191,3172,75.68599379623002
more-itertools,10.5.0,120,20260924,664,272,4191,3098,73.92030541636841
more-itertools,10.5.0,121,20260924,664,272,4191,3135,74.80314960629921
more-itertools,10.5.0,122,20260924,664,272,4191,2923,69.74469100453352
more-itertools,10.5.0,123,20260924,664,272,4191,3256,77.69028871391076
more-itertools,10.5.0,124,20260924,664,272,4191,2939,70.12646146504414
more-itertools,10.5.0,125,20260924,664,272,4191,3107,74.13505130040564
more-itertools,10.5.0,126,20260924,664,272,4191,3172,75.68599379623002
more-itertools,10.5.0,127,20260924,664,272,4191,3155,75.28036268193749
more-itertools,10.5.0,128,20260924,664,272,4191,2964,70.72297780959198
more-itertools,10.5.0,129,20260924,664,272,4191,3318,79.1696492483894
more-itertools,10.5.0,130,20260924,664,272,4191,2848,67.95514197089
more-itertools,10.5.0,131,20260924,664,272,4191,3177,75.80529706513958
more-itertools,10.5.0,132,20260924,664,272,4191,3251,77.5709854450012
more-itertools,10.5.0,133,20260924,664,272,4191,3141,74.9463135289907
more-itertools,10.5.0,134,20260924,664,272,4191,3015,71.93987115246958
more-itertools,10.5.0,135,20260924,664,272,4191,2949,70.36506800286328
more-itertools,10.5.0,136,20260924,664,272,4191,3164,75.4951085659747
more-itertools,10.5.0,137,20260924,664,272,4191,3076,73.39537103316631
more-itertools,10.5.0,138,20260924,664,272,4191,3153,75.23264137437366
more-itertools,10.5.0,139,20260924,664,272,4191,2975,70.98544500119303
more-itertools,10.5.0,140,20260924,664,272,4191,3004,71.67740396086853
more-itertools,10.5.0,141,20260924,664,272,4191,3177,75.80529706513958
more-itertools,10.5.0,142,20260924,664,272,4191,3436,81.98520639465521
more-itertools,10.5.0,143,20260924,664,272,4191,3144,75.01789549033643
more-itertools,10.5.0,144,20260924,664,272,4191,2885,68.8379861608208
more-itertools,10.5.0,145,20260924,664,272,4191,3161,75.42352660462896
more-itertools,10.5.0,146,20260924,664,272,4191,3162,75.44738725841088
more-itertools,10.5.0,147,20260924,664,272,4191,3053,72.8465759961823
more-itertools,10.5.0,148,20260924,664,272,4191,3107,74.13505130040564
more-itertools,10.5.0,149,20260924,664,272,4191,2975,70.98544500119303
more-itertools,10.5.0,150,20260924,664,272,4191,3165,75.51896921975663
more-itertools,10.5.0,151,20260924,664,272,4191,3033,72.36936292054402
more-itertools,10.5.0,152,20260924,664,272,4191,2939,70.12646146504414
more-itertools,10.5.0,153,20260924,664,272,4191,3057,72.94201861130995
more-itertools,10.5.0,154,20260924,664,272,4191,3234,77.16535433070867
more-itertools,10.5.0,155,20260924,664,272,4191,3084,73.58625626342162
more-itertools,10.5.0,156,20260924,664,272,4191,2979,71.08088761632068
more-itertools,10.5.0,157,20260924,664,272,4191,3265,77.90503459794799
more-itertools,10.5.0,158,20260924,664,272,4191,3018,72.01145311381532
more-itertools,10.5.0,159,20260924,664,272,4191,3087,73.65783822476736
more-itertools,10.5.0,160,20260924,664,272,4191,3163,75.4712479121928
more-itertools,10.5.0,161,20260924,664,272,4191,3227,76.99832975423527
more-itertools,10.5.0,162,20260924,664,272,4191,3051,72.79885468861846
more-itertools,10.5.0,163,20260924,664,272,4191,3253,77.61870675256502
more-itertools,10.5.0,164,20260924,664,272,4191,3043,72.60796945836316
more-itertools,10.5.0,165,20260924,664,272,4191,2958,70.5798138869005
more-itertools,10.5.0,166,20260924,664,272,4191,3196,76.25864948699595
more-itertools,10.5.0,167,20260924,664,272,4191,3188,76.06776425674063
more-itertools,10.5.0,168,20260924,664,272,4191,3122,74.49296110713433
more-itertools,10.5.0,169,20260924,664,272,4191,3212,76.64041994750656
more-itertools,10.5.0,170,20260924,664,272,4191,3262,77.83345263660225
more-itertools,10.5.0,171,20260924,664,272,4191,2824,67.38248628012407
more-itertools,10.5.0,172,20260924,664,272,4191,2952,70.43664996420902
more-itertools,10.5.0,173,20260924,664,272,4191,2992,71.39107611548556
more-itertools,10.5.0,174,20260924,664,272,4191,3177,75.80529706513958
more-itertools,10.5.0,175,20260924,664,272,4191,3003,71.65354330708661
more-itertools,10.5.0,176,20260924,664,272,4191,3024,72.1546170365068
more-itertools,10.5.0,177,20260924,664,272,4191,3394,80.98305893581484
more-itertools,10.5.0,178,20260924,664,272,4191,3046,72.6795514197089
more-itertools,10.5.0,179,20260924,664,272,4191,3075,73.37151037938439
more-itertools,10.5.0,180,20260924,664,272,4191,3010,71.82056788356
more-itertools,10.5.0,181,20260924,664,272,4191,3098,73.92030541636841
more-itertools,10.5.0,182,20260924,664,272,4191,3022,72.10689572894297
more-itertools,10.5.0,183,20260924,664,272,4191,2996,71.48651873061321
more-itertools,10.5.0,184,20260924,664,272,4191,2963,70.69911715581007
more-itertools,10.5.0,185,20260924,664,272,4191,2992,71.39107611548556
more-itertools,10.5.0,186,20260924,664,272,4191,3143,74.99403483655452
more-itertools,10.5.0,187,20260924,664,272,4191,3131,74.70770699117156
more-itertools,10.5.0,188,20260924,664,272,4191,3084,73.58625626342162
more-itertools,10.5.0,189,20260924,664,272,4191,3025,72.17847769028872
more-itertools,10.5.0,190,20260924,664,272,4191,3006,71.72512526843235
more-itertools,10.5.0,191,20260924,664,272,4191,3112,74.2543545693152
more-itertools,10.5.0,192,20260924,664,272,4191,3085,73.61011691720353
more-itertools,10.5.0,193,20260924,664,272,4191,3078,73.44309234073013
more-itertools,10.5.0,194,20260924,664,272,4191,3069,73.22834645669292
more-itertools,10.5.0,195,20260924,664,272,4191,3244,77.4039608685278
more-itertools,10.5.0,196,20260924,664,272,4191,2884,68.8141255070389
more-itertools,10.5.0,197,20260924,664,272,4191,3270,78.02433786685755
more-itertools,10.5.0,198,20260924,664,272,4191,3183,75.94846098783107
more-itertools,10.5.0,199,20260924,664,272,4191,2911,69.45836315915057
more-itertools,10.5.0,200,20260924,664,272,4191,3157,75.32808398950131
more-itertools,10.5.0,201,20260924,664,272,4191,3069,73.22834645669292
more-itertools,10.5.0,202,20260924,664,272,4191,3135,74.80314960629921
more-itertools,10.5.0,203,20260924,664,272,4191,3075,73.37151037938439
more-itertools,10.5.0,204,20260924,664,272,4191,3052,72.82271534240039
more-itertools,10.5.0,205,20260924,664,272,4191,3169,75.61441183488428
more-itertools,10.5.0,206,20260924,664,272,4191,3238,77.26079694583632
more-itertools,10.5.0,207,20260924,664,272,4191,3173,75.70985445001193
more-itertools,10.5.0,208,20260924,664,272,4191,3143,74.99403483655452
more-itertools,10.5.0,209,20260924,664,272,4191,3302,78.78787878787878
more-itertools,10.5.0,210,20260924,664,272,4191,3211,76.61655929372465
more-itertools,10.5.0,211,20260924,664,272,4191,3115,74.32593653066094
more-itertools,10.5.0,212,20260924,664,272,4191,3055,72.89429730374613
more-itertools,10.5.0,213,20260924,664,272,4191,3340,79.6945836315915
more-itertools,10.5.0,214,20260924,664,272,4191,3284,78.35838701980434
more-itertools,10.5.0,215,20260924,664,272,4191,3061,73.0374612264376
more-itertools,10.5.0,216,20260924,664,272,4191,3252,77.59484609878311
more-itertools,10.5.0,217,20260924,664,272,4191,2988,71.29563350035791
more-itertools,10.5.0,218,20260924,664,272,4191,3077,73.41923168694822
more-itertools,10.5.0,219,20260924,664,272,4191,3267,77.95275590551181
more-itertools,10.5.0,220,20260924,664,272,4191,3123,74.51682176091624
more-itertools,10.5.0,221,20260924,664,272,4191,3300,78.74015748031496
more-itertools,10.5.0,222,20260924,664,272,4191,3056,72.91815795752804
more-itertools,10.5.0,223,20260924,664,272,4191,3119,74.42137914578859
more-itertools,10.5.0,224,20260924,664,272,4191,3065,73.13290384156525
more-itertools,10.5.0,225,20260924,664,272,4191,3214,76.68814125507039
more-itertools,10.5.0,226,20260924,664,272,4191,3356,80.07635409210212
more-itertools,10.5.0,227,20260924,664,272,4191,3055,72.89429730374613
more-itertools,10.5.0,228,20260924,664,272,4191,3247,77.47554282987353
more-itertools,10.5.0,229,20260924,664,272,4191,2878,68.67096158434741
more-itertools,10.5.0,230,20260924,664,272,4191,2959,70.60367454068242
more-itertools,10.5.0,231,20260924,664,272,4191,2917,69.60152708184204
more-itertools,10.5.0,232,20260924,664,272,4191,3067,73.18062514912909
more-itertools,10.5.0,233,20260924,664,272,4191,3256,77.69028871391076
more-itertools,10.5.0,234,20260924,664,272,4191,3079,73.46695299451206
more-itertools,10.5.0,235,20260924,664,272,4191,3226,76.97446910045335
more-itertools,10.5.0,236,20260924,664,272,4191,2922,69.72083035075161
more-itertools,10.5.0,237,20260924,664,272,4191,3255,77.66642806012885
more-itertools,10.5.0,238,20260924,664,272,4191,3131,74.70770699117156
more-itertools,10.5.0,239,20260924,664,272,4191,2951,70.4127893104271
more-itertools,10.5.0,240,20260924,664,272,4191,3120,74.4452397995705
more-itertools,10.5.0,241,20260924,664,272,4191,3137,74.85087091386303
more-itertools,10.5.0,242,20260924,664,272,4191,3174,75.73371510379384
more-itertools,10.5.0,243,20260924,664,272,4191,3243,77.38010021474588
more-itertools,10.5.0,244,20260924,664,272,4191,3010,71.82056788356
more-itertools,10.5.0,245,20260924,664,272,4191,3067,73.18062514912909
more-itertools,10.5.0,246,20260924,664,272,4191,2896,69.10045335242185
more-itertools,10.5.0,247,20260924,664,272,4191,2996,71.48651873061321
more-itertools,10.5.0,248,20260924,664,272,4191,3226,76.97446910045335
more-itertools,10.5.0,249,20260924,664,272,4191,3111,74.23049391553329
more-itertools,10.5.0,250,20260924,664,272,4191,3076,73.39537103316631
more-itertools,10.5.0,251,20260924,664,272,4191,3157,75.32808398950131
more-itertools,10.5.0,252,20260924,664,272,4191,3082,73.53853495585778
more-itertools,10.5.0,253,20260924,664,272,4191,2997,71.51037938439514
more-itertools,10.5.0,254,20260924,664,272,4191,3314,79.07420663326175
more-itertools,10.5.0,255,20260924,664,272,4191,2809,67.02457647339537
more-itertools,10.5.0,256,20260924,664,272,4191,3018,72.01145311381532
more-itertools,10.5.0,257,20260924,664,272,4191,2929,69.887854927225
more-itertools,10.5.0,258,20260924,664,272,4191,3213,76.66428060128848
more-itertools,10.5.0,259,20260924,664,272,4191,2946,70.29348604151754
more-itertools,10.5.0,260,20260924,664,272,4191,3135,74.80314960629921
more-itertools,10.5.0,261,20260924,664,272,4191,3227,76.99832975423527
more-itertools,10.5.0,262,20260924,664,272,4191,3081,73.51467430207587
more-itertools,10.5.0,263,20260924,664,272,4191,3270,78.02433786685755
more-itertools,10.5.0,264,20260924,664,272,4191,3059,72.98973991887378
more-itertools,10.5.0,265,20260924,664,272,4191,3194,76.21092817943212
more-itertools,10.5.0,266,20260924,664,272,4191,3181,75.90073968026724
more-itertools,10.5.0,267,20260924,664,272,4191,3055,72.89429730374613
more-itertools,10.5.0,268,20260924,664,272,4191,3137,74.85087091386303
more-itertools,10.5.0,269,20260924,664,272,4191,3028,72.25005965163446
more-itertools,10.5.0,270,20260924,664,272,4191,3212,76.64041994750656
more-itertools,10.5.0,271,20260924,664,272,4191,2985,71.22405153901217
more-itertools,10.5.0,272,20260924,664,272,4191,3161,75.42352660462896
more-itertools,10.5.0,273,20260924,664,272,4191,3225,76.95060844667144
more-itertools,10.5.0,274,20260924,664,272,4191,3375,80.52970651395849
more-itertools,10.5.0,275,20260924,664,272,4191,2975,70.98544500119303
more-itertools,10.5.0,276,20260924,664,272,4191,3226,76.97446910045335
more-itertools,10.5.0,277,20260924,664,272,4191,3231,77.09377236936292
more-itertools,10.5.0,278,20260924,664,272,4191,2926,69.81627296587926
more-itertools,10.5.0,279,20260924,664,272,4191,2825,67.406346933906
more-itertools,10.5.0,280,20260924,664,272,4191,2944,70.2457647339537
more-itertools,10.5.0,281,20260924,664,272,4191,2907,69.36292054402291
more-itertools,10.5.0,282,20260924,664,272,4191,3099,73.94416607015032
more-itertools,10.5.0,283,20260924,664,272,4191,2922,69.72083035075161
more-itertools,10.5.0,284,20260924,664,272,4191,2958,70.5798138869005
more-itertools,10.5.0,285,20260924,664,272,4191,3177,75.80529706513958
more-itertools,10.5.0,286,20260924,664,272,4191,3202,76.40181340968742
more-itertools,10.5.0,287,20260924,664,272,4191,2977,71.03316630875686
more-itertools,10.5.0,288,20260924,664,272,4191,2974,70.96158434741112
more-itertools,10.5.0,289,20260924,664,272,4191,3054,72.8704366499642
more-itertools,10.5.0,290,20260924,664,272,4191,3103,74.03960868527798
more-itertools,10.5.0,291,20260924,664,272,4191,3016,71.96373180625149
more-itertools,10.5.0,292,20260924,664,272,4191,3140,74.92245287520878
more-itertools,10.5.0,293,20260924,664,272,4191,3318,79.1696492483894
more-itertools,10.5.0,294,20260924,664,272,4191,3111,74.23049391553329
more-itertools,10.5.0,295,20260924,664,272,4191,3022,72.10689572894297
more-itertools,10.5.0,296,20260924,664,272,4191,3037,72.46480553567167
more-itertools,10.5.0,297,20260924,664,272,4191,2919,69.64924838940587
more-itertools,10.5.0,298,20260924,664,272,4191,3185,75.99618229539489
more-itertools,10.5.0,299,20260924,664,272,4191,3118,74.39751849200668
more-itertools,10.5.0,300,20260924,664,272,4191,3141,74.9463135289907
more-itertools,10.5.0,301,20260924,664,272,4191,2907,69.36292054402291
more-itertools,10.5.0,302,20260924,664,272,4191,3089,73.70555953233118
more-itertools,10.5.0,303,20260924,664,272,4191,3294,78.59699355762348
more-itertools,10.5.0,304,20260924,664,272,4191,3107,74.13505130040564
more-itertools,10.5.0,305,20260924,664,272,4191,2918,69.62538773562396
more-itertools,10.5.0,306,20260924,664,272,4191,2912,69.48222381293247
more-itertools,10.5.0,307,20260924,664,272,4191,3069,73.22834645669292
more-itertools,10.5.0,308,20260924,664,272,4191,3115,74.32593653066094
more-itertools,10.5.0,309,20260924,664,272,4191,2902,69.24361727511334
more-itertools,10.5.0,310,20260924,664,272,4191,3129,74.65998568360773
more-itertools,10.5.0,311,20260924,664,272,4191,2948,70.34120734908136
more-itertools,10.5.0,312,20260924,664,272,4191,3081,73.51467430207587
more-itertools,10.5.0,313,20260924,664,272,4191,3029,72.27392030541637
more-itertools,10.5.0,314,20260924,664,272,4191,3061,73.0374612264376
more-itertools,10.5.0,315,20260924,664,272,4191,3032,72.34550226676211
more-itertools,10.5.0,316,20260924,664,272,4191,3355,80.05249343832021
more-itertools,10.5.0,317,20260924,664,272,4191,3101,73.99188737771415
more-itertools,10.5.0,318,20260924,664,272,4191,3218,76.78358387019804
more-itertools,10.5.0,319,20260924,664,272,4191,3086,73.63397757098545
more-itertools,10.5.0,320,20260924,664,272,4191,3003,71.65354330708661
more-itertools,10.5.0,321,20260924,664,272,4191,3102,74.01574803149606
more-itertools,10.5.0,322,20260924,664,272,4191,3035,72.41708422810785
more-itertools,10.5.0,323,20260924,664,272,4191,3005,71.70126461465044
more-itertools,10.5.0,324,20260924,664,272,4191,3100,73.96802672393224
more-itertools,10.5.0,325,20260924,664,272,4191,2966,70.77069911715581
more-itertools,10.5.0,326,20260924,664,272,4191,3221,76.85516583154379
more-itertools,10.5.0,327,20260924,664,272,4191,3268,77.97661655929373
more-itertools,10.5.0,328,20260924,664,272,4191,3172,75.68599379623002
more-itertools,10.5.0,329,20260924,664,272,4191,2864,68.33691243140062
more-itertools,10.5.0,330,20260924,664,272,4191,2866,68.38463373896445
more-itertools,10.5.0,331,20260924,664,272,4191,2931,69.93557623478884
more-itertools,10.5.0,332,20260924,664,272,4191,3304,78.83560009544262
more-itertools,10.5.0,333,20260924,664,272,4191,3076,73.39537103316631
more-itertools,10.5.0,334,20260924,664,272,4191,2823,67.35862562634216
more-itertools,10.5.0,335,20260924,664,272,4191,3071,73.27606776425674
more-itertools,10.5.0,336,20260924,664,272,4191,2905,69.31519923645908
more-itertools,10.5.0,337,20260924,664,272,4191,3157,75.32808398950131
more-itertools,10.5.0,338,20260924,664,272,4191,3126,74.58840372226199
more-itertools,10.5.0,339,20260924,664,272,4191,3250,77.54712479121928
more-itertools,10.5.0,340,20260924,664,272,4191,3228,77.02219040801718
more-itertools,10.5.0,341,20260924,664,272,4191,3303,78.8117394416607
more-itertools,10.5.0,342,20260924,664,272,4191,3057,72.94201861130995
more-itertools,10.5.0,343,20260924,664,272,4191,3093,73.80100214745885
more-itertools,10.5.0,344,20260924,664,272,4191,3265,77.90503459794799
more-itertools,10.5.0,345,20260924,664,272,4191,3117,74.37365783822477
more-itertools,10.5.0,346,20260924,664,272,4191,3282,78.31066571224052
more-itertools,10.5.0,347,20260924,664,272,4191,3114,74.30207587687903
more-itertools,10.5.0,348,20260924,664,272,4191,3071,73.27606776425674
more-itertools,10.5.0,349,20260924,664,272,4191,3242,77.35623956096397
more-itertools,10.5.0,350,20260924,664,272,4191,2831,67.54951085659746
more-itertools,10.5.0,351,20260924,664,272,4191,2909,69.41064185158673
more-itertools,10.5.0,352,20260924,664,272,4191,3166,75.54282987353854
more-itertools,10.5.0,353,20260924,664,272,4191,3007,71.74898592221427
more-itertools,10.5.0,354,20260924,664,272,4191,3198,76.30637079455977
more-itertools,10.5.0,355,20260924,664,272,4191,3071,73.27606776425674
more-itertools,10.5.0,356,20260924,664,272,4191,3135,74.80314960629921
more-itertools,10.5.0,357,20260924,664,272,4191,3187,76.04390360295872
more-itertools,10.5.0,358,20260924,664,272,4191,3376,80.5535671677404
more-itertools,10.5.0,359,20260924,664,272,4191,2826,67.4302075876879
more-itertools,10.5.0,360,20260924,664,272,4191,3285,78.38224767358625
more-itertools,10.5.0,361,20260924,664,272,4191,3002,71.6296826533047
more-itertools,10.5.0,362,20260924,664,272,4191,2994,71.4387974230494
more-itertools,10.5.0,363,20260924,664,272,4191,3178,75.8291577189215
more-itertools,10.5.0,364,20260924,664,272,4191,3120,74.4452397995705
more-itertools,10.5.0,365,20260924,664,272,4191,3160,75.39966595084705
more-itertools,10.5.0,366,20260924,664,272,4191,3216,76.73586256263421
more-itertools,10.5.0,367,20260924,664,272,4191,3296,78.64471486518731
more-itertools,10.5.0,368,20260924,664,272,4191,3216,76.73586256263421
more-itertools,10.5.0,369,20260924,664,272,4191,3146,75.06561679790026
more-itertools,10.5.0,370,20260924,664,272,4191,3208,76.5449773323789
more-itertools,10.5.0,371,20260924,664,272,4191,2965,70.74683846337389
more-itertools,10.5.0,372,20260924,664,272,4191,3182,75.92460033404916
more-itertools,10.5.0,373,20260924,664,272,4191,3242,77.35623956096397
more-itertools,10.5.0,374,20260924,664,272,4191,3219,76.80744452397995
more-itertools,10.5.0,375,20260924,664,272,4191,3076,73.39537103316631
more-itertools,10.5.0,376,20260924,664,272,4191,3047,72.70341207349081
more-itertools,10.5.0,377,20260924,664,272,4191,3083,73.56239560963971
more-itertools,10.5.0,378,20260924,664,272,4191,3269,78.00047721307564
more-itertools,10.5.0,379,20260924,664,272,4191,3064,73.10904318778334
more-itertools,10.5.0,380,20260924,664,272,4191,3180,75.87687902648533
more-itertools,10.5.0,381,20260924,664,272,4191,3065,73.13290384156525
more-itertools,10.5.0,382,20260924,664,272,4191,2968,70.81842042471963
more-itertools,10.5.0,383,20260924,664,272,4191,3271,78.04819852063946
more-itertools,10.5.0,384,20260924,664,272,4191,3152,75.20878072059175
more-itertools,10.5.0,385,20260924,664,272,4191,3086,73.63397757098545
more-itertools,10.5.0,386,20260924,664,272,4191,3100,73.96802672393224
more-itertools,10.5.0,387,20260924,664,272,4191,3199,76.33023144834168
more-itertools,10.5.0,388,20260924,664,272,4191,3108,74.15891195418754
more-itertools,10.5.0,389,20260924,664,272,4191,3030,72.29778095919828
more-itertools,10.5.0,390,20260924,664,272,4191,3129,74.65998568360773
more-itertools,10.5.0,391,20260924,664,272,4191,2948,70.34120734908136
more-itertools,10.5.0,392,20260924,664,272,4191,2993,71.41493676926748
more-itertools,10.5.0,393,20260924,664,272,4191,3001,71.60582199952279
more-itertools,10.5.0,394,20260924,664,272,4191,3392,80.93533762825102
more-itertools,10.5.0,395,20260924,664,272,4191,2957,70.55595323311859
more-itertools,10.5.0,396,20260924,664,272,4191,3067,73.18062514912909
more-itertools,10.5.0,397,20260924,664,272,4191,3171,75.6621331424481
more-itertools,10.5.0,398,20260924,664,272,4191,2953,70.46051061799093
more-itertools,10.5.0,399,20260924,664,272,4191,3112,74.2543545693152
more-itertools,10.5.0,400,20260924,664,272,4191,3111,74.23049391553329
more-itertools,10.5.0,401,20260924,664,272,4191,2938,70.10260081126223
more-itertools,10.5.0,402,20260924,664,272,4191,3221,76.85516583154379
more-itertools,10.5.0,403,20260924,664,272,4191,3228,77.02219040801718
more-itertools,10.5.0,404,20260924,664,272,4191,2855,68.12216654736339
more-itertools,10.5.0,405,20260924,664,272,4191,3007,71.74898592221427
more-itertools,10.5.0,406,20260924,664,272,4191,3017,71.98759246003341
more-itertools,10.5.0,407,20260924,664,272,4191,3111,74.23049391553329
more-itertools,10.5.0,408,20260924,664,272,4191,2994,71.4387974230494
more-itertools,10.5.0,409,20260924,664,272,4191,3055,72.89429730374613
more-itertools,10.5.0,410,20260924,664,272,4191,2847,67.93128131710809
more-itertools,10.5.0,411,20260924,664,272,4191,3185,75.99618229539489
more-itertools,10.5.0,412,20260924,664,272,4191,3350,79.93319016941064
more-itertools,10.5.0,413,20260924,664,272,4191,2945,70.26962538773563
more-itertools,10.5.0,414,20260924,664,272,4191,2959,70.60367454068242
more-itertools,10.5.0,415,20260924,664,272,4191,3084,73.58625626342162
more-itertools,10.5.0,416,20260924,664,272,4191,3261,77.80959198282032
more-itertools,10.5.0,417,20260924,664,272,4191,3240,77.30851825340014
more-itertools,10.5.0,418,20260924,664,272,4191,3197,76.28251014077786
more-itertools,10.5.0,419,20260924,664,272,4191,3108,74.15891195418754
more-itertools,10.5.0,420,20260924,664,272,4191,2991,71.36721546170365
more-itertools,10.5.0,421,20260924,664,272,4191,2889,68.93342877594846
more-itertools,10.5.0,422,20260924,664,272,4191,3191,76.13934621808637
more-itertools,10.5.0,423,20260924,664,272,4191,3167,75.56669052732045
more-itertools,10.5.0,424,20260924,664,272,4191,2985,71.22405153901217
more-itertools,10.5.0,425,20260924,664,272,4191,3110,74.20663326175138
more-itertools,10.5.0,426,20260924,664,272,4191,3054,72.8704366499642
more-itertools,10.5.0,427,20260924,664,272,4191,3116,74.34979718444285
more-itertools,10.5.0,428,20260924,664,272,4191,3050,72.77499403483655
more-itertools,10.5.0,429,20260924,664,272,4191,3063,73.08518253400143
more-itertools,10.5.0,430,20260924,664,272,4191,3213,76.66428060128848
more-itertools,10.5.0,431,20260924,664,272,4191,3225,76.95060844667144
more-itertools,10.5.0,432,20260924,664,272,4191,3125,74.56454306848008
more-itertools,10.5.0,433,20260924,664,272,4191,3170,75.63827248866619
more-itertools,10.5.0,434,20260924,664,272,4191,3092,73.77714149367692
more-itertools,10.5.0,435,20260924,664,272,4191,3049,72.75113338105464
more-itertools,10.5.0,436,20260924,664,272,4191,3150,75.16105941302791
more-itertools,10.5.0,437,20260924,664,272,4191,2986,71.24791219279409
more-itertools,10.5.0,438,20260924,664,272,4191,3278,78.21522309711285
more-itertools,10.5.0,439,20260924,664,272,4191,2974,70.96158434741112
more-itertools,10.5.0,440,20260924,664,272,4191,3134,74.7792889525173
more-itertools,10.5.0,441,20260924,664,272,4191,3028,72.25005965163446
more-itertools,10.5.0,442,20260924,664,272,4191,3068,73.204485802911
more-itertools,10.5.0,443,20260924,664,272,4191,3107,74.13505130040564
more-itertools,10.5.0,444,20260924,664,272,4191,3058,72.96587926509186
more-itertools,10.5.0,445,20260924,664,272,4191,3077,73.41923168694822
more-itertools,10.5.0,446,20260924,664,272,4191,3088,73.68169887854927
more-itertools,10.5.0,447,20260924,664,272,4191,2959,70.60367454068242
more-itertools,10.5.0,448,20260924,664,272,4191,3185,75.99618229539489
more-itertools,10.5.0,449,20260924,664,272,4191,3093,73.80100214745885
more-itertools,10.5.0,450,20260924,664,272,4191,3169,75.61441183488428
more-itertools,10.5.0,451,20260924,664,272,4191,3103,74.03960868527798
more-itertools,10.5.0,452,20260924,664,272,4191,3140,74.92245287520878
more-itertools,10.5.0,453,20260924,664,272,4191,3169,75.61441183488428
more-itertools,10.5.0,454,20260924,664,272,4191,3190,76.11548556430446
more-itertools,10.5.0,455,20260924,664,272,4191,3053,72.8465759961823
more-itertools,10.5.0,456,20260924,664,272,4191,2939,70.12646146504414
more-itertools,10.5.0,457,20260924,664,272,4191,3128,74.63612502982582
more-itertools,10.5.0,458,20260924,664,272,4191,2944,70.2457647339537
more-itertools,10.5.0,459,20260924,664,272,4191,3138,74.87473156764496
more-itertools,10.5.0,460,20260924,664,272,4191,3058,72.96587926509186
more-itertools,10.5.0,461,20260924,664,272,4191,3205,76.47339537103316
more-itertools,10.5.0,462,20260924,664,272,4191,3328,79.40825578620854
more-itertools,10.5.0,463,20260924,664,272,4191,2947,70.31734669529945
more-itertools,10.5.0,464,20260924,664,272,4191,3042,72.58410880458125
more-itertools,10.5.0,465,20260924,664,272,4191,3043,72.60796945836316
more-itertools,10.5.0,466,20260924,664,272,4191,3304,78.83560009544262
more-itertools,10.5.0,467,20260924,664,272,4191,3203,76.42567406346934
more-itertools,10.5.0,468,20260924,664,272,4191,3042,72.58410880458125
more-itertools,10.5.0,469,20260924,664,272,4191,3036,72.44094488188976
more-itertools,10.5.0,470,20260924,664,272,4191,3098,73.92030541636841
more-itertools,10.5.0,471,20260924,664,272,4191,3058,72.96587926509186
more-itertools,10.5.0,472,20260924,664,272,4191,3082,73.53853495585778
more-itertools,10.5.0,473,20260924,664,272,4191,3149,75.137198759246
more-itertools,10.5.0,474,20260924,664,272,4191,3199,76.33023144834168
more-itertools,10.5.0,475,20260924,664,272,4191,3102,74.01574803149606
more-itertools,10.5.0,476,20260924,664,272,4191,3014,71.91601049868767
more-itertools,10.5.0,477,20260924,664,272,4191,3277,78.19136244333095
more-itertools,10.5.0,478,20260924,664,272,4191,2997,71.51037938439514
more-itertools,10.5.0,479,20260924,664,272,4191,3242,77.35623956096397
more-itertools,10.5.0,480,20260924,664,272,4191,3020,72.05917442137914
more-itertools,10.5.0,481,20260924,664,272,4191,3084,73.58625626342162
more-itertools,10.5.0,482,20260924,664,272,4191,3088,73.68169887854927
more-itertools,10.5.0,483,20260924,664,272,4191,2907,69.36292054402291
more-itertools,10.5.0,484,20260924,664,272,4191,3140,74.92245287520878
more-itertools,10.5.0,485,20260924,664,272,4191,3258,77.7380100214746
more-itertools,10.5.0,486,20260924,664,272,4191,2940,70.15032211882605
more-itertools,10.5.0,487,20260924,664,272,4191,3085,73.61011691720353
more-itertools,10.5.0,488,20260924,664,272,4191,3189,76.09162491052255
more-itertools,10.5.0,489,20260924,664,272,4191,3148,75.1133381054641
more-itertools,10.5.0,490,20260924,664,272,4191,3093,73.80100214745885
more-itertools,10.5.0,491,20260924,664,272,4191,3171,75.6621331424481
more-itertools,10.5.0,492,20260924,664,272,4191,3104,74.06346933905989
more-itertools,10.5.0,493,20260924,664,272,4191,3074,73.34764972560248
more-itertools,10.5.0,494,20260924,664,272,4191,3270,78.02433786685755
more-itertools,10.5.0,495,20260924,664,272,4191,2992,71.39107611548556
more-itertools,10.5.0,496,20260924,664,272,4191,3119,74.42137914578859
more-itertools,10.5.0,497,20260924,664,272,4191,3098,73.92030541636841
more-itertools,10.5.0,498,20260924,664,272,4191,3063,73.08518253400143
more-itertools,10.5.0,499,20260924,664,272,4191,3072,73.29992841803866
more-itertools,10.5.0,500,20260924,664,272,4191,2980,71.1047482701026
more-itertools,10.5.0,501,20260924,664,272,4191,3197,76.28251014077786
more-itertools,10.5.0,502,20260924,664,272,4191,2848,67.95514197089
more-itertools,10.5.0,503,20260924,664,272,4191,3269,78.00047721307564
more-itertools,10.5.0,504,20260924,664,272,4191,3272,78.07205917442138
more-itertools,10.5.0,505,20260924,664,272,4191,3199,76.33023144834168
more-itertools,10.5.0,506,20260924,664,272,4191,2999,71.55810069195896
more-itertools,10.5.0,507,20260924,664,272,4191,2881,68.74254354569315
more-itertools,10.5.0,508,20260924,664,272,4191,3020,72.05917442137914
more-itertools,10.5.0,509,20260924,664,272,4191,3289,78.47769028871392
more-itertools,10.5.0,510,20260924,664,272,4191,3198,76.30637079455977
more-itertools,10.5.0,511,20260924,664,272,4191,3138,74.87473156764496
more-itertools,10.5.0,512,20260924,664,272,4191,2776,66.23717489859222
more-itertools,10.5.0,513,20260924,664,272,4191,3031,72.3216416129802
more-itertools,10.5.0,514,20260924,664,272,4191,3124,74.54068241469817
more-itertools,10.5.0,515,20260924,664,272,4191,3162,75.44738725841088
more-itertools,10.5.0,516,20260924,664,272,4191,3025,72.17847769028872
more-itertools,10.5.0,517,20260924,664,272,4191,3057,72.94201861130995
more-itertools,10.5.0,518,20260924,664,272,4191,2950,70.38892865664519
more-itertools,10.5.0,519,20260924,664,272,4191,3102,74.01574803149606
more-itertools,10.5.0,520,20260924,664,272,4191,3277,78.19136244333095
more-itertools,10.5.0,521,20260924,664,272,4191,3088,73.68169887854927
more-itertools,10.5.0,522,20260924,664,272,4191,3133,74.75542829873538
more-itertools,10.5.0,523,20260924,664,272,4191,3018,72.01145311381532
more-itertools,10.5.0,524,20260924,664,272,4191,3028,72.25005965163446
more-itertools,10.5.0,525,20260924,664,272,4191,3026,72.20233834407063
more-itertools,10.5.0,526,20260924,664,272,4191,3043,72.60796945836316
more-itertools,10.5.0,527,20260924,664,272,4191,3238,77.26079694583632
more-itertools,10.5.0,528,20260924,664,272,4191,3214,76.68814125507039
more-itertools,10.5.0,529,20260924,664,272,4191,3047,72.70341207349081
more-itertools,10.5.0,530,20260924,664,272,4191,3262,77.83345263660225
more-itertools,10.5.0,531,20260924,664,272,4191,3180,75.87687902648533
more-itertools,10.5.0,532,20260924,664,272,4191,3107,74.13505130040564
more-itertools,10.5.0,533,20260924,664,272,4191,2990,71.34335480792174
more-itertools,10.5.0,534,20260924,664,272,4191,3173,75.70985445001193
more-itertools,10.5.0,535,20260924,664,272,4191,3185,75.99618229539489
more-itertools,10.5.0,536,20260924,664,272,4191,3120,74.4452397995705
more-itertools,10.5.0,537,20260924,664,272,4191,3323,79.28895251729898
more-itertools,10.5.0,538,20260924,664,272,4191,2950,70.38892865664519
more-itertools,10.5.0,539,20260924,664,272,4191,3208,76.5449773323789
more-itertools,10.5.0,540,20260924,664,272,4191,3068,73.204485802911
more-itertools,10.5.0,541,20260924,664,272,4191,3042,72.58410880458125
more-itertools,10.5.0,542,20260924,664,272,4191,3245,77.42782152230971
more-itertools,10.5.0,543,20260924,664,272,4191,2940,70.15032211882605
more-itertools,10.5.0,544,20260924,664,272,4191,3213,76.66428060128848
more-itertools,10.5.0,545,20260924,664,272,4191,3107,74.13505130040564
more-itertools,10.5.0,546,20260924,664,272,4191,3021,72.08303507516106
more-itertools,10.5.0,547,20260924,664,272,4191,2949,70.36506800286328
more-itertools,10.5.0,548,20260924,664,272,4191,3238,77.26079694583632
more-itertools,10.5.0,549,20260924,664,272,4191,3130,74.68384633738964
more-itertools,10.5.0,550,20260924,664,272,4191,3078,73.44309234073013
more-itertools,10.5.0,551,20260924,664,272,4191,3037,72.46480553567167
more-itertools,10.5.0,552,20260924,664,272,4191,3173,75.70985445001193
more-itertools,10.5.0,553,20260924,664,272,4191,3159,75.37580529706514
more-itertools,10.5.0,554,20260924,664,272,4191,3083,73.56239560963971
more-itertools,10.5.0,555,20260924,664,272,4191,2985,71.22405153901217
more-itertools,10.5.0,556,20260924,664,272,4191,3083,73.56239560963971
more-itertools,10.5.0,557,20260924,664,272,4191,3150,75.16105941302791
more-itertools,10.5.0,558,20260924,664,272,4191,3147,75.08947745168217
more-itertools,10.5.0,559,20260924,664,272,4191,3253,77.61870675256502
more-itertools,10.5.0,560,20260924,664,272,4191,3212,76.64041994750656
more-itertools,10.5.0,561,20260924,664,272,4191,2971,70.89000238606538
more-itertools,10.5.0,562,20260924,664,272,4191,3070,73.25220711047483
more-itertools,10.5.0,563,20260924,664,272,4191,3130,74.68384633738964
more-itertools,10.5.0,564,20260924,664,272,4191,3127,74.61226437604391
more-itertools,10.5.0,565,20260924,664,272,4191,3066,73.15676449534718
more-itertools,10.5.0,566,20260924,664,272,4191,3303,78.8117394416607
more-itertools,10.5.0,567,20260924,664,272,4191,3213,76.66428060128848
more-itertools,10.5.0,568,20260924,664,272,4191,3299,78.71629682653305
more-itertools,10.5.0,569,20260924,664,272,4191,3046,72.6795514197089
more-itertools,10.5.0,570,20260924,664,272,4191,3100,73.96802672393224
more-itertools,10.5.0,571,20260924,664,272,4191,3237,77.23693629205441
more-itertools,10.5.0,572,20260924,664,272,4191,3185,75.99618229539489
more-itertools,10.5.0,573,20260924,664,272,4191,3028,72.25005965163446
more-itertools,10.5.0,574,20260924,664,272,4191,3040,72.53638749701742
more-itertools,10.5.0,575,20260924,664,272,4191,3269,78.00047721307564
more-itertools,10.5.0,576,20260924,664,272,4191,3073,73.32378907182057
more-itertools,10.5.0,577,20260924,664,272,4191,3131,74.70770699117156
more-itertools,10.5.0,578,20260924,664,272,4191,3207,76.521116678597
more-itertools,10.5.0,579,20260924,664,272,4191,3132,74.73156764495347
more-itertools,10.5.0,580,20260924,664,272,4191,3148,75.1133381054641
more-itertools,10.5.0,581,20260924,664,272,4191,2830,67.52565020281556
more-itertools,10.5.0,582,20260924,664,272,4191,3171,75.6621331424481
more-itertools,10.5.0,583,20260924,664,272,4191,3179,75.85301837270342
more-itertools,10.5.0,584,20260924,664,272,4191,3220,76.83130517776188
more-itertools,10.5.0,585,20260924,664,272,4191,3055,72.89429730374613
more-itertools,10.5.0,586,20260924,664,272,4191,2958,70.5798138869005
more-itertools,10.5.0,587,20260924,664,272,4191,3045,72.65569076592699
more-itertools,10.5.0,588,20260924,664,272,4191,3263,77.85731329038416
more-itertools,10.5.0,589,20260924,664,272,4191,3093,73.80100214745885
more-itertools,10.5.0,590,20260924,664,272,4191,2970,70.86614173228347
more-itertools,10.5.0,591,20260924,664,272,4191,2908,69.38678119780482
more-itertools,10.5.0,592,20260924,664,272,4191,3280,78.26294440467669
more-itertools,10.5.0,593,20260924,664,272,4191,3211,76.61655929372465
more-itertools,10.5.0,594,20260924,664,272,4191,2993,71.41493676926748
more-itertools,10.5.0,595,20260924,664,272,4191,2906,69.33905989024099
more-itertools,10.5.0,596,20260924,664,272,4191,3243,77.38010021474588
more-itertools,10.5.0,597,20260924,664,272,4191,3082,73.53853495585778
more-itertools,10.5.0,598,20260924,664,272,4191,3116,74.34979718444285
more-itertools,10.5.0,599,20260924,664,272,4191,2785,66.45192078262944
more-itertools,10.5.0,600,20260924,664,272,4191,2887,68.88570746838464
more-itertools,10.5.0,601,20260924,664,272,4191,2961,70.65139584824624
more-itertools,10.5.0,602,20260924,664,272,4191,3144,75.01789549033643
more-itertools,10.5.0,603,20260924,664,272,4191,3079,73.46695299451206
more-itertools,10.5.0,604,20260924,664,272,4191,3212,76.64041994750656
more-itertools,10.5.0,605,20260924,664,272,4191,3199,76.33023144834168
more-itertools,10.5.0,606,20260924,664,272,4191,3046,72.6795514197089
more-itertools,10.5.0,607,20260924,664,272,4191,3114,74.30207587687903
more-itertools,10.5.0,608,20260924,664,272,4191,3272,78.07205917442138
more-itertools,10.5.0,609,20260924,664,272,4191,3084,73.58625626342162
more-itertools,10.5.0,610,20260924,664,272,4191,2927,69.84013361966117
more-itertools,10.5.0,611,20260924,664,272,4191,3129,74.65998568360773
more-itertools,10.5.0,612,20260924,664,272,4191,3271,78.04819852063946
more-itertools,10.5.0,613,20260924,664,272,4191,3220,76.83130517776188
more-itertools,10.5.0,614,20260924,664,272,4191,3107,74.13505130040564
more-itertools,10.5.0,615,20260924,664,272,4191,2974,70.96158434741112
more-itertools,10.5.0,616,20260924,664,272,4191,3276,78.16750178954904
more-itertools,10.5.0,617,20260924,664,272,4191,3210,76.59269863994274
more-itertools,10.5.0,618,20260924,664,272,4191,3012,71.86828919112384
more-itertools,10.5.0,619,20260924,664,272,4191,3211,76.61655929372465
more-itertools,10.5.0,620,20260924,664,272,4191,3037,72.46480553567167
more-itertools,10.5.0,621,20260924,664,272,4191,3280,78.26294440467669
more-itertools,10.5.0,622,20260924,664,272,4191,2958,70.5798138869005
more-itertools,10.5.0,623,20260924,664,272,4191,3255,77.66642806012885
more-itertools,10.5.0,624,20260924,664,272,4191,3073,73.32378907182057
more-itertools,10.5.0,625,20260924,664,272,4191,2867,68.40849439274636
more-itertools,10.5.0,626,20260924,664,272,4191,3238,77.26079694583632
more-itertools,10.5.0,627,20260924,664,272,4191,3149,75.137198759246
more-itertools,10.5.0,628,20260924,664,272,4191,3222,76.8790264853257
more-itertools,10.5.0,629,20260924,664,272,4191,2794,66.66666666666667
more-itertools,10.5.0,630,20260924,664,272,4191,3005,71.70126461465044
more-itertools,10.5.0,631,20260924,664,272,4191,3178,75.8291577189215
more-itertools,10.5.0,632,20260924,664,272,4191,3278,78.21522309711285
more-itertools,10.5.0,633,20260924,664,272,4191,3036,72.44094488188976
more-itertools,10.5.0,634,20260924,664,272,4191,2972,70.91386303984729
more-itertools,10.5.0,635,20260924,664,272,4191,2943,70.2219040801718
more-itertools,10.5.0,636,20260924,664,272,4191,3301,78.76401813409687
more-itertools,10.5.0,637,20260924,664,272,4191,3146,75.06561679790026
more-itertools,10.5.0,638,20260924,664,272,4191,3215,76.7120019088523
more-itertools,10.5.0,639,20260924,664,272,4191,3132,74.73156764495347
more-itertools,10.5.0,640,20260924,664,272,4191,3122,74.49296110713433
more-itertools,10.5.0,641,20260924,664,272,4191,2744,65.47363397757098
more-itertools,10.5.0,642,20260924,664,272,4191,3090,73.7294201861131
more-itertools,10.5.0,643,20260924,664,272,4191,3112,74.2543545693152
more-itertools,10.5.0,644,20260924,664,272,4191,3142,74.97017418277261
more-itertools,10.5.0,645,20260924,664,272,4191,3189,76.09162491052255
more-itertools,10.5.0,646,20260924,664,272,4191,3286,78.40610832736817
more-itertools,10.5.0,647,20260924,664,272,4191,3177,75.80529706513958
more-itertools,10.5.0,648,20260924,664,272,4191,3184,75.97232164161298
more-itertools,10.5.0,649,20260924,664,272,4191,3136,74.82701026008112
more-itertools,10.5.0,650,20260924,664,272,4191,3021,72.08303507516106
more-itertools,10.5.0,651,20260924,664,272,4191,2977,71.03316630875686
more-itertools,10.5.0,652,20260924,664,272,4191,3095,73.84872345502266
more-itertools,10.5.0,653,20260924,664,272,4191,3242,77.35623956096397
more-itertools,10.5.0,654,20260924,664,272,4191,3147,75.08947745168217
more-itertools,10.5.0,655,20260924,664,272,4191,3153,75.23264137437366
more-itertools,10.5.0,656,20260924,664,272,4191,3166,75.54282987353854
more-itertools,10.5.0,657,20260924,664,272,4191,3304,78.83560009544262
more-itertools,10.5.0,658,20260924,664,272,4191,3483,83.10665712240515
more-itertools,10.5.0,659,20260924,664,272,4191,3198,76.30637079455977
more-itertools,10.5.0,660,20260924,664,272,4191,2983,71.17633023144835
more-itertools,10.5.0,661,20260924,664,272,4191,3174,75.73371510379384
more-itertools,10.5.0,662,20260924,664,272,4191,3017,71.98759246003341
more-itertools,10.5.0,663,20260924,664,272,4191,3200,76.3540921021236
more-itertools,10.5.0,664,20260924,664,272,4191,3152,75.20878072059175
more-itertools,10.5.0,665,20260924,664,272,4191,3111,74.23049391553329
more-itertools,10.5.0,666,20260924,664,272,4191,3010,71.82056788356
more-itertools,10.5.0,667,20260924,664,272,4191,3082,73.53853495585778
more-itertools,10.5.0,668,20260924,664,272,4191,2809,67.02457647339537
more-itertools,10.5.0,669,20260924,664,272,4191,3101,73.99188737771415
more-itertools,10.5.0,670,20260924,664,272,4191,2905,69.31519923645908
more-itertools,10.5.0,671,20260924,664,272,4191,3199,76.33023144834168
more-itertools,10.5.0,672,20260924,664,272,4191,3183,75.94846098783107
more-itertools,10.5.0,673,20260924,664,272,4191,3258,77.7380100214746
more-itertools,10.5.0,674,20260924,664,272,4191,3278,78.21522309711285
more-itertools,10.5.0,675,20260924,664,272,4191,3155,75.28036268193749
more-itertools,10.5.0,676,20260924,664,272,4191,3286,78.40610832736817
more-itertools,10.5.0,677,20260924,664,272,4191,3061,73.0374612264376
more-itertools,10.5.0,678,20260924,664,272,4191,3170,75.63827248866619
more-itertools,10.5.0,679,20260924,664,272,4191,3265,77.90503459794799
more-itertools,10.5.0,680,20260924,664,272,4191,3143,74.99403483655452
more-itertools,10.5.0,681,20260924,664,272,4191,3092,73.77714149367692
more-itertools,10.5.0,682,20260924,664,272,4191,2881,68.74254354569315
more-itertools,10.5.0,683,20260924,664,272,4191,3169,75.61441183488428
more-itertools,10.5.0,684,20260924,664,272,4191,3237,77.23693629205441
more-itertools,10.5.0,685,20260924,664,272,4191,3096,73.87258410880459
more-itertools,10.5.0,686,20260924,664,272,4191,3041,72.56024815079934
more-itertools,10.5.0,687,20260924,664,272,4191,3284,78.35838701980434
more-itertools,10.5.0,688,20260924,664,272,4191,2919,69.64924838940587
more-itertools,10.5.0,689,20260924,664,272,4191,3138,74.87473156764496
more-itertools,10.5.0,690,20260924,664,272,4191,3421,81.62729658792651
more-itertools,10.5.0,691,20260924,664,272,4191,3197,76.28251014077786
more-itertools,10.5.0,692,20260924,664,272,4191,2971,70.89000238606538
more-itertools,10.5.0,693,20260924,664,272,4191,3215,76.7120019088523
more-itertools,10.5.0,694,20260924,664,272,4191,3206,76.49725602481509
more-itertools,10.5.0,695,20260924,664,272,4191,3090,73.7294201861131
more-itertools,10.5.0,696,20260924,664,272,4191,3234,77.16535433070867
more-itertools,10.5.0,697,20260924,664,272,4191,3072,73.29992841803866
more-itertools,10.5.0,698,20260924,664,272,4191,3205,76.47339537103316
more-itertools,10.5.0,699,20260924,664,272,4191,3039,72.5125268432355
more-itertools,10.5.0,700,20260924,664,272,4191,3112,74.2543545693152
more-itertools,10.5.0,701,20260924,664,272,4191,3120,74.4452397995705
more-itertools,10.5.0,702,20260924,664,272,4191,2989,71.31949415413982
more-itertools,10.5.0,703,20260924,664,272,4191,3095,73.84872345502266
more-itertools,10.5.0,704,20260924,664,272,4191,3060,73.01360057265569
more-itertools,10.5.0,705,20260924,664,272,4191,2933,69.98329754235266
more-itertools,10.5.0,706,20260924,664,272,4191,3105,74.0873299928418
more-itertools,10.5.0,707,20260924,664,272,4191,3165,75.51896921975663
more-itertools,10.5.0,708,20260924,664,272,4191,3256,77.69028871391076
more-itertools,10.5.0,709,20260924,664,272,4191,3259,77.7618706752565
more-itertools,10.5.0,710,20260924,664,272,4191,2831,67.54951085659746
more-itertools,10.5.0,711,20260924,664,272,4191,3039,72.5125268432355
more-itertools,10.5.0,712,20260924,664,272,4191,3018,72.01145311381532
more-itertools,10.5.0,713,20260924,664,272,4191,3179,75.85301837270342
more-itertools,10.5.0,714,20260924,664,272,4191,3196,76.25864948699595
more-itertools,10.5.0,715,20260924,664,272,4191,3142,74.97017418277261
more-itertools,10.5.0,716,20260924,664,272,4191,3128,74.63612502982582
more-itertools,10.5.0,717,20260924,664,272,4191,3021,72.08303507516106
more-itertools,10.5.0,718,20260924,664,272,4191,3277,78.19136244333095
more-itertools,10.5.0,719,20260924,664,272,4191,3234,77.16535433070867
more-itertools,10.5.0,720,20260924,664,272,4191,3139,74.89859222142687
more-itertools,10.5.0,721,20260924,664,272,4191,2967,70.79455977093772
more-itertools,10.5.0,722,20260924,664,272,4191,2989,71.31949415413982
more-itertools,10.5.0,723,20260924,664,272,4191,3167,75.56669052732045
more-itertools,10.5.0,724,20260924,664,272,4191,3027,72.22619899785253
more-itertools,10.5.0,725,20260924,664,272,4191,3180,75.87687902648533
more-itertools,10.5.0,726,20260924,664,272,4191,3078,73.44309234073013
more-itertools,10.5.0,727,20260924,664,272,4191,3070,73.25220711047483
more-itertools,10.5.0,728,20260924,664,272,4191,2971,70.89000238606538
more-itertools,10.5.0,729,20260924,664,272,4191,2930,69.91171558100692
more-itertools,10.5.0,730,20260924,664,272,4191,3081,73.51467430207587
more-itertools,10.5.0,731,20260924,664,272,4191,3106,74.11119064662371
more-itertools,10.5.0,732,20260924,664,272,4191,3328,79.40825578620854
more-itertools,10.5.0,733,20260924,664,272,4191,3047,72.70341207349081
more-itertools,10.5.0,734,20260924,664,272,4191,3203,76.42567406346934
more-itertools,10.5.0,735,20260924,664,272,4191,2747,65.54521593891673
more-itertools,10.5.0,736,20260924,664,272,4191,3093,73.80100214745885
more-itertools,10.5.0,737,20260924,664,272,4191,3015,71.93987115246958
more-itertools,10.5.0,738,20260924,664,272,4191,3084,73.58625626342162
more-itertools,10.5.0,739,20260924,664,272,4191,3170,75.63827248866619
more-itertools,10.5.0,740,20260924,664,272,4191,3150,75.16105941302791
more-itertools,10.5.0,741,20260924,664,272,4191,3198,76.30637079455977
more-itertools,10.5.0,742,20260924,664,272,4191,3067,73.18062514912909
more-itertools,10.5.0,743,20260924,664,272,4191,3169,75.61441183488428
more-itertools,10.5.0,744,20260924,664,272,4191,3316,79.12192794082557
more-itertools,10.5.0,745,20260924,664,272,4191,3078,73.44309234073013
more-itertools,10.5.0,746,20260924,664,272,4191,2802,66.85755189692198
more-itertools,10.5.0,747,20260924,664,272,4191,3160,75.39966595084705
more-itertools,10.5.0,748,20260924,664,272,4191,2978,71.05702696253877
more-itertools,10.5.0,749,20260924,664,272,4191,3112,74.2543545693152
more-itertools,10.5.0,750,20260924,664,272,4191,2971,70.89000238606538
more-itertools,10.5.0,751,20260924,664,272,4191,3304,78.83560009544262
more-itertools,10.5.0,752,20260924,664,272,4191,3068,73.204485802911
more-itertools,10.5.0,753,20260924,664,272,4191,3026,72.20233834407063
more-itertools,10.5.0,754,20260924,664,272,4191,3308,78.93104271057027
more-itertools,10.5.0,755,20260924,664,272,4191,3005,71.70126461465044
more-itertools,10.5.0,756,20260924,664,272,4191,3038,72.4886661894536
more-itertools,10.5.0,757,20260924,664,272,4191,3153,75.23264137437366
more-itertools,10.5.0,758,20260924,664,272,4191,3343,79.76616559293724
more-itertools,10.5.0,759,20260924,664,272,4191,3176,75.78143641135767
more-itertools,10.5.0,760,20260924,664,272,4191,3194,76.21092817943212
more-itertools,10.5.0,761,20260924,664,272,4191,3046,72.6795514197089
more-itertools,10.5.0,762,20260924,664,272,4191,3067,73.18062514912909
more-itertools,10.5.0,763,20260924,664,272,4191,3137,74.85087091386303
more-itertools,10.5.0,764,20260924,664,272,4191,2955,70.50823192555475
more-itertools,10.5.0,765,20260924,664,272,4191,3243,77.38010021474588
more-itertools,10.5.0,766,20260924,664,272,4191,3337,79.62300167024577
more-itertools,10.5.0,767,20260924,664,272,4191,3170,75.63827248866619
more-itertools,10.5.0,768,20260924,664,272,4191,2927,69.84013361966117
more-itertools,10.5.0,769,20260924,664,272,4191,3165,75.51896921975663
more-itertools,10.5.0,770,20260924,664,272,4191,3053,72.8465759961823
more-itertools,10.5.0,771,20260924,664,272,4191,3128,74.63612502982582
more-itertools,10.5.0,772,20260924,664,272,4191,3117,74.37365783822477
more-itertools,10.5.0,773,20260924,664,272,4191,3199,76.33023144834168
more-itertools,10.5.0,774,20260924,664,272,4191,2915,69.55380577427822
more-itertools,10.5.0,775,20260924,664,272,4191,3075,73.37151037938439
more-itertools,10.5.0,776,20260924,664,272,4191,3086,73.63397757098545
more-itertools,10.5.0,777,20260924,664,272,4191,3291,78.52541159627773
more-itertools,10.5.0,778,20260924,664,272,4191,3062,73.06132188021952
more-itertools,10.5.0,779,20260924,664,272,4191,2964,70.72297780959198
more-itertools,10.5.0,780,20260924,664,272,4191,2979,71.08088761632068
more-itertools,10.5.0,781,20260924,664,272,4191,3001,71.60582199952279
more-itertools,10.5.0,782,20260924,664,272,4191,2897,69.12431400620378
more-itertools,10.5.0,783,20260924,664,272,4191,3235,77.18921498449058
more-itertools,10.5.0,784,20260924,664,272,4191,3150,75.16105941302791
more-itertools,10.5.0,785,20260924,664,272,4191,3080,73.49081364829397
more-itertools,10.5.0,786,20260924,664,272,4191,3072,73.29992841803866
more-itertools,10.5.0,787,20260924,664,272,4191,2893,69.02887139107611
more-itertools,10.5.0,788,20260924,664,272,4191,3033,72.36936292054402
more-itertools,10.5.0,789,20260924,664,272,4191,2906,69.33905989024099
more-itertools,10.5.0,790,20260924,664,272,4191,2942,70.19804342638989
more-itertools,10.5.0,791,20260924,664,272,4191,3203,76.42567406346934
more-itertools,10.5.0,792,20260924,664,272,4191,2857,68.16988785492723
more-itertools,10.5.0,793,20260924,664,272,4191,3160,75.39966595084705
more-itertools,10.5.0,794,20260924,664,272,4191,2978,71.05702696253877
more-itertools,10.5.0,795,20260924,664,272,4191,3206,76.49725602481509
more-itertools,10.5.0,796,20260924,664,272,4191,3103,74.03960868527798
more-itertools,10.5.0,797,20260924,664,272,4191,3029,72.27392030541637
more-itertools,10.5.0,798,20260924,664,272,4191,3350,79.93319016941064
more-itertools,10.5.0,799,20260924,664,272,4191,3119,74.42137914578859
more-itertools,10.5.0,800,20260924,664,272,4191,3062,73.06132188021952
more-itertools,10.5.0,801,20260924,664,272,4191,3200,76.3540921021236
more-itertools,10.5.0,802,20260924,664,272,4191,3015,71.93987115246958
more-itertools,10.5.0,803,20260924,664,272,4191,3048,72.72727272727273
more-itertools,10.5.0,804,20260924,664,272,4191,3247,77.47554282987353
more-itertools,10.5.0,805,20260924,664,272,4191,2955,70.50823192555475
more-itertools,10.5.0,806,20260924,664,272,4191,3071,73.27606776425674
more-itertools,10.5.0,807,20260924,664,272,4191,3137,74.85087091386303
more-itertools,10.5.0,808,20260924,664,272,4191,3218,76.78358387019804
more-itertools,10.5.0,809,20260924,664,272,4191,3075,73.37151037938439
more-itertools,10.5.0,810,20260924,664,272,4191,3114,74.30207587687903
more-itertools,10.5.0,811,20260924,664,272,4191,3232,77.11763302314483
more-itertools,10.5.0,812,20260924,664,272,4191,3126,74.58840372226199
more-itertools,10.5.0,813,20260924,664,272,4191,3219,76.80744452397995
more-itertools,10.5.0,814,20260924,664,272,4191,3127,74.61226437604391
more-itertools,10.5.0,815,20260924,664,272,4191,3060,73.01360057265569
more-itertools,10.5.0,816,20260924,664,272,4191,3188,76.06776425674063
more-itertools,10.5.0,817,20260924,664,272,4191,3013,71.89214984490575
more-itertools,10.5.0,818,20260924,664,272,4191,3296,78.64471486518731
more-itertools,10.5.0,819,20260924,664,272,4191,3128,74.63612502982582
more-itertools,10.5.0,820,20260924,664,272,4191,3232,77.11763302314483
more-itertools,10.5.0,821,20260924,664,272,4191,2974,70.96158434741112
more-itertools,10.5.0,822,20260924,664,272,4191,2995,71.4626580768313
more-itertools,10.5.0,823,20260924,664,272,4191,2818,67.2393223574326
more-itertools,10.5.0,824,20260924,664,272,4191,3053,72.8465759961823
more-itertools,10.5.0,825,20260924,664,272,4191,3152,75.20878072059175
more-itertools,10.5.0,826,20260924,664,272,4191,3059,72.98973991887378
more-itertools,10.5.0,827,20260924,664,272,4191,3075,73.37151037938439
more-itertools,10.5.0,828,20260924,664,272,4191,3068,73.204485802911
more-itertools,10.5.0,829,20260924,664,272,4191,3053,72.8465759961823
more-itertools,10.5.0,830,20260924,664,272,4191,3092,73.77714149367692
more-itertools,10.5.0,831,20260924,664,272,4191,3072,73.29992841803866
more-itertools,10.5.0,832,20260924,664,272,4191,3194,76.21092817943212
more-itertools,10.5.0,833,20260924,664,272,4191,3095,73.84872345502266
more-itertools,10.5.0,834,20260924,664,272,4191,2975,70.98544500119303
more-itertools,10.5.0,835,20260924,664,272,4191,3226,76.97446910045335
more-itertools,10.5.0,836,20260924,664,272,4191,3038,72.4886661894536
more-itertools,10.5.0,837,20260924,664,272,4191,3190,76.11548556430446
more-itertools,10.5.0,838,20260924,664,272,4191,3233,77.14149367692674
more-itertools,10.5.0,839,20260924,664,272,4191,3008,71.77284657599618
more-itertools,10.5.0,840,20260924,664,272,4191,3084,73.58625626342162
more-itertools,10.5.0,841,20260924,664,272,4191,3272,78.07205917442138
more-itertools,10.5.0,842,20260924,664,272,4191,3138,74.87473156764496
more-itertools,10.5.0,843,20260924,664,272,4191,3028,72.25005965163446
more-itertools,10.5.0,844,20260924,664,272,4191,3320,79.21737055595324
more-itertools,10.5.0,845,20260924,664,272,4191,3155,75.28036268193749
more-itertools,10.5.0,846,20260924,664,272,4191,3154,75.25650202815557
more-itertools,10.5.0,847,20260924,664,272,4191,3209,76.56883798616082
more-itertools,10.5.0,848,20260924,664,272,4191,3129,74.65998568360773
more-itertools,10.5.0,849,20260924,664,272,4191,3196,76.25864948699595
more-itertools,10.5.0,850,20260924,664,272,4191,3142,74.97017418277261
more-itertools,10.5.0,851,20260924,664,272,4191,2998,71.53424003817705
more-itertools,10.5.0,852,20260924,664,272,4191,3120,74.4452397995705
more-itertools,10.5.0,853,20260924,664,272,4191,3190,76.11548556430446
more-itertools,10.5.0,854,20260924,664,272,4191,3297,78.66857551896922
more-itertools,10.5.0,855,20260924,664,272,4191,2940,70.15032211882605
more-itertools,10.5.0,856,20260924,664,272,4191,3213,76.66428060128848
more-itertools,10.5.0,857,20260924,664,272,4191,2991,71.36721546170365
more-itertools,10.5.0,858,20260924,664,272,4191,2994,71.4387974230494
more-itertools,10.5.0,859,20260924,664,272,4191,3281,78.2868050584586
more-itertools,10.5.0,860,20260924,664,272,4191,3178,75.8291577189215
more-itertools,10.5.0,861,20260924,664,272,4191,3074,73.34764972560248
more-itertools,10.5.0,862,20260924,664,272,4191,3280,78.26294440467669
more-itertools,10.5.0,863,20260924,664,272,4191,3194,76.21092817943212
more-itertools,10.5.0,864,20260924,664,272,4191,2824,67.38248628012407
more-itertools,10.5.0,865,20260924,664,272,4191,3168,75.59055118110236
more-itertools,10.5.0,866,20260924,664,272,4191,2765,65.97470770699117
more-itertools,10.5.0,867,20260924,664,272,4191,3085,73.61011691720353
more-itertools,10.5.0,868,20260924,664,272,4191,2962,70.67525650202816
more-itertools,10.5.0,869,20260924,664,272,4191,3116,74.34979718444285
more-itertools,10.5.0,870,20260924,664,272,4191,3161,75.42352660462896
more-itertools,10.5.0,871,20260924,664,272,4191,3111,74.23049391553329
more-itertools,10.5.0,872,20260924,664,272,4191,3175,75.75757575757575
more-itertools,10.5.0,873,20260924,664,272,4191,3126,74.58840372226199
more-itertools,10.5.0,874,20260924,664,272,4191,3341,79.71844428537342
more-itertools,10.5.0,875,20260924,664,272,4191,3004,71.67740396086853
more-itertools,10.5.0,876,20260924,664,272,4191,3060,73.01360057265569
more-itertools,10.5.0,877,20260924,664,272,4191,3034,72.39322357432593
more-itertools,10.5.0,878,20260924,664,272,4191,3092,73.77714149367692
more-itertools,10.5.0,879,20260924,664,272,4191,3271,78.04819852063946
more-itertools,10.5.0,880,20260924,664,272,4191,3152,75.20878072059175
more-itertools,10.5.0,881,20260924,664,272,4191,3036,72.44094488188976
more-itertools,10.5.0,882,20260924,664,272,4191,2852,68.05058458601766
more-itertools,10.5.0,883,20260924,664,272,4191,3104,74.06346933905989
more-itertools,10.5.0,884,20260924,664,272,4191,3170,75.63827248866619
more-itertools,10.5.0,885,20260924,664,272,4191,3229,77.04605106179909
more-itertools,10.5.0,886,20260924,664,272,4191,3187,76.04390360295872
more-itertools,10.5.0,887,20260924,664,272,4191,3182,75.92460033404916
more-itertools,10.5.0,888,20260924,664,272,4191,3038,72.4886661894536
more-itertools,10.5.0,889,20260924,664,272,4191,3207,76.521116678597
more-itertools,10.5.0,890,20260924,664,272,4191,3117,74.37365783822477
more-itertools,10.5.0,891,20260924,664,272,4191,3273,78.0959198282033
more-itertools,10.5.0,892,20260924,664,272,4191,3069,73.22834645669292
more-itertools,10.5.0,893,20260924,664,272,4191,3014,71.91601049868767
more-itertools,10.5.0,894,20260924,664,272,4191,3123,74.51682176091624
more-itertools,10.5.0,895,20260924,664,272,4191,3047,72.70341207349081
more-itertools,10.5.0,896,20260924,664,272,4191,2928,69.8639942734431
more-itertools,10.5.0,897,20260924,664,272,4191,3054,72.8704366499642
more-itertools,10.5.0,898,20260924,664,272,4191,3012,71.86828919112384
more-itertools,10.5.0,899,20260924,664,272,4191,2979,71.08088761632068
more-itertools,10.5.0,900,20260924,664,272,4191,3183,75.94846098783107
more-itertools,10.5.0,901,20260924,664,272,4191,3103,74.03960868527798
more-itertools,10.5.0,902,20260924,664,272,4191,2849,67.97900262467192
more-itertools,10.5.0,903,20260924,664,272,4191,3041,72.56024815079934
more-itertools,10.5.0,904,20260924,664,272,4191,3289,78.47769028871392
more-itertools,10.5.0,905,20260924,664,272,4191,3169,75.61441183488428
more-itertools,10.5.0,906,20260924,664,272,4191,3259,77.7618706752565
more-itertools,10.5.0,907,20260924,664,272,4191,3018,72.01145311381532
more-itertools,10.5.0,908,20260924,664,272,4191,2783,66.40419947506561
more-itertools,10.5.0,909,20260924,664,272,4191,3156,75.3042233357194
more-itertools,10.5.0,910,20260924,664,272,4191,3370,80.41040324504891
more-itertools,10.5.0,911,20260924,664,272,4191,2917,69.60152708184204
more-itertools,10.5.0,912,20260924,664,272,4191,3011,71.84442853734193
more-itertools,10.5.0,913,20260924,664,272,4191,3097,73.8964447625865
more-itertools,10.5.0,914,20260924,664,272,4191,3090,73.7294201861131
more-itertools,10.5.0,915,20260924,664,272,4191,2993,71.41493676926748
more-itertools,10.5.0,916,20260924,664,272,4191,3183,75.94846098783107
more-itertools,10.5.0,917,20260924,664,272,4191,2944,70.2457647339537
more-itertools,10.5.0,918,20260924,664,272,4191,3036,72.44094488188976
more-itertools,10.5.0,919,20260924,664,272,4191,3106,74.11119064662371
more-itertools,10.5.0,920,20260924,664,272,4191,3342,79.74230493915533
more-itertools,10.5.0,921,20260924,664,272,4191,3007,71.74898592221427
more-itertools,10.5.0,922,20260924,664,272,4191,3112,74.2543545693152
more-itertools,10.5.0,923,20260924,664,272,4191,3031,72.3216416129802
more-itertools,10.5.0,924,20260924,664,272,4191,3068,73.204485802911
more-itertools,10.5.0,925,20260924,664,272,4191,3269,78.00047721307564
more-itertools,10.5.0,926,20260924,664,272,4191,3005,71.70126461465044
more-itertools,10.5.0,927,20260924,664,272,4191,3005,71.70126461465044
more-itertools,10.5.0,928,20260924,664,272,4191,3145,75.04175614411835
more-itertools,10.5.0,929,20260924,664,272,4191,3059,72.98973991887378
more-itertools,10.5.0,930,20260924,664,272,4191,3221,76.85516583154379
more-itertools,10.5.0,931,20260924,664,272,4191,3223,76.9028871391076
more-itertools,10.5.0,932,20260924,664,272,4191,3217,76.75972321641613
more-itertools,10.5.0,933,20260924,664,272,4191,3104,74.06346933905989
more-itertools,10.5.0,934,20260924,664,272,4191,3273,78.0959198282033
more-itertools,10.5.0,935,20260924,664,272,4191,3005,71.70126461465044
more-itertools,10.5.0,936,20260924,664,272,4191,3261,77.80959198282032
more-itertools,10.5.0,937,20260924,664,272,4191,3277,78.19136244333095
more-itertools,10.5.0,938,20260924,664,272,4191,3033,72.36936292054402
more-itertools,10.5.0,939,20260924,664,272,4191,3238,77.26079694583632
more-itertools,10.5.0,940,20260924,664,272,4191,3097,73.8964447625865
more-itertools,10.5.0,941,20260924,664,272,4191,2932,69.95943688857075
more-itertools,10.5.0,942,20260924,664,272,4191,3313,79.05034597947984
more-itertools,10.5.0,943,20260924,664,272,4191,2985,71.22405153901217
more-itertools,10.5.0,944,20260924,664,272,4191,3091,73.75328083989501
more-itertools,10.5.0,945,20260924,664,272,4191,2924,69.76855165831543
more-itertools,10.5.0,946,20260924,664,272,4191,3046,72.6795514197089
more-itertools,10.5.0,947,20260924,664,272,4191,2957,70.55595323311859
more-itertools,10.5.0,948,20260924,664,272,4191,3010,71.82056788356
more-itertools,10.5.0,949,20260924,664,272,4191,3110,74.20663326175138
more-itertools,10.5.0,950,20260924,664,272,4191,3143,74.99403483655452
more-itertools,10.5.0,951,20260924,664,272,4191,3156,75.3042233357194
more-itertools,10.5.0,952,20260924,664,272,4191,3066,73.15676449534718
more-itertools,10.5.0,953,20260924,664,272,4191,3142,74.97017418277261
more-itertools,10.5.0,954,20260924,664,272,4191,3101,73.99188737771415
more-itertools,10.5.0,955,20260924,664,272,4191,2945,70.26962538773563
more-itertools,10.5.0,956,20260924,664,272,4191,3065,73.13290384156525
more-itertools,10.5.0,957,20260924,664,272,4191,3218,76.78358387019804
more-itertools,10.5.0,958,20260924,664,272,4191,3074,73.34764972560248
more-itertools,10.5.0,959,20260924,664,272,4191,3347,79.86160820806491
more-itertools,10.5.0,960,20260924,664,272,4191,3031,72.3216416129802
more-itertools,10.5.0,961,20260924,664,272,4191,3060,73.01360057265569
more-itertools,10.5.0,962,20260924,664,272,4191,3124,74.54068241469817
more-itertools,10.5.0,963,20260924,664,272,4191,3296,78.64471486518731
more-itertools,10.5.0,964,20260924,664,272,4191,3186,76.02004294917681
more-itertools,10.5.0,965,20260924,664,272,4191,3130,74.68384633738964
more-itertools,10.5.0,966,20260924,664,272,4191,3008,71.77284657599618
more-itertools,10.5.0,967,20260924,664,272,4191,3248,77.49940348365546
more-itertools,10.5.0,968,20260924,664,272,4191,2892,69.0050107372942
more-itertools,10.5.0,969,20260924,664,272,4191,3250,77.54712479121928
more-itertools,10.5.0,970,20260924,664,272,4191,3107,74.13505130040564
more-itertools,10.5.0,971,20260924,664,272,4191,2963,70.69911715581007
more-itertools,10.5.0,972,20260924,664,272,4191,3035,72.41708422810785
more-itertools,10.5.0,973,20260924,664,272,4191,2895,69.07659269863994
more-itertools,10.5.0,974,20260924,664,272,4191,2993,71.41493676926748
more-itertools,10.5.0,975,20260924,664,272,4191,3133,74.75542829873538
more-itertools,10.5.0,976,20260924,664,272,4191,2989,71.31949415413982
more-itertools,10.5.0,977,20260924,664,272,4191,3157,75.32808398950131
more-itertools,10.5.0,978,20260924,664,272,4191,3181,75.90073968026724
more-itertools,10.5.0,979,20260924,664,272,4191,3001,71.60582199952279
more-itertools,10.5.0,980,20260924,664,272,4191,3118,74.39751849200668
more-itertools,10.5.0,981,20260924,664,272,4191,3323,79.28895251729898
more-itertools,10.5.0,982,20260924,664,272,4191,3172,75.68599379623002
more-itertools,10.5.0,983,20260924,664,272,4191,3105,74.0873299928418
more-itertools,10.5.0,984,20260924,664,272,4191,3109,74.18277260796945
more-itertools,10.5.0,985,20260924,664,272,4191,3226,76.97446910045335
more-itertools,10.5.0,986,20260924,664,272,4191,2998,71.53424003817705
more-itertools,10.5.0,987,20260924,664,272,4191,3040,72.53638749701742
more-itertools,10.5.0,988,20260924,664,272,4191,3162,75.44738725841088
more-itertools,10.5.0,989,20260924,664,272,4191,3258,77.7380100214746
more-itertools,10.5.0,990,20260924,664,272,4191,3234,77.16535433070867
more-itertools,10.5.0,991,20260924,664,272,4191,3137,74.85087091386303
more-itertools,10.5.0,992,20260924,664,272,4191,3030,72.29778095919828
more-itertools,10.5.0,993,20260924,664,272,4191,3255,77.66642806012885
more-itertools,10.5.0,994,20260924,664,272,4191,3256,77.69028871391076
more-itertools,10.5.0,995,20260924,664,272,4191,2976,71.00930565497495
more-itertools,10.5.0,996,20260924,664,272,4191,3148,75.1133381054641
more-itertools,10.5.0,997,20260924,664,272,4191,3011,71.84442853734193
more-itertools,10.5.0,998,20260924,664,272,4191,3022,72.10689572894297
more-itertools,10.5.0,999,20260924,664,272,4191,3205,76.47339537103316
more-itertools,10.5.0,1000,20260924,664,272,4191,3093,73.80100214745885
more-itertools,10.8.0,1,20260925,696,286,4499,3400,75.57234941098022
more-itertools,10.8.0,2,20260925,696,286,4499,3383,75.19448766392532
more-itertools,10.8.0,3,20260925,696,286,4499,3134,69.6599244276506
more-itertools,10.8.0,4,20260925,696,286,4499,3097,68.83751944876639
more-itertools,10.8.0,5,20260925,696,286,4499,3229,71.77150477883974
more-itertools,10.8.0,6,20260925,696,286,4499,3282,72.94954434318737
more-itertools,10.8.0,7,20260925,696,286,4499,3414,75.88352967326072
more-itertools,10.8.0,8,20260925,696,286,4499,3189,70.88241831518116
more-itertools,10.8.0,9,20260925,696,286,4499,3387,75.28339631029118
more-itertools,10.8.0,10,20260925,696,286,4499,3363,74.74994443209602
more-itertools,10.8.0,11,20260925,696,286,4499,3262,72.50500111135808
more-itertools,10.8.0,12,20260925,696,286,4499,3463,76.9726605912425
more-itertools,10.8.0,13,20260925,696,286,4499,3354,74.54989997777284
more-itertools,10.8.0,14,20260925,696,286,4499,3385,75.23894198710825
more-itertools,10.8.0,15,20260925,696,286,4499,3427,76.17248277394977
more-itertools,10.8.0,16,20260925,696,286,4499,3234,71.88264058679707
more-itertools,10.8.0,17,20260925,696,286,4499,3525,78.35074460991332
more-itertools,10.8.0,18,20260925,696,286,4499,3407,75.72793954212047
more-itertools,10.8.0,19,20260925,696,286,4499,3471,77.15047788397422
more-itertools,10.8.0,20,20260925,696,286,4499,3198,71.08246276950433
more-itertools,10.8.0,21,20260925,696,286,4499,3315,73.68304067570571
more-itertools,10.8.0,22,20260925,696,286,4499,3420,76.01689264280951
more-itertools,10.8.0,23,20260925,696,286,4499,3254,72.32718381862637
more-itertools,10.8.0,24,20260925,696,286,4499,3096,68.81529228717493
more-itertools,10.8.0,25,20260925,696,286,4499,3382,75.17226050233386
more-itertools,10.8.0,26,20260925,696,286,4499,3276,72.81618137363859
more-itertools,10.8.0,27,20260925,696,286,4499,3290,73.12736163591909
more-itertools,10.8.0,28,20260925,696,286,4499,3365,74.79439875527895
more-itertools,10.8.0,29,20260925,696,286,4499,3219,71.54923316292509
more-itertools,10.8.0,30,20260925,696,286,4499,3478,77.30606801511448
more-itertools,10.8.0,31,20260925,696,286,4499,3332,74.06090242276062
more-itertools,10.8.0,32,20260925,696,286,4499,3479,77.32829517670594
more-itertools,10.8.0,33,20260925,696,286,4499,3302,73.39408757501667
more-itertools,10.8.0,34,20260925,696,286,4499,3535,78.57301622582796
more-itertools,10.8.0,35,20260925,696,286,4499,3351,74.48321849299845
more-itertools,10.8.0,36,20260925,696,286,4499,3269,72.66059124249833
more-itertools,10.8.0,37,20260925,696,286,4499,3175,70.57123805290064
more-itertools,10.8.0,38,20260925,696,286,4499,3316,73.70526783729717
more-itertools,10.8.0,39,20260925,696,286,4499,3405,75.68348521893755
more-itertools,10.8.0,40,20260925,696,286,4499,3355,74.5721271393643
more-itertools,10.8.0,41,20260925,696,286,4499,3279,72.88286285841298
more-itertools,10.8.0,42,20260925,696,286,4499,3383,75.19448766392532
more-itertools,10.8.0,43,20260925,696,286,4499,3379,75.10557901755946
more-itertools,10.8.0,44,20260925,696,286,4499,3304,73.4385418981996
more-itertools,10.8.0,45,20260925,696,286,4499,3405,75.68348521893755
more-itertools,10.8.0,46,20260925,696,286,4499,3286,73.03845298955324
more-itertools,10.8.0,47,20260925,696,286,4499,3221,71.59368748610802
more-itertools,10.8.0,48,20260925,696,286,4499,3513,78.08401867081574
more-itertools,10.8.0,49,20260925,696,286,4499,3260,72.46054678817515
more-itertools,10.8.0,50,20260925,696,286,4499,3296,73.26072460546789
more-itertools,10.8.0,51,20260925,696,286,4499,3386,75.26116914869971
more-itertools,10.8.0,52,20260925,696,286,4499,3303,73.41631473660813
more-itertools,10.8.0,53,20260925,696,286,4499,3472,77.17270504556568
more-itertools,10.8.0,54,20260925,696,286,4499,3476,77.26161369193154
more-itertools,10.8.0,55,20260925,696,286,4499,3347,74.39430984663258
more-itertools,10.8.0,56,20260925,696,286,4499,3266,72.59390975772394
more-itertools,10.8.0,57,20260925,696,286,4499,3369,74.88330740164481
more-itertools,10.8.0,58,20260925,696,286,4499,3356,74.59435430095577
more-itertools,10.8.0,59,20260925,696,286,4499,3375,75.0166703711936
more-itertools,10.8.0,60,20260925,696,286,4499,3302,73.39408757501667
more-itertools,10.8.0,61,20260925,696,286,4499,3569,79.32873971993776
more-itertools,10.8.0,62,20260925,696,286,4499,3429,76.2169370971327
more-itertools,10.8.0,63,20260925,696,286,4499,3397,75.50566792620582
more-itertools,10.8.0,64,20260925,696,286,4499,3279,72.88286285841298
more-itertools,10.8.0,65,20260925,696,286,4499,3408,75.75016670371194
more-itertools,10.8.0,66,20260925,696,286,4499,3199,71.1046899310958
more-itertools,10.8.0,67,20260925,696,286,4499,3248,72.19382084907757
more-itertools,10.8.0,68,20260925,696,286,4499,3385,75.23894198710825
more-itertools,10.8.0,69,20260925,696,286,4499,3462,76.95043342965103
more-itertools,10.8.0,70,20260925,696,286,4499,3312,73.61635919093132
more-itertools,10.8.0,71,20260925,696,286,4499,3453,76.75038897532785
more-itertools,10.8.0,72,20260925,696,286,4499,3315,73.68304067570571
more-itertools,10.8.0,73,20260925,696,286,4499,3367,74.83885307846188
more-itertools,10.8.0,74,20260925,696,286,4499,3351,74.48321849299845
more-itertools,10.8.0,75,20260925,696,286,4499,3099,68.88197377194932
more-itertools,10.8.0,76,20260925,696,286,4499,3265,72.57168259613248
more-itertools,10.8.0,77,20260925,696,286,4499,3193,70.971326961547
more-itertools,10.8.0,78,20260925,696,286,4499,3328,73.97199377639475
more-itertools,10.8.0,79,20260925,696,286,4499,3369,74.88330740164481
more-itertools,10.8.0,80,20260925,696,286,4499,3268,72.63836408090687
more-itertools,10.8.0,81,20260925,696,286,4499,3416,75.92798399644366
more-itertools,10.8.0,82,20260925,696,286,4499,3502,77.83951989330963
more-itertools,10.8.0,83,20260925,696,286,4499,3528,78.41742609468771
more-itertools,10.8.0,84,20260925,696,286,4499,3254,72.32718381862637
more-itertools,10.8.0,85,20260925,696,286,4499,3535,78.57301622582796
more-itertools,10.8.0,86,20260925,696,286,4499,3302,73.39408757501667
more-itertools,10.8.0,87,20260925,696,286,4499,3301,73.37186041342521
more-itertools,10.8.0,88,20260925,696,286,4499,3505,77.90620137808402
more-itertools,10.8.0,89,20260925,696,286,4499,3270,72.6828184040898
more-itertools,10.8.0,90,20260925,696,286,4499,3572,79.39542120471216
more-itertools,10.8.0,91,20260925,696,286,4499,3218,71.52700600133363
more-itertools,10.8.0,92,20260925,696,286,4499,3335,74.12758390753501
more-itertools,10.8.0,93,20260925,696,286,4499,3324,73.88308513002889
more-itertools,10.8.0,94,20260925,696,286,4499,3096,68.81529228717493
more-itertools,10.8.0,95,20260925,696,286,4499,3405,75.68348521893755
more-itertools,10.8.0,96,20260925,696,286,4499,3452,76.72816181373639
more-itertools,10.8.0,97,20260925,696,286,4499,3277,72.83840853523004
more-itertools,10.8.0,98,20260925,696,286,4499,3437,76.39475438986442
more-itertools,10.8.0,99,20260925,696,286,4499,3071,68.2596132473883
more-itertools,10.8.0,100,20260925,696,286,4499,3355,74.5721271393643
more-itertools,10.8.0,101,20260925,696,286,4499,3349,74.43876416981551
more-itertools,10.8.0,102,20260925,696,286,4499,3540,78.68415203378528
more-itertools,10.8.0,103,20260925,696,286,4499,3227,71.72705045565681
more-itertools,10.8.0,104,20260925,696,286,4499,3334,74.10535674594354
more-itertools,10.8.0,105,20260925,696,286,4499,3251,72.26050233385196
more-itertools,10.8.0,106,20260925,696,286,4499,3326,73.92753945321182
more-itertools,10.8.0,107,20260925,696,286,4499,3210,71.34918870860191
more-itertools,10.8.0,108,20260925,696,286,4499,3211,71.37141587019337
more-itertools,10.8.0,109,20260925,696,286,4499,3349,74.43876416981551
more-itertools,10.8.0,110,20260925,696,286,4499,3577,79.50655701266948
more-itertools,10.8.0,111,20260925,696,286,4499,3434,76.32807290509002
more-itertools,10.8.0,112,20260925,696,286,4499,3347,74.39430984663258
more-itertools,10.8.0,113,20260925,696,286,4499,3339,74.21649255390086
more-itertools,10.8.0,114,20260925,696,286,4499,3331,74.03867526116915
more-itertools,10.8.0,115,20260925,696,286,4499,3337,74.17203823071793
more-itertools,10.8.0,116,20260925,696,286,4499,3470,77.12825072238275
more-itertools,10.8.0,117,20260925,696,286,4499,3470,77.12825072238275
more-itertools,10.8.0,118,20260925,696,286,4499,3441,76.48366303623027
more-itertools,10.8.0,119,20260925,696,286,4499,3371,74.92776172482775
more-itertools,10.8.0,120,20260925,696,286,4499,3067,68.17070460102245
more-itertools,10.8.0,121,20260925,696,286,4499,3257,72.39386530340076
more-itertools,10.8.0,122,20260925,696,286,4499,3422,76.06134696599244
more-itertools,10.8.0,123,20260925,696,286,4499,3530,78.46188041787063
more-itertools,10.8.0,124,20260925,696,286,4499,3585,79.6843743054012
more-itertools,10.8.0,125,20260925,696,286,4499,3352,74.5054456545899
more-itertools,10.8.0,126,20260925,696,286,4499,3162,70.2822849522116
more-itertools,10.8.0,127,20260925,696,286,4499,3311,73.59413202933985
more-itertools,10.8.0,128,20260925,696,286,4499,3359,74.66103578573016
more-itertools,10.8.0,129,20260925,696,286,4499,3098,68.85974661035786
more-itertools,10.8.0,130,20260925,696,286,4499,3302,73.39408757501667
more-itertools,10.8.0,131,20260925,696,286,4499,3377,75.06112469437653
more-itertools,10.8.0,132,20260925,696,286,4499,3262,72.50500111135808
more-itertools,10.8.0,133,20260925,696,286,4499,3451,76.70593465214492
more-itertools,10.8.0,134,20260925,696,286,4499,3219,71.54923316292509
more-itertools,10.8.0,135,20260925,696,286,4499,3397,75.50566792620582
more-itertools,10.8.0,136,20260925,696,286,4499,3492,77.61724827739498
more-itertools,10.8.0,137,20260925,696,286,4499,3311,73.59413202933985
more-itertools,10.8.0,138,20260925,696,286,4499,3233,71.8604134252056
more-itertools,10.8.0,139,20260925,696,286,4499,3496,77.70615692376083
more-itertools,10.8.0,140,20260925,696,286,4499,3188,70.86019115358968
more-itertools,10.8.0,141,20260925,696,286,4499,3379,75.10557901755946
more-itertools,10.8.0,142,20260925,696,286,4499,3291,73.14958879751056
more-itertools,10.8.0,143,20260925,696,286,4499,3344,74.32762836185819
more-itertools,10.8.0,144,20260925,696,286,4499,3410,75.79462102689486
more-itertools,10.8.0,145,20260925,696,286,4499,3382,75.17226050233386
more-itertools,10.8.0,146,20260925,696,286,4499,3381,75.15003334074238
more-itertools,10.8.0,147,20260925,696,286,4499,3334,74.10535674594354
more-itertools,10.8.0,148,20260925,696,286,4499,3277,72.83840853523004
more-itertools,10.8.0,149,20260925,696,286,4499,3213,71.4158701933763
more-itertools,10.8.0,150,20260925,696,286,4499,3278,72.86063569682152
more-itertools,10.8.0,151,20260925,696,286,4499,3337,74.17203823071793
more-itertools,10.8.0,152,20260925,696,286,4499,3358,74.6388086241387
more-itertools,10.8.0,153,20260925,696,286,4499,3388,75.30562347188264
more-itertools,10.8.0,154,20260925,696,286,4499,3380,75.12780617915092
more-itertools,10.8.0,155,20260925,696,286,4499,3382,75.17226050233386
more-itertools,10.8.0,156,20260925,696,286,4499,3219,71.54923316292509
more-itertools,10.8.0,157,20260925,696,286,4499,3453,76.75038897532785
more-itertools,10.8.0,158,20260925,696,286,4499,3298,73.30517892865082
more-itertools,10.8.0,159,20260925,696,286,4499,3530,78.46188041787063
more-itertools,10.8.0,160,20260925,696,286,4499,3268,72.63836408090687
more-itertools,10.8.0,161,20260925,696,286,4499,3354,74.54989997777284
more-itertools,10.8.0,162,20260925,696,286,4499,3586,79.70660146699267
more-itertools,10.8.0,163,20260925,696,286,4499,3367,74.83885307846188
more-itertools,10.8.0,164,20260925,696,286,4499,3218,71.52700600133363
more-itertools,10.8.0,165,20260925,696,286,4499,3120,69.34874416537008
more-itertools,10.8.0,166,20260925,696,286,4499,3182,70.7268281840409
more-itertools,10.8.0,167,20260925,696,286,4499,2949,65.54789953322961
more-itertools,10.8.0,168,20260925,696,286,4499,3422,76.06134696599244
more-itertools,10.8.0,169,20260925,696,286,4499,3549,78.88419648810847
more-itertools,10.8.0,170,20260925,696,286,4499,3450,76.68370749055346
more-itertools,10.8.0,171,20260925,696,286,4499,3306,73.48299622138254
more-itertools,10.8.0,172,20260925,696,286,4499,3526,78.37297177150478
more-itertools,10.8.0,173,20260925,696,286,4499,3281,72.92731718159591
more-itertools,10.8.0,174,20260925,696,286,4499,3371,74.92776172482775
more-itertools,10.8.0,175,20260925,696,286,4499,3462,76.95043342965103
more-itertools,10.8.0,176,20260925,696,286,4499,3290,73.12736163591909
more-itertools,10.8.0,177,20260925,696,286,4499,3147,69.94887752833964
more-itertools,10.8.0,178,20260925,696,286,4499,3431,76.26139142031563
more-itertools,10.8.0,179,20260925,696,286,4499,3381,75.15003334074238
more-itertools,10.8.0,180,20260925,696,286,4499,3251,72.26050233385196
more-itertools,10.8.0,181,20260925,696,286,4499,3169,70.43787508335186
more-itertools,10.8.0,182,20260925,696,286,4499,3242,72.06045787952878
more-itertools,10.8.0,183,20260925,696,286,4499,3198,71.08246276950433
more-itertools,10.8.0,184,20260925,696,286,4499,3508,77.97288286285841
more-itertools,10.8.0,185,20260925,696,286,4499,3533,78.52856190264504
more-itertools,10.8.0,186,20260925,696,286,4499,3527,78.39519893309624
more-itertools,10.8.0,187,20260925,696,286,4499,3471,77.15047788397422
more-itertools,10.8.0,188,20260925,696,286,4499,3465,77.01711491442543
more-itertools,10.8.0,189,20260925,696,286,4499,3376,75.03889753278506
more-itertools,10.8.0,190,20260925,696,286,4499,3395,75.4612136030229
more-itertools,10.8.0,191,20260925,696,286,4499,3277,72.83840853523004
more-itertools,10.8.0,192,20260925,696,286,4499,3268,72.63836408090687
more-itertools,10.8.0,193,20260925,696,286,4499,3419,75.99466548121805
more-itertools,10.8.0,194,20260925,696,286,4499,3322,73.83863080684597
more-itertools,10.8.0,195,20260925,696,286,4499,3347,74.39430984663258
more-itertools,10.8.0,196,20260925,696,286,4499,3239,71.99377639475439
more-itertools,10.8.0,197,20260925,696,286,4499,3265,72.57168259613248
more-itertools,10.8.0,198,20260925,696,286,4499,3526,78.37297177150478
more-itertools,10.8.0,199,20260925,696,286,4499,3268,72.63836408090687
more-itertools,10.8.0,200,20260925,696,286,4499,3225,71.68259613247389
more-itertools,10.8.0,201,20260925,696,286,4499,3343,74.30540120026673
more-itertools,10.8.0,202,20260925,696,286,4499,3320,73.79417648366304
more-itertools,10.8.0,203,20260925,696,286,4499,3427,76.17248277394977
more-itertools,10.8.0,204,20260925,696,286,4499,3405,75.68348521893755
more-itertools,10.8.0,205,20260925,696,286,4499,3425,76.12802845076683
more-itertools,10.8.0,206,20260925,696,286,4499,3412,75.83907535007779
more-itertools,10.8.0,207,20260925,696,286,4499,3296,73.26072460546789
more-itertools,10.8.0,208,20260925,696,286,4499,3389,75.3278506334741
more-itertools,10.8.0,209,20260925,696,286,4499,3433,76.30584574349855
more-itertools,10.8.0,210,20260925,696,286,4499,3129,69.54878861969327
more-itertools,10.8.0,211,20260925,696,286,4499,3258,72.41609246499222
more-itertools,10.8.0,212,20260925,696,286,4499,3505,77.90620137808402
more-itertools,10.8.0,213,20260925,696,286,4499,3238,71.97154923316293
more-itertools,10.8.0,214,20260925,696,286,4499,3516,78.15070015559013
more-itertools,10.8.0,215,20260925,696,286,4499,3320,73.79417648366304
more-itertools,10.8.0,216,20260925,696,286,4499,3364,74.77217159368749
more-itertools,10.8.0,217,20260925,696,286,4499,3257,72.39386530340076
more-itertools,10.8.0,218,20260925,696,286,4499,3418,75.97243831962659
more-itertools,10.8.0,219,20260925,696,286,4499,3297,73.28295176705934
more-itertools,10.8.0,220,20260925,696,286,4499,3305,73.46076905979106
more-itertools,10.8.0,221,20260925,696,286,4499,3215,71.46032451655924
more-itertools,10.8.0,222,20260925,696,286,4499,3219,71.54923316292509
more-itertools,10.8.0,223,20260925,696,286,4499,3049,67.77061569237608
more-itertools,10.8.0,224,20260925,696,286,4499,3093,68.74861080240053
more-itertools,10.8.0,225,20260925,696,286,4499,3035,67.45943543009558
more-itertools,10.8.0,226,20260925,696,286,4499,3192,70.94909979995555
more-itertools,10.8.0,227,20260925,696,286,4499,3442,76.50589019782174
more-itertools,10.8.0,228,20260925,696,286,4499,3093,68.74861080240053
more-itertools,10.8.0,229,20260925,696,286,4499,3129,69.54878861969327
more-itertools,10.8.0,230,20260925,696,286,4499,3325,73.90531229162036
more-itertools,10.8.0,231,20260925,696,286,4499,3231,71.81595910202267
more-itertools,10.8.0,232,20260925,696,286,4499,3155,70.12669482107135
more-itertools,10.8.0,233,20260925,696,286,4499,3171,70.48232940653479
more-itertools,10.8.0,234,20260925,696,286,4499,3034,67.43720826850411
more-itertools,10.8.0,235,20260925,696,286,4499,3426,76.15025561235831
more-itertools,10.8.0,236,20260925,696,286,4499,3315,73.68304067570571
more-itertools,10.8.0,237,20260925,696,286,4499,3336,74.14981106912647
more-itertools,10.8.0,238,20260925,696,286,4499,3255,72.34941098021783
more-itertools,10.8.0,239,20260925,696,286,4499,3017,67.05934652144921
more-itertools,10.8.0,240,20260925,696,286,4499,3261,72.48277394976661
more-itertools,10.8.0,241,20260925,696,286,4499,3143,69.85996888197377
more-itertools,10.8.0,242,20260925,696,286,4499,3212,71.39364303178485
more-itertools,10.8.0,243,20260925,696,286,4499,3385,75.23894198710825
more-itertools,10.8.0,244,20260925,696,286,4499,3305,73.46076905979106
more-itertools,10.8.0,245,20260925,696,286,4499,3312,73.61635919093132
more-itertools,10.8.0,246,20260925,696,286,4499,3279,72.88286285841298
more-itertools,10.8.0,247,20260925,696,286,4499,3147,69.94887752833964
more-itertools,10.8.0,248,20260925,696,286,4499,3189,70.88241831518116
more-itertools,10.8.0,249,20260925,696,286,4499,3150,70.01555901311403
more-itertools,10.8.0,250,20260925,696,286,4499,3410,75.79462102689486
more-itertools,10.8.0,251,20260925,696,286,4499,3211,71.37141587019337
more-itertools,10.8.0,252,20260925,696,286,4499,3261,72.48277394976661
more-itertools,10.8.0,253,20260925,696,286,4499,3533,78.52856190264504
more-itertools,10.8.0,254,20260925,696,286,4499,3344,74.32762836185819
more-itertools,10.8.0,255,20260925,696,286,4499,3315,73.68304067570571
more-itertools,10.8.0,256,20260925,696,286,4499,3364,74.77217159368749
more-itertools,10.8.0,257,20260925,696,286,4499,3421,76.03911980440098
more-itertools,10.8.0,258,20260925,696,286,4499,3101,68.92642809513225
more-itertools,10.8.0,259,20260925,696,286,4499,3371,74.92776172482775
more-itertools,10.8.0,260,20260925,696,286,4499,3347,74.39430984663258
more-itertools,10.8.0,261,20260925,696,286,4499,3510,78.01733718604135
more-itertools,10.8.0,262,20260925,696,286,4499,3328,73.97199377639475
more-itertools,10.8.0,263,20260925,696,286,4499,3329,73.99422093798621
more-itertools,10.8.0,264,20260925,696,286,4499,3459,76.88375194487664
more-itertools,10.8.0,265,20260925,696,286,4499,3417,75.95021115803512
more-itertools,10.8.0,266,20260925,696,286,4499,3110,69.12647254945543
more-itertools,10.8.0,267,20260925,696,286,4499,3301,73.37186041342521
more-itertools,10.8.0,268,20260925,696,286,4499,3551,78.9286508112914
more-itertools,10.8.0,269,20260925,696,286,4499,3283,72.97177150477884
more-itertools,10.8.0,270,20260925,696,286,4499,3107,69.05979106468104
more-itertools,10.8.0,271,20260925,696,286,4499,3496,77.70615692376083
more-itertools,10.8.0,272,20260925,696,286,4499,3467,77.06156923760835
more-itertools,10.8.0,273,20260925,696,286,4499,3363,74.74994443209602
more-itertools,10.8.0,274,20260925,696,286,4499,3428,76.19470993554123
more-itertools,10.8.0,275,20260925,696,286,4499,3200,71.12691709268726
more-itertools,10.8.0,276,20260925,696,286,4499,3119,69.32651700377862
more-itertools,10.8.0,277,20260925,696,286,4499,3395,75.4612136030229
more-itertools,10.8.0,278,20260925,696,286,4499,3286,73.03845298955324
more-itertools,10.8.0,279,20260925,696,286,4499,3392,75.3945321182485
more-itertools,10.8.0,280,20260925,696,286,4499,3402,75.61680373416314
more-itertools,10.8.0,281,20260925,696,286,4499,3314,73.66081351411425
more-itertools,10.8.0,282,20260925,696,286,4499,3410,75.79462102689486
more-itertools,10.8.0,283,20260925,696,286,4499,3483,77.41720382307179
more-itertools,10.8.0,284,20260925,696,286,4499,3378,75.08335185596799
more-itertools,10.8.0,285,20260925,696,286,4499,3368,74.86108024005334
more-itertools,10.8.0,286,20260925,696,286,4499,3244,72.10491220271172
more-itertools,10.8.0,287,20260925,696,286,4499,3319,73.77194932207158
more-itertools,10.8.0,288,20260925,696,286,4499,3389,75.3278506334741
more-itertools,10.8.0,289,20260925,696,286,4499,3187,70.83796399199822
more-itertools,10.8.0,290,20260925,696,286,4499,3326,73.92753945321182
more-itertools,10.8.0,291,20260925,696,286,4499,3274,72.77172705045565
more-itertools,10.8.0,292,20260925,696,286,4499,3299,73.32740609024228
more-itertools,10.8.0,293,20260925,696,286,4499,3257,72.39386530340076
more-itertools,10.8.0,294,20260925,696,286,4499,3356,74.59435430095577
more-itertools,10.8.0,295,20260925,696,286,4499,3366,74.81662591687042
more-itertools,10.8.0,296,20260925,696,286,4499,3472,77.17270504556568
more-itertools,10.8.0,297,20260925,696,286,4499,3368,74.86108024005334
more-itertools,10.8.0,298,20260925,696,286,4499,3255,72.34941098021783
more-itertools,10.8.0,299,20260925,696,286,4499,3320,73.79417648366304
more-itertools,10.8.0,300,20260925,696,286,4499,3270,72.6828184040898
more-itertools,10.8.0,301,20260925,696,286,4499,3071,68.2596132473883
more-itertools,10.8.0,302,20260925,696,286,4499,3183,70.74905534563236
more-itertools,10.8.0,303,20260925,696,286,4499,3236,71.92709490998
more-itertools,10.8.0,304,20260925,696,286,4499,3249,72.21604801066904
more-itertools,10.8.0,305,20260925,696,286,4499,3463,76.9726605912425
more-itertools,10.8.0,306,20260925,696,286,4499,3520,78.239608801956
more-itertools,10.8.0,307,20260925,696,286,4499,3527,78.39519893309624
more-itertools,10.8.0,308,20260925,696,286,4499,3242,72.06045787952878
more-itertools,10.8.0,309,20260925,696,286,4499,3106,69.03756390308958
more-itertools,10.8.0,310,20260925,696,286,4499,3162,70.2822849522116
more-itertools,10.8.0,311,20260925,696,286,4499,3284,72.9939986663703
more-itertools,10.8.0,312,20260925,696,286,4499,3410,75.79462102689486
more-itertools,10.8.0,313,20260925,696,286,4499,3503,77.86174705490109
more-itertools,10.8.0,314,20260925,696,286,4499,3177,70.61569237608357
more-itertools,10.8.0,315,20260925,696,286,4499,3321,73.8164036452545
more-itertools,10.8.0,316,20260925,696,286,4499,3205,71.23805290064459
more-itertools,10.8.0,317,20260925,696,286,4499,3311,73.59413202933985
more-itertools,10.8.0,318,20260925,696,286,4499,3417,75.95021115803512
more-itertools,10.8.0,319,20260925,696,286,4499,3404,75.66125805734607
more-itertools,10.8.0,320,20260925,696,286,4499,3197,71.06023560791287
more-itertools,10.8.0,321,20260925,696,286,4499,3400,75.57234941098022
more-itertools,10.8.0,322,20260925,696,286,4499,3366,74.81662591687042
more-itertools,10.8.0,323,20260925,696,286,4499,3300,73.34963325183374
more-itertools,10.8.0,324,20260925,696,286,4499,3475,77.23938653034007
more-itertools,10.8.0,325,20260925,696,286,4499,3150,70.01555901311403
more-itertools,10.8.0,326,20260925,696,286,4499,3504,77.88397421649255
more-itertools,10.8.0,327,20260925,696,286,4499,3344,74.32762836185819
more-itertools,10.8.0,328,20260925,696,286,4499,3321,73.8164036452545
more-itertools,10.8.0,329,20260925,696,286,4499,3124,69.43765281173594
more-itertools,10.8.0,330,20260925,696,286,4499,3445,76.57257168259613
more-itertools,10.8.0,331,20260925,696,286,4499,3370,74.90553456323627
more-itertools,10.8.0,332,20260925,696,286,4499,3327,73.9497666148033
more-itertools,10.8.0,333,20260925,696,286,4499,3333,74.08312958435208
more-itertools,10.8.0,334,20260925,696,286,4499,3306,73.48299622138254
more-itertools,10.8.0,335,20260925,696,286,4499,3323,73.86085796843743
more-itertools,10.8.0,336,20260925,696,286,4499,3511,78.0395643476328
more-itertools,10.8.0,337,20260925,696,286,4499,3173,70.52678372971772
more-itertools,10.8.0,338,20260925,696,286,4499,3444,76.55034452100466
more-itertools,10.8.0,339,20260925,696,286,4499,3449,76.66148032896199
more-itertools,10.8.0,340,20260925,696,286,4499,3263,72.52722827294954
more-itertools,10.8.0,341,20260925,696,286,4499,3351,74.48321849299845
more-itertools,10.8.0,342,20260925,696,286,4499,3421,76.03911980440098
more-itertools,10.8.0,343,20260925,696,286,4499,3290,73.12736163591909
more-itertools,10.8.0,344,20260925,696,286,4499,3418,75.97243831962659
more-itertools,10.8.0,345,20260925,696,286,4499,3287,73.0606801511447
more-itertools,10.8.0,346,20260925,696,286,4499,3104,68.99310957990664
more-itertools,10.8.0,347,20260925,696,286,4499,3305,73.46076905979106
more-itertools,10.8.0,348,20260925,696,286,4499,3447,76.61702600577907
more-itertools,10.8.0,349,20260925,696,286,4499,3374,74.99444320960214
more-itertools,10.8.0,350,20260925,696,286,4499,3377,75.06112469437653
more-itertools,10.8.0,351,20260925,696,286,4499,3231,71.81595910202267
more-itertools,10.8.0,352,20260925,696,286,4499,3451,76.70593465214492
more-itertools,10.8.0,353,20260925,696,286,4499,3554,78.9953322960658
more-itertools,10.8.0,354,20260925,696,286,4499,3373,74.97221604801067
more-itertools,10.8.0,355,20260925,696,286,4499,3213,71.4158701933763
more-itertools,10.8.0,356,20260925,696,286,4499,3346,74.37208268504112
more-itertools,10.8.0,357,20260925,696,286,4499,3308,73.52745054456545
more-itertools,10.8.0,358,20260925,696,286,4499,3502,77.83951989330963
more-itertools,10.8.0,359,20260925,696,286,4499,3279,72.88286285841298
more-itertools,10.8.0,360,20260925,696,286,4499,3271,72.70504556568126
more-itertools,10.8.0,361,20260925,696,286,4499,3389,75.3278506334741
more-itertools,10.8.0,362,20260925,696,286,4499,3274,72.77172705045565
more-itertools,10.8.0,363,20260925,696,286,4499,3531,78.4841075794621
more-itertools,10.8.0,364,20260925,696,286,4499,3429,76.2169370971327
more-itertools,10.8.0,365,20260925,696,286,4499,3351,74.48321849299845
more-itertools,10.8.0,366,20260925,696,286,4499,3319,73.77194932207158
more-itertools,10.8.0,367,20260925,696,286,4499,3345,74.34985552344966
more-itertools,10.8.0,368,20260925,696,286,4499,3212,71.39364303178485
more-itertools,10.8.0,369,20260925,696,286,4499,3268,72.63836408090687
more-itertools,10.8.0,370,20260925,696,286,4499,3271,72.70504556568126
more-itertools,10.8.0,371,20260925,696,286,4499,3267,72.61613691931541
more-itertools,10.8.0,372,20260925,696,286,4499,3392,75.3945321182485
more-itertools,10.8.0,373,20260925,696,286,4499,3357,74.61658146254723
more-itertools,10.8.0,374,20260925,696,286,4499,3213,71.4158701933763
more-itertools,10.8.0,375,20260925,696,286,4499,3300,73.34963325183374
more-itertools,10.8.0,376,20260925,696,286,4499,3330,74.01644809957769
more-itertools,10.8.0,377,20260925,696,286,4499,3338,74.1942653923094
more-itertools,10.8.0,378,20260925,696,286,4499,3286,73.03845298955324
more-itertools,10.8.0,379,20260925,696,286,4499,3280,72.90509002000445
more-itertools,10.8.0,380,20260925,696,286,4499,3373,74.97221604801067
more-itertools,10.8.0,381,20260925,696,286,4499,3395,75.4612136030229
more-itertools,10.8.0,382,20260925,696,286,4499,3373,74.97221604801067
more-itertools,10.8.0,383,20260925,696,286,4499,3213,71.4158701933763
more-itertools,10.8.0,384,20260925,696,286,4499,3314,73.66081351411425
more-itertools,10.8.0,385,20260925,696,286,4499,3233,71.8604134252056
more-itertools,10.8.0,386,20260925,696,286,4499,3265,72.57168259613248
more-itertools,10.8.0,387,20260925,696,286,4499,3375,75.0166703711936
more-itertools,10.8.0,388,20260925,696,286,4499,3147,69.94887752833964
more-itertools,10.8.0,389,20260925,696,286,4499,3431,76.26139142031563
more-itertools,10.8.0,390,20260925,696,286,4499,3211,71.37141587019337
more-itertools,10.8.0,391,20260925,696,286,4499,3211,71.37141587019337
more-itertools,10.8.0,392,20260925,696,286,4499,3240,72.01600355634585
more-itertools,10.8.0,393,20260925,696,286,4499,3064,68.10402311624806
more-itertools,10.8.0,394,20260925,696,286,4499,3374,74.99444320960214
more-itertools,10.8.0,395,20260925,696,286,4499,3124,69.43765281173594
more-itertools,10.8.0,396,20260925,696,286,4499,3552,78.95087797288286
more-itertools,10.8.0,397,20260925,696,286,4499,3465,77.01711491442543
more-itertools,10.8.0,398,20260925,696,286,4499,3551,78.9286508112914
more-itertools,10.8.0,399,20260925,696,286,4499,3423,76.0835741275839
more-itertools,10.8.0,400,20260925,696,286,4499,3570,79.35096688152923
more-itertools,10.8.0,401,20260925,696,286,4499,3183,70.74905534563236
more-itertools,10.8.0,402,20260925,696,286,4499,3094,68.770837963992
more-itertools,10.8.0,403,20260925,696,286,4499,3329,73.99422093798621
more-itertools,10.8.0,404,20260925,696,286,4499,3236,71.92709490998
more-itertools,10.8.0,405,20260925,696,286,4499,3393,75.41675927983997
more-itertools,10.8.0,406,20260925,696,286,4499,3261,72.48277394976661
more-itertools,10.8.0,407,20260925,696,286,4499,3350,74.46099133140697
more-itertools,10.8.0,408,20260925,696,286,4499,3271,72.70504556568126
more-itertools,10.8.0,409,20260925,696,286,4499,3349,74.43876416981551
more-itertools,10.8.0,410,20260925,696,286,4499,3347,74.39430984663258
more-itertools,10.8.0,411,20260925,696,286,4499,3304,73.4385418981996
more-itertools,10.8.0,412,20260925,696,286,4499,3423,76.0835741275839
more-itertools,10.8.0,413,20260925,696,286,4499,3540,78.68415203378528
more-itertools,10.8.0,414,20260925,696,286,4499,3348,74.41653700822405
more-itertools,10.8.0,415,20260925,696,286,4499,3443,76.5281173594132
more-itertools,10.8.0,416,20260925,696,286,4499,3474,77.21715936874861
more-itertools,10.8.0,417,20260925,696,286,4499,3226,71.70482329406535
more-itertools,10.8.0,418,20260925,696,286,4499,3080,68.45965770171149
more-itertools,10.8.0,419,20260925,696,286,4499,3335,74.12758390753501
more-itertools,10.8.0,420,20260925,696,286,4499,3125,69.4598799733274
more-itertools,10.8.0,421,20260925,696,286,4499,3197,71.06023560791287
more-itertools,10.8.0,422,20260925,696,286,4499,3330,74.01644809957769
more-itertools,10.8.0,423,20260925,696,286,4499,3187,70.83796399199822
more-itertools,10.8.0,424,20260925,696,286,4499,3287,73.0606801511447
more-itertools,10.8.0,425,20260925,696,286,4499,3326,73.92753945321182
more-itertools,10.8.0,426,20260925,696,286,4499,3425,76.12802845076683
more-itertools,10.8.0,427,20260925,696,286,4499,3553,78.97310513447432
more-itertools,10.8.0,428,20260925,696,286,4499,3302,73.39408757501667
more-itertools,10.8.0,429,20260925,696,286,4499,3305,73.46076905979106
more-itertools,10.8.0,430,20260925,696,286,4499,3245,72.12713936430318
more-itertools,10.8.0,431,20260925,696,286,4499,3395,75.4612136030229
more-itertools,10.8.0,432,20260925,696,286,4499,3086,68.59302067126028
more-itertools,10.8.0,433,20260925,696,286,4499,3546,78.81751500333408
more-itertools,10.8.0,434,20260925,696,286,4499,3156,70.14892198266281
more-itertools,10.8.0,435,20260925,696,286,4499,3283,72.97177150477884
more-itertools,10.8.0,436,20260925,696,286,4499,3413,75.86130251166927
more-itertools,10.8.0,437,20260925,696,286,4499,3331,74.03867526116915
more-itertools,10.8.0,438,20260925,696,286,4499,3367,74.83885307846188
more-itertools,10.8.0,439,20260925,696,286,4499,3161,70.26005779062014
more-itertools,10.8.0,440,20260925,696,286,4499,3363,74.74994443209602
more-itertools,10.8.0,441,20260925,696,286,4499,3485,77.46165814625472
more-itertools,10.8.0,442,20260925,696,286,4499,3381,75.15003334074238
more-itertools,10.8.0,443,20260925,696,286,4499,3199,71.1046899310958
more-itertools,10.8.0,444,20260925,696,286,4499,3172,70.50455656812625
more-itertools,10.8.0,445,20260925,696,286,4499,3552,78.95087797288286
more-itertools,10.8.0,446,20260925,696,286,4499,3247,72.17159368748611
more-itertools,10.8.0,447,20260925,696,286,4499,3357,74.61658146254723
more-itertools,10.8.0,448,20260925,696,286,4499,3508,77.97288286285841
more-itertools,10.8.0,449,20260925,696,286,4499,3353,74.52767281618138
more-itertools,10.8.0,450,20260925,696,286,4499,3491,77.59502111580352
more-itertools,10.8.0,451,20260925,696,286,4499,3318,73.7497221604801
more-itertools,10.8.0,452,20260925,696,286,4499,3357,74.61658146254723
more-itertools,10.8.0,453,20260925,696,286,4499,3227,71.72705045565681
more-itertools,10.8.0,454,20260925,696,286,4499,3503,77.86174705490109
more-itertools,10.8.0,455,20260925,696,286,4499,3394,75.43898644143142
more-itertools,10.8.0,456,20260925,696,286,4499,3497,77.7283840853523
more-itertools,10.8.0,457,20260925,696,286,4499,3372,74.9499888864192
more-itertools,10.8.0,458,20260925,696,286,4499,3472,77.17270504556568
more-itertools,10.8.0,459,20260925,696,286,4499,3370,74.90553456323627
more-itertools,10.8.0,460,20260925,696,286,4499,3463,76.9726605912425
more-itertools,10.8.0,461,20260925,696,286,4499,3319,73.77194932207158
more-itertools,10.8.0,462,20260925,696,286,4499,3325,73.90531229162036
more-itertools,10.8.0,463,20260925,696,286,4499,3333,74.08312958435208
more-itertools,10.8.0,464,20260925,696,286,4499,3254,72.32718381862637
more-itertools,10.8.0,465,20260925,696,286,4499,3250,72.2382751722605
more-itertools,10.8.0,466,20260925,696,286,4499,3240,72.01600355634585
more-itertools,10.8.0,467,20260925,696,286,4499,3413,75.86130251166927
more-itertools,10.8.0,468,20260925,696,286,4499,3447,76.61702600577907
more-itertools,10.8.0,469,20260925,696,286,4499,3368,74.86108024005334
more-itertools,10.8.0,470,20260925,696,286,4499,3150,70.01555901311403
more-itertools,10.8.0,471,20260925,696,286,4499,3511,78.0395643476328
more-itertools,10.8.0,472,20260925,696,286,4499,3286,73.03845298955324
more-itertools,10.8.0,473,20260925,696,286,4499,3253,72.3049566570349
more-itertools,10.8.0,474,20260925,696,286,4499,3382,75.17226050233386
more-itertools,10.8.0,475,20260925,696,286,4499,3231,71.81595910202267
more-itertools,10.8.0,476,20260925,696,286,4499,3359,74.66103578573016
more-itertools,10.8.0,477,20260925,696,286,4499,3305,73.46076905979106
more-itertools,10.8.0,478,20260925,696,286,4499,3401,75.59457657257168
more-itertools,10.8.0,479,20260925,696,286,4499,3523,78.30629028673039
more-itertools,10.8.0,480,20260925,696,286,4499,3418,75.97243831962659
more-itertools,10.8.0,481,20260925,696,286,4499,3234,71.88264058679707
more-itertools,10.8.0,482,20260925,696,286,4499,3500,77.7950655701267
more-itertools,10.8.0,483,20260925,696,286,4499,3222,71.61591464769948
more-itertools,10.8.0,484,20260925,696,286,4499,2997,66.61480328961991
more-itertools,10.8.0,485,20260925,696,286,4499,3260,72.46054678817515
more-itertools,10.8.0,486,20260925,696,286,4499,3300,73.34963325183374
more-itertools,10.8.0,487,20260925,696,286,4499,3421,76.03911980440098
more-itertools,10.8.0,488,20260925,696,286,4499,3250,72.2382751722605
more-itertools,10.8.0,489,20260925,696,286,4499,3388,75.30562347188264
more-itertools,10.8.0,490,20260925,696,286,4499,3411,75.81684818848633
more-itertools,10.8.0,491,20260925,696,286,4499,3358,74.6388086241387
more-itertools,10.8.0,492,20260925,696,286,4499,3042,67.61502556123583
more-itertools,10.8.0,493,20260925,696,286,4499,3457,76.8392976216937
more-itertools,10.8.0,494,20260925,696,286,4499,3467,77.06156923760835
more-itertools,10.8.0,495,20260925,696,286,4499,3420,76.01689264280951
more-itertools,10.8.0,496,20260925,696,286,4499,3226,71.70482329406535
more-itertools,10.8.0,497,20260925,696,286,4499,3362,74.72771727050456
more-itertools,10.8.0,498,20260925,696,286,4499,3304,73.4385418981996
more-itertools,10.8.0,499,20260925,696,286,4499,3237,71.94932207157146
more-itertools,10.8.0,500,20260925,696,286,4499,3254,72.32718381862637
more-itertools,10.8.0,501,20260925,696,286,4499,3310,73.57190486774839
more-itertools,10.8.0,502,20260925,696,286,4499,3230,71.7937319404312
more-itertools,10.8.0,503,20260925,696,286,4499,3167,70.39342076016892
more-itertools,10.8.0,504,20260925,696,286,4499,3387,75.28339631029118
more-itertools,10.8.0,505,20260925,696,286,4499,3331,74.03867526116915
more-itertools,10.8.0,506,20260925,696,286,4499,3483,77.41720382307179
more-itertools,10.8.0,507,20260925,696,286,4499,3313,73.63858635252278
more-itertools,10.8.0,508,20260925,696,286,4499,3384,75.21671482551677
more-itertools,10.8.0,509,20260925,696,286,4499,3596,79.92887308290732
more-itertools,10.8.0,510,20260925,696,286,4499,3227,71.72705045565681
more-itertools,10.8.0,511,20260925,696,286,4499,3241,72.03823071793732
more-itertools,10.8.0,512,20260925,696,286,4499,3492,77.61724827739498
more-itertools,10.8.0,513,20260925,696,286,4499,3223,71.63814180929096
more-itertools,10.8.0,514,20260925,696,286,4499,3316,73.70526783729717
more-itertools,10.8.0,515,20260925,696,286,4499,3388,75.30562347188264
more-itertools,10.8.0,516,20260925,696,286,4499,3202,71.1713714158702
more-itertools,10.8.0,517,20260925,696,286,4499,3359,74.66103578573016
more-itertools,10.8.0,518,20260925,696,286,4499,3027,67.28161813736386
more-itertools,10.8.0,519,20260925,696,286,4499,3359,74.66103578573016
more-itertools,10.8.0,520,20260925,696,286,4499,3122,69.39319848855301
more-itertools,10.8.0,521,20260925,696,286,4499,3534,78.5507890642365
more-itertools,10.8.0,522,20260925,696,286,4499,3481,77.37274949988887
more-itertools,10.8.0,523,20260925,696,286,4499,3274,72.77172705045565
more-itertools,10.8.0,524,20260925,696,286,4499,3382,75.17226050233386
more-itertools,10.8.0,525,20260925,696,286,4499,3227,71.72705045565681
more-itertools,10.8.0,526,20260925,696,286,4499,3446,76.5947988441876
more-itertools,10.8.0,527,20260925,696,286,4499,3574,79.43987552789508
more-itertools,10.8.0,528,20260925,696,286,4499,3281,72.92731718159591
more-itertools,10.8.0,529,20260925,696,286,4499,3246,72.14936652589465
more-itertools,10.8.0,530,20260925,696,286,4499,3411,75.81684818848633
more-itertools,10.8.0,531,20260925,696,286,4499,3167,70.39342076016892
more-itertools,10.8.0,532,20260925,696,286,4499,3120,69.34874416537008
more-itertools,10.8.0,533,20260925,696,286,4499,3076,68.37074905534563
more-itertools,10.8.0,534,20260925,696,286,4499,3480,77.3505223382974
more-itertools,10.8.0,535,20260925,696,286,4499,3523,78.30629028673039
more-itertools,10.8.0,536,20260925,696,286,4499,3333,74.08312958435208
more-itertools,10.8.0,537,20260925,696,286,4499,3404,75.66125805734607
more-itertools,10.8.0,538,20260925,696,286,4499,3384,75.21671482551677
more-itertools,10.8.0,539,20260925,696,286,4499,3436,76.37252722827294
more-itertools,10.8.0,540,20260925,696,286,4499,3311,73.59413202933985
more-itertools,10.8.0,541,20260925,696,286,4499,3291,73.14958879751056
more-itertools,10.8.0,542,20260925,696,286,4499,3149,69.99333185152256
more-itertools,10.8.0,543,20260925,696,286,4499,3181,70.70460102244944
more-itertools,10.8.0,544,20260925,696,286,4499,3472,77.17270504556568
more-itertools,10.8.0,545,20260925,696,286,4499,3363,74.74994443209602
more-itertools,10.8.0,546,20260925,696,286,4499,3537,78.61747054901089
more-itertools,10.8.0,547,20260925,696,286,4499,3205,71.23805290064459
more-itertools,10.8.0,548,20260925,696,286,4499,3189,70.88241831518116
more-itertools,10.8.0,549,20260925,696,286,4499,3308,73.52745054456545
more-itertools,10.8.0,550,20260925,696,286,4499,3452,76.72816181373639
more-itertools,10.8.0,551,20260925,696,286,4499,3438,76.41698155145588
more-itertools,10.8.0,552,20260925,696,286,4499,3401,75.59457657257168
more-itertools,10.8.0,553,20260925,696,286,4499,3371,74.92776172482775
more-itertools,10.8.0,554,20260925,696,286,4499,3516,78.15070015559013
more-itertools,10.8.0,555,20260925,696,286,4499,3268,72.63836408090687
more-itertools,10.8.0,556,20260925,696,286,4499,3507,77.95065570126695
more-itertools,10.8.0,557,20260925,696,286,4499,3552,78.95087797288286
more-itertools,10.8.0,558,20260925,696,286,4499,3341,74.2609468770838
more-itertools,10.8.0,559,20260925,696,286,4499,3283,72.97177150477884
more-itertools,10.8.0,560,20260925,696,286,4499,3433,76.30584574349855
more-itertools,10.8.0,561,20260925,696,286,4499,3329,73.99422093798621
more-itertools,10.8.0,562,20260925,696,286,4499,3346,74.37208268504112
more-itertools,10.8.0,563,20260925,696,286,4499,3298,73.30517892865082
more-itertools,10.8.0,564,20260925,696,286,4499,3308,73.52745054456545
more-itertools,10.8.0,565,20260925,696,286,4499,3253,72.3049566570349
more-itertools,10.8.0,566,20260925,696,286,4499,3465,77.01711491442543
more-itertools,10.8.0,567,20260925,696,286,4499,3601,80.04000889086464
more-itertools,10.8.0,568,20260925,696,286,4499,3266,72.59390975772394
more-itertools,10.8.0,569,20260925,696,286,4499,3158,70.19337630584575
more-itertools,10.8.0,570,20260925,696,286,4499,3348,74.41653700822405
more-itertools,10.8.0,571,20260925,696,286,4499,3408,75.75016670371194
more-itertools,10.8.0,572,20260925,696,286,4499,3246,72.14936652589465
more-itertools,10.8.0,573,20260925,696,286,4499,3271,72.70504556568126
more-itertools,10.8.0,574,20260925,696,286,4499,3332,74.06090242276062
more-itertools,10.8.0,575,20260925,696,286,4499,3447,76.61702600577907
more-itertools,10.8.0,576,20260925,696,286,4499,3273,72.7494998888642
more-itertools,10.8.0,577,20260925,696,286,4499,3471,77.15047788397422
more-itertools,10.8.0,578,20260925,696,286,4499,3225,71.68259613247389
more-itertools,10.8.0,579,20260925,696,286,4499,3385,75.23894198710825
more-itertools,10.8.0,580,20260925,696,286,4499,3167,70.39342076016892
more-itertools,10.8.0,581,20260925,696,286,4499,3291,73.14958879751056
more-itertools,10.8.0,582,20260925,696,286,4499,3412,75.83907535007779
more-itertools,10.8.0,583,20260925,696,286,4499,3383,75.19448766392532
more-itertools,10.8.0,584,20260925,696,286,4499,3069,68.21515892420538
more-itertools,10.8.0,585,20260925,696,286,4499,3316,73.70526783729717
more-itertools,10.8.0,586,20260925,696,286,4499,3378,75.08335185596799
more-itertools,10.8.0,587,20260925,696,286,4499,3407,75.72793954212047
more-itertools,10.8.0,588,20260925,696,286,4499,3325,73.90531229162036
more-itertools,10.8.0,589,20260925,696,286,4499,3262,72.50500111135808
more-itertools,10.8.0,590,20260925,696,286,4499,3363,74.74994443209602
more-itertools,10.8.0,591,20260925,696,286,4499,3109,69.10424538786397
more-itertools,10.8.0,592,20260925,696,286,4499,3420,76.01689264280951
more-itertools,10.8.0,593,20260925,696,286,4499,3162,70.2822849522116
more-itertools,10.8.0,594,20260925,696,286,4499,3357,74.61658146254723
more-itertools,10.8.0,595,20260925,696,286,4499,3519,78.21738164036452
more-itertools,10.8.0,596,20260925,696,286,4499,3331,74.03867526116915
more-itertools,10.8.0,597,20260925,696,286,4499,3452,76.72816181373639
more-itertools,10.8.0,598,20260925,696,286,4499,3238,71.97154923316293
more-itertools,10.8.0,599,20260925,696,286,4499,3448,76.63925316737053
more-itertools,10.8.0,600,20260925,696,286,4499,3398,75.52789508779729
more-itertools,10.8.0,601,20260925,696,286,4499,3074,68.32629473216271
more-itertools,10.8.0,602,20260925,696,286,4499,3396,75.48344076461436
more-itertools,10.8.0,603,20260925,696,286,4499,3152,70.06001333629696
more-itertools,10.8.0,604,20260925,696,286,4499,3562,79.17314958879751
more-itertools,10.8.0,605,20260925,696,286,4499,3308,73.52745054456545
more-itertools,10.8.0,606,20260925,696,286,4499,3409,75.7723938653034
more-itertools,10.8.0,607,20260925,696,286,4499,3363,74.74994443209602
more-itertools,10.8.0,608,20260925,696,286,4499,3251,72.26050233385196
more-itertools,10.8.0,609,20260925,696,286,4499,3311,73.59413202933985
more-itertools,10.8.0,610,20260925,696,286,4499,3193,70.971326961547
more-itertools,10.8.0,611,20260925,696,286,4499,3201,71.14914425427872
more-itertools,10.8.0,612,20260925,696,286,4499,3426,76.15025561235831
more-itertools,10.8.0,613,20260925,696,286,4499,3403,75.63903089575462
more-itertools,10.8.0,614,20260925,696,286,4499,3482,77.39497666148033
more-itertools,10.8.0,615,20260925,696,286,4499,3338,74.1942653923094
more-itertools,10.8.0,616,20260925,696,286,4499,3471,77.15047788397422
more-itertools,10.8.0,617,20260925,696,286,4499,3187,70.83796399199822
more-itertools,10.8.0,618,20260925,696,286,4499,3530,78.46188041787063
more-itertools,10.8.0,619,20260925,696,286,4499,3184,70.77128250722383
more-itertools,10.8.0,620,20260925,696,286,4499,3248,72.19382084907757
more-itertools,10.8.0,621,20260925,696,286,4499,3320,73.79417648366304
more-itertools,10.8.0,622,20260925,696,286,4499,3297,73.28295176705934
more-itertools,10.8.0,623,20260925,696,286,4499,3159,70.2156034674372
more-itertools,10.8.0,624,20260925,696,286,4499,3619,80.44009779951101
more-itertools,10.8.0,625,20260925,696,286,4499,3307,73.505223382974
more-itertools,10.8.0,626,20260925,696,286,4499,3301,73.37186041342521
more-itertools,10.8.0,627,20260925,696,286,4499,3314,73.66081351411425
more-itertools,10.8.0,628,20260925,696,286,4499,3472,77.17270504556568
more-itertools,10.8.0,629,20260925,696,286,4499,3339,74.21649255390086
more-itertools,10.8.0,630,20260925,696,286,4499,3314,73.66081351411425
more-itertools,10.8.0,631,20260925,696,286,4499,3516,78.15070015559013
more-itertools,10.8.0,632,20260925,696,286,4499,3460,76.90597910646811
more-itertools,10.8.0,633,20260925,696,286,4499,3383,75.19448766392532
more-itertools,10.8.0,634,20260925,696,286,4499,3175,70.57123805290064
more-itertools,10.8.0,635,20260925,696,286,4499,3294,73.21627028228495
more-itertools,10.8.0,636,20260925,696,286,4499,3267,72.61613691931541
more-itertools,10.8.0,637,20260925,696,286,4499,3220,71.57146032451656
more-itertools,10.8.0,638,20260925,696,286,4499,3397,75.50566792620582
more-itertools,10.8.0,639,20260925,696,286,4499,3325,73.90531229162036
more-itertools,10.8.0,640,20260925,696,286,4499,3327,73.9497666148033
more-itertools,10.8.0,641,20260925,696,286,4499,3439,76.43920871304735
more-itertools,10.8.0,642,20260925,696,286,4499,3272,72.72727272727273
more-itertools,10.8.0,643,20260925,696,286,4499,3277,72.83840853523004
more-itertools,10.8.0,644,20260925,696,286,4499,3305,73.46076905979106
more-itertools,10.8.0,645,20260925,696,286,4499,3418,75.97243831962659
more-itertools,10.8.0,646,20260925,696,286,4499,3332,74.06090242276062
more-itertools,10.8.0,647,20260925,696,286,4499,3237,71.94932207157146
more-itertools,10.8.0,648,20260925,696,286,4499,3514,78.1062458324072
more-itertools,10.8.0,649,20260925,696,286,4499,3416,75.92798399644366
more-itertools,10.8.0,650,20260925,696,286,4499,3488,77.52833963102911
more-itertools,10.8.0,651,20260925,696,286,4499,3209,71.32696154701044
more-itertools,10.8.0,652,20260925,696,286,4499,3381,75.15003334074238
more-itertools,10.8.0,653,20260925,696,286,4499,3347,74.39430984663258
more-itertools,10.8.0,654,20260925,696,286,4499,3419,75.99466548121805
more-itertools,10.8.0,655,20260925,696,286,4499,3300,73.34963325183374
more-itertools,10.8.0,656,20260925,696,286,4499,3271,72.70504556568126
more-itertools,10.8.0,657,20260925,696,286,4499,3302,73.39408757501667
more-itertools,10.8.0,658,20260925,696,286,4499,3320,73.79417648366304
more-itertools,10.8.0,659,20260925,696,286,4499,3201,71.14914425427872
more-itertools,10.8.0,660,20260925,696,286,4499,3201,71.14914425427872
more-itertools,10.8.0,661,20260925,696,286,4499,3350,74.46099133140697
more-itertools,10.8.0,662,20260925,696,286,4499,3290,73.12736163591909
more-itertools,10.8.0,663,20260925,696,286,4499,3301,73.37186041342521
more-itertools,10.8.0,664,20260925,696,286,4499,3263,72.52722827294954
more-itertools,10.8.0,665,20260925,696,286,4499,3332,74.06090242276062
more-itertools,10.8.0,666,20260925,696,286,4499,3517,78.17292731718159
more-itertools,10.8.0,667,20260925,696,286,4499,3341,74.2609468770838
more-itertools,10.8.0,668,20260925,696,286,4499,3276,72.81618137363859
more-itertools,10.8.0,669,20260925,696,286,4499,3331,74.03867526116915
more-itertools,10.8.0,670,20260925,696,286,4499,3342,74.28317403867526
more-itertools,10.8.0,671,20260925,696,286,4499,3495,77.68392976216937
more-itertools,10.8.0,672,20260925,696,286,4499,3286,73.03845298955324
more-itertools,10.8.0,673,20260925,696,286,4499,3300,73.34963325183374
more-itertools,10.8.0,674,20260925,696,286,4499,3436,76.37252722827294
more-itertools,10.8.0,675,20260925,696,286,4499,3119,69.32651700377862
more-itertools,10.8.0,676,20260925,696,286,4499,3235,71.90486774838853
more-itertools,10.8.0,677,20260925,696,286,4499,3282,72.94954434318737
more-itertools,10.8.0,678,20260925,696,286,4499,3362,74.72771727050456
more-itertools,10.8.0,679,20260925,696,286,4499,3342,74.28317403867526
more-itertools,10.8.0,680,20260925,696,286,4499,3302,73.39408757501667
more-itertools,10.8.0,681,20260925,696,286,4499,3291,73.14958879751056
more-itertools,10.8.0,682,20260925,696,286,4499,3516,78.15070015559013
more-itertools,10.8.0,683,20260925,696,286,4499,3201,71.14914425427872
more-itertools,10.8.0,684,20260925,696,286,4499,3344,74.32762836185819
more-itertools,10.8.0,685,20260925,696,286,4499,3266,72.59390975772394
more-itertools,10.8.0,686,20260925,696,286,4499,3426,76.15025561235831
more-itertools,10.8.0,687,20260925,696,286,4499,3322,73.83863080684597
more-itertools,10.8.0,688,20260925,696,286,4499,3527,78.39519893309624
more-itertools,10.8.0,689,20260925,696,286,4499,3398,75.52789508779729
more-itertools,10.8.0,690,20260925,696,286,4499,3446,76.5947988441876
more-itertools,10.8.0,691,20260925,696,286,4499,3389,75.3278506334741
more-itertools,10.8.0,692,20260925,696,286,4499,3398,75.52789508779729
more-itertools,10.8.0,693,20260925,696,286,4499,3464,76.99488775283396
more-itertools,10.8.0,694,20260925,696,286,4499,3331,74.03867526116915
more-itertools,10.8.0,695,20260925,696,286,4499,3512,78.06179150922428
more-itertools,10.8.0,696,20260925,696,286,4499,3283,72.97177150477884
more-itertools,10.8.0,697,20260925,696,286,4499,3344,74.32762836185819
more-itertools,10.8.0,698,20260925,696,286,4499,3418,75.97243831962659
more-itertools,10.8.0,699,20260925,696,286,4499,3263,72.52722827294954
more-itertools,10.8.0,700,20260925,696,286,4499,3324,73.88308513002889
more-itertools,10.8.0,701,20260925,696,286,4499,3179,70.6601466992665
more-itertools,10.8.0,702,20260925,696,286,4499,3488,77.52833963102911
more-itertools,10.8.0,703,20260925,696,286,4499,3251,72.26050233385196
more-itertools,10.8.0,704,20260925,696,286,4499,3265,72.57168259613248
more-itertools,10.8.0,705,20260925,696,286,4499,3379,75.10557901755946
more-itertools,10.8.0,706,20260925,696,286,4499,3391,75.37230495665703
more-itertools,10.8.0,707,20260925,696,286,4499,3407,75.72793954212047
more-itertools,10.8.0,708,20260925,696,286,4499,3335,74.12758390753501
more-itertools,10.8.0,709,20260925,696,286,4499,3306,73.48299622138254
more-itertools,10.8.0,710,20260925,696,286,4499,3135,69.68215158924205
more-itertools,10.8.0,711,20260925,696,286,4499,3309,73.54967770615693
more-itertools,10.8.0,712,20260925,696,286,4499,3450,76.68370749055346
more-itertools,10.8.0,713,20260925,696,286,4499,3365,74.79439875527895
more-itertools,10.8.0,714,20260925,696,286,4499,3400,75.57234941098022
more-itertools,10.8.0,715,20260925,696,286,4499,3226,71.70482329406535
more-itertools,10.8.0,716,20260925,696,286,4499,3354,74.54989997777284
more-itertools,10.8.0,717,20260925,696,286,4499,3333,74.08312958435208
more-itertools,10.8.0,718,20260925,696,286,4499,3344,74.32762836185819
more-itertools,10.8.0,719,20260925,696,286,4499,3235,71.90486774838853
more-itertools,10.8.0,720,20260925,696,286,4499,3132,69.61547010446766
more-itertools,10.8.0,721,20260925,696,286,4499,3403,75.63903089575462
more-itertools,10.8.0,722,20260925,696,286,4499,3450,76.68370749055346
more-itertools,10.8.0,723,20260925,696,286,4499,3226,71.70482329406535
more-itertools,10.8.0,724,20260925,696,286,4499,3509,77.99511002444987
more-itertools,10.8.0,725,20260925,696,286,4499,3327,73.9497666148033
more-itertools,10.8.0,726,20260925,696,286,4499,3336,74.14981106912647
more-itertools,10.8.0,727,20260925,696,286,4499,3080,68.45965770171149
more-itertools,10.8.0,728,20260925,696,286,4499,3425,76.12802845076683
more-itertools,10.8.0,729,20260925,696,286,4499,3310,73.57190486774839
more-itertools,10.8.0,730,20260925,696,286,4499,3482,77.39497666148033
more-itertools,10.8.0,731,20260925,696,286,4499,3239,71.99377639475439
more-itertools,10.8.0,732,20260925,696,286,4499,3545,78.7952878417426
more-itertools,10.8.0,733,20260925,696,286,4499,3385,75.23894198710825
more-itertools,10.8.0,734,20260925,696,286,4499,3403,75.63903089575462
more-itertools,10.8.0,735,20260925,696,286,4499,3510,78.01733718604135
more-itertools,10.8.0,736,20260925,696,286,4499,3152,70.06001333629696
more-itertools,10.8.0,737,20260925,696,286,4499,3476,77.26161369193154
more-itertools,10.8.0,738,20260925,696,286,4499,3281,72.92731718159591
more-itertools,10.8.0,739,20260925,696,286,4499,3344,74.32762836185819
more-itertools,10.8.0,740,20260925,696,286,4499,3398,75.52789508779729
more-itertools,10.8.0,741,20260925,696,286,4499,3376,75.03889753278506
more-itertools,10.8.0,742,20260925,696,286,4499,3074,68.32629473216271
more-itertools,10.8.0,743,20260925,696,286,4499,3377,75.06112469437653
more-itertools,10.8.0,744,20260925,696,286,4499,3475,77.23938653034007
more-itertools,10.8.0,745,20260925,696,286,4499,3502,77.83951989330963
more-itertools,10.8.0,746,20260925,696,286,4499,3221,71.59368748610802
more-itertools,10.8.0,747,20260925,696,286,4499,3134,69.6599244276506
more-itertools,10.8.0,748,20260925,696,286,4499,3487,77.50611246943765
more-itertools,10.8.0,749,20260925,696,286,4499,3246,72.14936652589465
more-itertools,10.8.0,750,20260925,696,286,4499,3436,76.37252722827294
more-itertools,10.8.0,751,20260925,696,286,4499,3198,71.08246276950433
more-itertools,10.8.0,752,20260925,696,286,4499,3551,78.9286508112914
more-itertools,10.8.0,753,20260925,696,286,4499,3200,71.12691709268726
more-itertools,10.8.0,754,20260925,696,286,4499,3305,73.46076905979106
more-itertools,10.8.0,755,20260925,696,286,4499,3443,76.5281173594132
more-itertools,10.8.0,756,20260925,696,286,4499,3354,74.54989997777284
more-itertools,10.8.0,757,20260925,696,286,4499,3576,79.48432985107802
more-itertools,10.8.0,758,20260925,696,286,4499,3133,69.63769726605912
more-itertools,10.8.0,759,20260925,696,286,4499,3393,75.41675927983997
more-itertools,10.8.0,760,20260925,696,286,4499,3409,75.7723938653034
more-itertools,10.8.0,761,20260925,696,286,4499,3490,77.57279395421205
more-itertools,10.8.0,762,20260925,696,286,4499,3123,69.41542565014447
more-itertools,10.8.0,763,20260925,696,286,4499,3505,77.90620137808402
more-itertools,10.8.0,764,20260925,696,286,4499,3457,76.8392976216937
more-itertools,10.8.0,765,20260925,696,286,4499,3396,75.48344076461436
more-itertools,10.8.0,766,20260925,696,286,4499,3396,75.48344076461436
more-itertools,10.8.0,767,20260925,696,286,4499,3152,70.06001333629696
more-itertools,10.8.0,768,20260925,696,286,4499,3288,73.08290731273617
more-itertools,10.8.0,769,20260925,696,286,4499,3145,69.9044232051567
more-itertools,10.8.0,770,20260925,696,286,4499,3024,67.21493665258946
more-itertools,10.8.0,771,20260925,696,286,4499,3222,71.61591464769948
more-itertools,10.8.0,772,20260925,696,286,4499,3378,75.08335185596799
more-itertools,10.8.0,773,20260925,696,286,4499,3519,78.21738164036452
more-itertools,10.8.0,774,20260925,696,286,4499,3312,73.61635919093132
more-itertools,10.8.0,775,20260925,696,286,4499,3261,72.48277394976661
more-itertools,10.8.0,776,20260925,696,286,4499,3348,74.41653700822405
more-itertools,10.8.0,777,20260925,696,286,4499,3505,77.90620137808402
more-itertools,10.8.0,778,20260925,696,286,4499,3246,72.14936652589465
more-itertools,10.8.0,779,20260925,696,286,4499,3292,73.17181595910202
more-itertools,10.8.0,780,20260925,696,286,4499,3279,72.88286285841298
more-itertools,10.8.0,781,20260925,696,286,4499,3220,71.57146032451656
more-itertools,10.8.0,782,20260925,696,286,4499,3568,79.3065125583463
more-itertools,10.8.0,783,20260925,696,286,4499,3516,78.15070015559013
more-itertools,10.8.0,784,20260925,696,286,4499,3298,73.30517892865082
more-itertools,10.8.0,785,20260925,696,286,4499,3452,76.72816181373639
more-itertools,10.8.0,786,20260925,696,286,4499,3300,73.34963325183374
more-itertools,10.8.0,787,20260925,696,286,4499,3378,75.08335185596799
more-itertools,10.8.0,788,20260925,696,286,4499,3346,74.37208268504112
more-itertools,10.8.0,789,20260925,696,286,4499,3359,74.66103578573016
more-itertools,10.8.0,790,20260925,696,286,4499,3284,72.9939986663703
more-itertools,10.8.0,791,20260925,696,286,4499,3376,75.03889753278506
more-itertools,10.8.0,792,20260925,696,286,4499,3402,75.61680373416314
more-itertools,10.8.0,793,20260925,696,286,4499,3374,74.99444320960214
more-itertools,10.8.0,794,20260925,696,286,4499,3196,71.0380084463214
more-itertools,10.8.0,795,20260925,696,286,4499,3378,75.08335185596799
more-itertools,10.8.0,796,20260925,696,286,4499,3206,71.26028006223605
more-itertools,10.8.0,797,20260925,696,286,4499,3218,71.52700600133363
more-itertools,10.8.0,798,20260925,696,286,4499,3202,71.1713714158702
more-itertools,10.8.0,799,20260925,696,286,4499,3187,70.83796399199822
more-itertools,10.8.0,800,20260925,696,286,4499,3546,78.81751500333408
more-itertools,10.8.0,801,20260925,696,286,4499,3174,70.54901089130918
more-itertools,10.8.0,802,20260925,696,286,4499,3318,73.7497221604801
more-itertools,10.8.0,803,20260925,696,286,4499,3272,72.72727272727273
more-itertools,10.8.0,804,20260925,696,286,4499,3321,73.8164036452545
more-itertools,10.8.0,805,20260925,696,286,4499,3294,73.21627028228495
more-itertools,10.8.0,806,20260925,696,286,4499,3099,68.88197377194932
more-itertools,10.8.0,807,20260925,696,286,4499,3154,70.10446765947988
more-itertools,10.8.0,808,20260925,696,286,4499,3473,77.19493220715715
more-itertools,10.8.0,809,20260925,696,286,4499,3418,75.97243831962659
more-itertools,10.8.0,810,20260925,696,286,4499,3172,70.50455656812625
more-itertools,10.8.0,811,20260925,696,286,4499,3366,74.81662591687042
more-itertools,10.8.0,812,20260925,696,286,4499,3436,76.37252722827294
more-itertools,10.8.0,813,20260925,696,286,4499,3209,71.32696154701044
more-itertools,10.8.0,814,20260925,696,286,4499,3420,76.01689264280951
more-itertools,10.8.0,815,20260925,696,286,4499,3310,73.57190486774839
more-itertools,10.8.0,816,20260925,696,286,4499,3376,75.03889753278506
more-itertools,10.8.0,817,20260925,696,286,4499,3383,75.19448766392532
more-itertools,10.8.0,818,20260925,696,286,4499,3379,75.10557901755946
more-itertools,10.8.0,819,20260925,696,286,4499,3518,78.19515447877306
more-itertools,10.8.0,820,20260925,696,286,4499,3374,74.99444320960214
more-itertools,10.8.0,821,20260925,696,286,4499,3436,76.37252722827294
more-itertools,10.8.0,822,20260925,696,286,4499,3268,72.63836408090687
more-itertools,10.8.0,823,20260925,696,286,4499,3549,78.88419648810847
more-itertools,10.8.0,824,20260925,696,286,4499,3227,71.72705045565681
more-itertools,10.8.0,825,20260925,696,286,4499,3266,72.59390975772394
more-itertools,10.8.0,826,20260925,696,286,4499,3173,70.52678372971772
more-itertools,10.8.0,827,20260925,696,286,4499,3331,74.03867526116915
more-itertools,10.8.0,828,20260925,696,286,4499,3235,71.90486774838853
more-itertools,10.8.0,829,20260925,696,286,4499,3218,71.52700600133363
more-itertools,10.8.0,830,20260925,696,286,4499,3233,71.8604134252056
more-itertools,10.8.0,831,20260925,696,286,4499,3395,75.4612136030229
more-itertools,10.8.0,832,20260925,696,286,4499,3135,69.68215158924205
more-itertools,10.8.0,833,20260925,696,286,4499,3424,76.10580128917537
more-itertools,10.8.0,834,20260925,696,286,4499,3269,72.66059124249833
more-itertools,10.8.0,835,20260925,696,286,4499,3318,73.7497221604801
more-itertools,10.8.0,836,20260925,696,286,4499,3261,72.48277394976661
more-itertools,10.8.0,837,20260925,696,286,4499,3393,75.41675927983997
more-itertools,10.8.0,838,20260925,696,286,4499,3436,76.37252722827294
more-itertools,10.8.0,839,20260925,696,286,4499,3325,73.90531229162036
more-itertools,10.8.0,840,20260925,696,286,4499,3420,76.01689264280951
more-itertools,10.8.0,841,20260925,696,286,4499,3475,77.23938653034007
more-itertools,10.8.0,842,20260925,696,286,4499,3368,74.86108024005334
more-itertools,10.8.0,843,20260925,696,286,4499,3337,74.17203823071793
more-itertools,10.8.0,844,20260925,696,286,4499,3382,75.17226050233386
more-itertools,10.8.0,845,20260925,696,286,4499,3298,73.30517892865082
more-itertools,10.8.0,846,20260925,696,286,4499,3265,72.57168259613248
more-itertools,10.8.0,847,20260925,696,286,4499,3386,75.26116914869971
more-itertools,10.8.0,848,20260925,696,286,4499,3480,77.3505223382974
more-itertools,10.8.0,849,20260925,696,286,4499,3388,75.30562347188264
more-itertools,10.8.0,850,20260925,696,286,4499,3342,74.28317403867526
more-itertools,10.8.0,851,20260925,696,286,4499,3220,71.57146032451656
more-itertools,10.8.0,852,20260925,696,286,4499,3122,69.39319848855301
more-itertools,10.8.0,853,20260925,696,286,4499,3279,72.88286285841298
more-itertools,10.8.0,854,20260925,696,286,4499,3508,77.97288286285841
more-itertools,10.8.0,855,20260925,696,286,4499,3258,72.41609246499222
more-itertools,10.8.0,856,20260925,696,286,4499,3353,74.52767281618138
more-itertools,10.8.0,857,20260925,696,286,4499,3269,72.66059124249833
more-itertools,10.8.0,858,20260925,696,286,4499,3446,76.5947988441876
more-itertools,10.8.0,859,20260925,696,286,4499,3429,76.2169370971327
more-itertools,10.8.0,860,20260925,696,286,4499,3385,75.23894198710825
more-itertools,10.8.0,861,20260925,696,286,4499,3409,75.7723938653034
more-itertools,10.8.0,862,20260925,696,286,4499,3220,71.57146032451656
more-itertools,10.8.0,863,20260925,696,286,4499,3243,72.08268504112024
more-itertools,10.8.0,864,20260925,696,286,4499,3417,75.95021115803512
more-itertools,10.8.0,865,20260925,696,286,4499,3381,75.15003334074238
more-itertools,10.8.0,866,20260925,696,286,4499,3587,79.72882862858413
more-itertools,10.8.0,867,20260925,696,286,4499,3457,76.8392976216937
more-itertools,10.8.0,868,20260925,696,286,4499,3226,71.70482329406535
more-itertools,10.8.0,869,20260925,696,286,4499,3285,73.01622582796178
more-itertools,10.8.0,870,20260925,696,286,4499,3467,77.06156923760835
more-itertools,10.8.0,871,20260925,696,286,4499,3448,76.63925316737053
more-itertools,10.8.0,872,20260925,696,286,4499,3485,77.46165814625472
more-itertools,10.8.0,873,20260925,696,286,4499,3383,75.19448766392532
more-itertools,10.8.0,874,20260925,696,286,4499,3415,75.90575683485218
more-itertools,10.8.0,875,20260925,696,286,4499,3177,70.61569237608357
more-itertools,10.8.0,876,20260925,696,286,4499,3308,73.52745054456545
more-itertools,10.8.0,877,20260925,696,286,4499,3403,75.63903089575462
more-itertools,10.8.0,878,20260925,696,286,4499,3417,75.95021115803512
more-itertools,10.8.0,879,20260925,696,286,4499,3077,68.3929762169371
more-itertools,10.8.0,880,20260925,696,286,4499,3238,71.97154923316293
more-itertools,10.8.0,881,20260925,696,286,4499,3477,77.283840853523
more-itertools,10.8.0,882,20260925,696,286,4499,3365,74.79439875527895
more-itertools,10.8.0,883,20260925,696,286,4499,3285,73.01622582796178
more-itertools,10.8.0,884,20260925,696,286,4499,3322,73.83863080684597
more-itertools,10.8.0,885,20260925,696,286,4499,3349,74.43876416981551
more-itertools,10.8.0,886,20260925,696,286,4499,3625,80.57346076905979
more-itertools,10.8.0,887,20260925,696,286,4499,3285,73.01622582796178
more-itertools,10.8.0,888,20260925,696,286,4499,3483,77.41720382307179
more-itertools,10.8.0,889,20260925,696,286,4499,3407,75.72793954212047
more-itertools,10.8.0,890,20260925,696,286,4499,3408,75.75016670371194
more-itertools,10.8.0,891,20260925,696,286,4499,3395,75.4612136030229
more-itertools,10.8.0,892,20260925,696,286,4499,3247,72.17159368748611
more-itertools,10.8.0,893,20260925,696,286,4499,3334,74.10535674594354
more-itertools,10.8.0,894,20260925,696,286,4499,3174,70.54901089130918
more-itertools,10.8.0,895,20260925,696,286,4499,3288,73.08290731273617
more-itertools,10.8.0,896,20260925,696,286,4499,3372,74.9499888864192
more-itertools,10.8.0,897,20260925,696,286,4499,3442,76.50589019782174
more-itertools,10.8.0,898,20260925,696,286,4499,3374,74.99444320960214
more-itertools,10.8.0,899,20260925,696,286,4499,3103,68.97088241831518
more-itertools,10.8.0,900,20260925,696,286,4499,3288,73.08290731273617
more-itertools,10.8.0,901,20260925,696,286,4499,3283,72.97177150477884
more-itertools,10.8.0,902,20260925,696,286,4499,3440,76.46143587463881
more-itertools,10.8.0,903,20260925,696,286,4499,3370,74.90553456323627
more-itertools,10.8.0,904,20260925,696,286,4499,3399,75.55012224938875
more-itertools,10.8.0,905,20260925,696,286,4499,3434,76.32807290509002
more-itertools,10.8.0,906,20260925,696,286,4499,3212,71.39364303178485
more-itertools,10.8.0,907,20260925,696,286,4499,3595,79.90664592131584
more-itertools,10.8.0,908,20260925,696,286,4499,3066,68.14847743943099
more-itertools,10.8.0,909,20260925,696,286,4499,3520,78.239608801956
more-itertools,10.8.0,910,20260925,696,286,4499,3339,74.21649255390086
more-itertools,10.8.0,911,20260925,696,286,4499,3374,74.99444320960214
more-itertools,10.8.0,912,20260925,696,286,4499,3140,69.79328739719938
more-itertools,10.8.0,913,20260925,696,286,4499,3239,71.99377639475439
more-itertools,10.8.0,914,20260925,696,286,4499,3213,71.4158701933763
more-itertools,10.8.0,915,20260925,696,286,4499,3367,74.83885307846188
more-itertools,10.8.0,916,20260925,696,286,4499,3518,78.19515447877306
more-itertools,10.8.0,917,20260925,696,286,4499,3194,70.99355412313848
more-itertools,10.8.0,918,20260925,696,286,4499,3335,74.12758390753501
more-itertools,10.8.0,919,20260925,696,286,4499,3605,80.12891753723049
more-itertools,10.8.0,920,20260925,696,286,4499,3362,74.72771727050456
more-itertools,10.8.0,921,20260925,696,286,4499,3133,69.63769726605912
more-itertools,10.8.0,922,20260925,696,286,4499,3168,70.4156479217604
more-itertools,10.8.0,923,20260925,696,286,4499,3347,74.39430984663258
more-itertools,10.8.0,924,20260925,696,286,4499,3506,77.92842853967548
more-itertools,10.8.0,925,20260925,696,286,4499,3339,74.21649255390086
more-itertools,10.8.0,926,20260925,696,286,4499,3340,74.23871971549234
more-itertools,10.8.0,927,20260925,696,286,4499,3546,78.81751500333408
more-itertools,10.8.0,928,20260925,696,286,4499,3238,71.97154923316293
more-itertools,10.8.0,929,20260925,696,286,4499,3214,71.43809735496777
more-itertools,10.8.0,930,20260925,696,286,4499,3404,75.66125805734607
more-itertools,10.8.0,931,20260925,696,286,4499,3267,72.61613691931541
more-itertools,10.8.0,932,20260925,696,286,4499,3470,77.12825072238275
more-itertools,10.8.0,933,20260925,696,286,4499,3376,75.03889753278506
more-itertools,10.8.0,934,20260925,696,286,4499,3362,74.72771727050456
more-itertools,10.8.0,935,20260925,696,286,4499,3108,69.08201822627251
more-itertools,10.8.0,936,20260925,696,286,4499,3226,71.70482329406535
more-itertools,10.8.0,937,20260925,696,286,4499,3426,76.15025561235831
more-itertools,10.8.0,938,20260925,696,286,4499,3234,71.88264058679707
more-itertools,10.8.0,939,20260925,696,286,4499,3221,71.59368748610802
more-itertools,10.8.0,940,20260925,696,286,4499,3189,70.88241831518116
more-itertools,10.8.0,941,20260925,696,286,4499,3307,73.505223382974
more-itertools,10.8.0,942,20260925,696,286,4499,3269,72.66059124249833
more-itertools,10.8.0,943,20260925,696,286,4499,3339,74.21649255390086
more-itertools,10.8.0,944,20260925,696,286,4499,3497,77.7283840853523
more-itertools,10.8.0,945,20260925,696,286,4499,3365,74.79439875527895
more-itertools,10.8.0,946,20260925,696,286,4499,3366,74.81662591687042
more-itertools,10.8.0,947,20260925,696,286,4499,3354,74.54989997777284
more-itertools,10.8.0,948,20260925,696,286,4499,3109,69.10424538786397
more-itertools,10.8.0,949,20260925,696,286,4499,3171,70.48232940653479
more-itertools,10.8.0,950,20260925,696,286,4499,3344,74.32762836185819
more-itertools,10.8.0,951,20260925,696,286,4499,3529,78.43965325627917
more-itertools,10.8.0,952,20260925,696,286,4499,3413,75.86130251166927
more-itertools,10.8.0,953,20260925,696,286,4499,3496,77.70615692376083
more-itertools,10.8.0,954,20260925,696,286,4499,3474,77.21715936874861
more-itertools,10.8.0,955,20260925,696,286,4499,3364,74.77217159368749
more-itertools,10.8.0,956,20260925,696,286,4499,3271,72.70504556568126
more-itertools,10.8.0,957,20260925,696,286,4499,3399,75.55012224938875
more-itertools,10.8.0,958,20260925,696,286,4499,3214,71.43809735496777
more-itertools,10.8.0,959,20260925,696,286,4499,3117,69.28206268059569
more-itertools,10.8.0,960,20260925,696,286,4499,3310,73.57190486774839
more-itertools,10.8.0,961,20260925,696,286,4499,3343,74.30540120026673
more-itertools,10.8.0,962,20260925,696,286,4499,3344,74.32762836185819
more-itertools,10.8.0,963,20260925,696,286,4499,3438,76.41698155145588
more-itertools,10.8.0,964,20260925,696,286,4499,3382,75.17226050233386
more-itertools,10.8.0,965,20260925,696,286,4499,3425,76.12802845076683
more-itertools,10.8.0,966,20260925,696,286,4499,3470,77.12825072238275
more-itertools,10.8.0,967,20260925,696,286,4499,3274,72.77172705045565
more-itertools,10.8.0,968,20260925,696,286,4499,3450,76.68370749055346
more-itertools,10.8.0,969,20260925,696,286,4499,3331,74.03867526116915
more-itertools,10.8.0,970,20260925,696,286,4499,3459,76.88375194487664
more-itertools,10.8.0,971,20260925,696,286,4499,3240,72.01600355634585
more-itertools,10.8.0,972,20260925,696,286,4499,3522,78.28406312513891
more-itertools,10.8.0,973,20260925,696,286,4499,3522,78.28406312513891
more-itertools,10.8.0,974,20260925,696,286,4499,3234,71.88264058679707
more-itertools,10.8.0,975,20260925,696,286,4499,3234,71.88264058679707
more-itertools,10.8.0,976,20260925,696,286,4499,3263,72.52722827294954
more-itertools,10.8.0,977,20260925,696,286,4499,3347,74.39430984663258
more-itertools,10.8.0,978,20260925,696,286,4499,3219,71.54923316292509
more-itertools,10.8.0,979,20260925,696,286,4499,3484,77.43943098466326
more-itertools,10.8.0,980,20260925,696,286,4499,3405,75.68348521893755
more-itertools,10.8.0,981,20260925,696,286,4499,3558,79.08424094243165
more-itertools,10.8.0,982,20260925,696,286,4499,3199,71.1046899310958
more-itertools,10.8.0,983,20260925,696,286,4499,3284,72.9939986663703
more-itertools,10.8.0,984,20260925,696,286,4499,3218,71.52700600133363
more-itertools,10.8.0,985,20260925,696,286,4499,3274,72.77172705045565
more-itertools,10.8.0,986,20260925,696,286,4499,3263,72.52722827294954
more-itertools,10.8.0,987,20260925,696,286,4499,3391,75.37230495665703
more-itertools,10.8.0,988,20260925,696,286,4499,3433,76.30584574349855
more-itertools,10.8.0,989,20260925,696,286,4499,3491,77.59502111580352
more-itertools,10.8.0,990,20260925,696,286,4499,3164,70.32673927539453
more-itertools,10.8.0,991,20260925,696,286,4499,3217,71.50477883974216
more-itertools,10.8.0,992,20260925,696,286,4499,3337,74.17203823071793
more-itertools,10.8.0,993,20260925,696,286,4499,3372,74.9499888864192
more-itertools,10.8.0,994,20260925,696,286,4499,3276,72.81618137363859
more-itertools,10.8.0,995,20260925,696,286,4499,3339,74.21649255390086
more-itertools,10.8.0,996,20260925,696,286,4499,3392,75.3945321182485
more-itertools,10.8.0,997,20260925,696,286,4499,3476,77.26161369193154
more-itertools,10.8.0,998,20260925,696,286,4499,3318,73.7497221604801
more-itertools,10.8.0,999,20260925,696,286,4499,3306,73.48299622138254
more-itertools,10.8.0,1000,20260925,696,286,4499,3247,72.17159368748611
more-itertools,11.1.0,1,20260926,722,295,4723,3279,69.4262121532924
more-itertools,11.1.0,2,20260926,722,295,4723,3438,72.79271649375397
more-itertools,11.1.0,3,20260926,722,295,4723,3597,76.15922083421555
more-itertools,11.1.0,4,20260926,722,295,4723,3591,76.03218293457549
more-itertools,11.1.0,5,20260926,722,295,4723,3328,70.46368833368622
more-itertools,11.1.0,6,20260926,722,295,4723,3578,75.75693415202203
more-itertools,11.1.0,7,20260926,722,295,4723,3493,73.95723057378785
more-itertools,11.1.0,8,20260926,722,295,4723,3100,65.63624814736396
more-itertools,11.1.0,9,20260926,722,295,4723,3489,73.87253864069447
more-itertools,11.1.0,10,20260926,722,295,4723,3582,75.8416260851154
more-itertools,11.1.0,11,20260926,722,295,4723,3495,73.99957654033453
more-itertools,11.1.0,12,20260926,722,295,4723,3399,71.96697014609359
more-itertools,11.1.0,13,20260926,722,295,4723,3545,75.0582257040017
more-itertools,11.1.0,14,20260926,722,295,4723,3710,78.55176794410332
more-itertools,11.1.0,15,20260926,722,295,4723,3410,72.19987296210036
more-itertools,11.1.0,16,20260926,722,295,4723,3293,69.7226339191192
more-itertools,11.1.0,17,20260926,722,295,4723,3431,72.64450561084057
more-itertools,11.1.0,18,20260926,722,295,4723,3357,71.07770484861317
more-itertools,11.1.0,19,20260926,722,295,4723,3439,72.81388947702732
more-itertools,11.1.0,20,20260926,722,295,4723,3598,76.18039381748889
more-itertools,11.1.0,21,20260926,722,295,4723,3367,71.2894346813466
more-itertools,11.1.0,22,20260926,722,295,4723,3578,75.75693415202203
more-itertools,11.1.0,23,20260926,722,295,4723,3460,73.25852212576753
more-itertools,11.1.0,24,20260926,722,295,4723,3585,75.90514503493542
more-itertools,11.1.0,25,20260926,722,295,4723,3499,74.08426847342791
more-itertools,11.1.0,26,20260926,722,295,4723,3248,68.76984967181876
more-itertools,11.1.0,27,20260926,722,295,4723,3589,75.9898369680288
more-itertools,11.1.0,28,20260926,722,295,4723,3578,75.75693415202203
more-itertools,11.1.0,29,20260926,722,295,4723,3543,75.01587973745501
more-itertools,11.1.0,30,20260926,722,295,4723,3625,76.75206436586915
more-itertools,11.1.0,31,20260926,722,295,4723,3579,75.77810713529536
more-itertools,11.1.0,32,20260926,722,295,4723,3321,70.31547745077282
more-itertools,11.1.0,33,20260926,722,295,4723,3226,68.3040440398052
more-itertools,11.1.0,34,20260926,722,295,4723,3529,74.7194579716282
more-itertools,11.1.0,35,20260926,722,295,4723,3342,70.76011009951303
more-itertools,11.1.0,36,20260926,722,295,4723,3403,72.05166207918695
more-itertools,11.1.0,37,20260926,722,295,4723,3561,75.39699343637518
more-itertools,11.1.0,38,20260926,722,295,4723,3590,76.01100995130214
more-itertools,11.1.0,39,20260926,722,295,4723,3591,76.03218293457549
more-itertools,11.1.0,40,20260926,722,295,4723,3326,70.42134236713953
more-itertools,11.1.0,41,20260926,722,295,4723,3316,70.20961253440609
more-itertools,11.1.0,42,20260926,722,295,4723,3526,74.65593902180817
more-itertools,11.1.0,43,20260926,722,295,4723,3627,76.79441033241584
more-itertools,11.1.0,44,20260926,722,295,4723,3728,78.9328816430235
more-itertools,11.1.0,45,20260926,722,295,4723,3666,77.62015668007622
more-itertools,11.1.0,46,20260926,722,295,4723,3473,73.53377090832099
more-itertools,11.1.0,47,20260926,722,295,4723,3361,71.16239678170655
more-itertools,11.1.0,48,20260926,722,295,4723,3508,74.27482532288799
more-itertools,11.1.0,49,20260926,722,295,4723,3507,74.25365233961465
more-itertools,11.1.0,50,20260926,722,295,4723,3570,75.58755028583528
more-itertools,11.1.0,51,20260926,722,295,4723,3380,71.56468346390007
more-itertools,11.1.0,52,20260926,722,295,4723,3420,72.4116027948338
more-itertools,11.1.0,53,20260926,722,295,4723,3454,73.13148422612745
more-itertools,11.1.0,54,20260926,722,295,4723,3472,73.51259792504764
more-itertools,11.1.0,55,20260926,722,295,4723,3702,78.38238407791658
more-itertools,11.1.0,56,20260926,722,295,4723,3491,73.91488460724116
more-itertools,11.1.0,57,20260926,722,295,4723,3131,66.29261062883761
more-itertools,11.1.0,58,20260926,722,295,4723,3642,77.11200508151599
more-itertools,11.1.0,59,20260926,722,295,4723,3448,73.0044463264874
more-itertools,11.1.0,60,20260926,722,295,4723,3496,74.02074952360788
more-itertools,11.1.0,61,20260926,722,295,4723,3302,69.9131907685793
more-itertools,11.1.0,62,20260926,722,295,4723,3468,73.42790599195426
more-itertools,11.1.0,63,20260926,722,295,4723,3272,69.278001270379
more-itertools,11.1.0,64,20260926,722,295,4723,3419,72.39042981156045
more-itertools,11.1.0,65,20260926,722,295,4723,3598,76.18039381748889
more-itertools,11.1.0,66,20260926,722,295,4723,3099,65.61507516409063
more-itertools,11.1.0,67,20260926,722,295,4723,3377,71.50116451408003
more-itertools,11.1.0,68,20260926,722,295,4723,3384,71.64937539699343
more-itertools,11.1.0,69,20260926,722,295,4723,3441,72.856235443574
more-itertools,11.1.0,70,20260926,722,295,4723,3507,74.25365233961465
more-itertools,11.1.0,71,20260926,722,295,4723,3538,74.9100148210883
more-itertools,11.1.0,72,20260926,722,295,4723,3494,73.97840355706118
more-itertools,11.1.0,73,20260926,722,295,4723,3423,72.47512174465382
more-itertools,11.1.0,74,20260926,722,295,4723,3415,72.30573787846707
more-itertools,11.1.0,75,20260926,722,295,4723,3445,72.94092737666737
more-itertools,11.1.0,76,20260926,722,295,4723,3529,74.7194579716282
more-itertools,11.1.0,77,20260926,722,295,4723,3447,72.98327334321407
more-itertools,11.1.0,78,20260926,722,295,4723,3447,72.98327334321407
more-itertools,11.1.0,79,20260926,722,295,4723,3558,75.33347448655516
more-itertools,11.1.0,80,20260926,722,295,4723,3347,70.86597501587974
more-itertools,11.1.0,81,20260926,722,295,4723,3428,72.58098666102053
more-itertools,11.1.0,82,20260926,722,295,4723,3584,75.88397205166208
more-itertools,11.1.0,83,20260926,722,295,4723,3374,71.43764556426001
more-itertools,11.1.0,84,20260926,722,295,4723,3515,74.4230362058014
more-itertools,11.1.0,85,20260926,722,295,4723,3312,70.12492060131272
more-itertools,11.1.0,86,20260926,722,295,4723,3633,76.9214482320559
more-itertools,11.1.0,87,20260926,722,295,4723,3418,72.3692568282871
more-itertools,11.1.0,88,20260926,722,295,4723,3474,73.55494389159432
more-itertools,11.1.0,89,20260926,722,295,4723,3498,74.06309549015457
more-itertools,11.1.0,90,20260926,722,295,4723,3520,74.52890112216811
more-itertools,11.1.0,91,20260926,722,295,4723,3443,72.89858141012068
more-itertools,11.1.0,92,20260926,722,295,4723,3485,73.7878467076011
more-itertools,11.1.0,93,20260926,722,295,4723,3658,77.45077281388947
more-itertools,11.1.0,94,20260926,722,295,4723,3349,70.90832098242642
more-itertools,11.1.0,95,20260926,722,295,4723,3573,75.6510692356553
more-itertools,11.1.0,96,20260926,722,295,4723,3465,73.36438704213424
more-itertools,11.1.0,97,20260926,722,295,4723,3493,73.95723057378785
more-itertools,11.1.0,98,20260926,722,295,4723,3550,75.16409062036841
more-itertools,11.1.0,99,20260926,722,295,4723,3492,73.93605759051451
more-itertools,11.1.0,100,20260926,722,295,4723,3343,70.78128308278636
more-itertools,11.1.0,101,20260926,722,295,4723,3512,74.35951725598137
more-itertools,11.1.0,102,20260926,722,295,4723,3442,72.87740842684734
more-itertools,11.1.0,103,20260926,722,295,4723,3380,71.56468346390007
more-itertools,11.1.0,104,20260926,722,295,4723,3481,73.70315477450772
more-itertools,11.1.0,105,20260926,722,295,4723,3741,79.20813042557697
more-itertools,11.1.0,106,20260926,722,295,4723,3546,75.07939868727503
more-itertools,11.1.0,107,20260926,722,295,4723,3537,74.88884183781495
more-itertools,11.1.0,108,20260926,722,295,4723,3371,71.37412661443997
more-itertools,11.1.0,109,20260926,722,295,4723,3487,73.83019267414778
more-itertools,11.1.0,110,20260926,722,295,4723,3594,76.09570188439551
more-itertools,11.1.0,111,20260926,722,295,4723,3670,77.7048486131696
more-itertools,11.1.0,112,20260926,722,295,4723,3489,73.87253864069447
more-itertools,11.1.0,113,20260926,722,295,4723,3569,75.56637730256193
more-itertools,11.1.0,114,20260926,722,295,4723,3477,73.61846284141436
more-itertools,11.1.0,115,20260926,722,295,4723,3399,71.96697014609359
more-itertools,11.1.0,116,20260926,722,295,4723,3505,74.21130637306797
more-itertools,11.1.0,117,20260926,722,295,4723,3572,75.62989625238195
more-itertools,11.1.0,118,20260926,722,295,4723,3534,74.82532288799491
more-itertools,11.1.0,119,20260926,722,295,4723,3284,69.53207706965911
more-itertools,11.1.0,120,20260926,722,295,4723,3480,73.68198179123438
more-itertools,11.1.0,121,20260926,722,295,4723,3433,72.68685157738726
more-itertools,11.1.0,122,20260926,722,295,4723,3386,71.69172136354013
more-itertools,11.1.0,123,20260926,722,295,4723,3440,72.83506246030066
more-itertools,11.1.0,124,20260926,722,295,4723,3524,74.61359305526149
more-itertools,11.1.0,125,20260926,722,295,4723,3584,75.88397205166208
more-itertools,11.1.0,126,20260926,722,295,4723,3465,73.36438704213424
more-itertools,11.1.0,127,20260926,722,295,4723,3573,75.6510692356553
more-itertools,11.1.0,128,20260926,722,295,4723,3147,66.63137836121109
more-itertools,11.1.0,129,20260926,722,295,4723,3502,74.14778742324793
more-itertools,11.1.0,130,20260926,722,295,4723,3606,76.34977768367563
more-itertools,11.1.0,131,20260926,722,295,4723,3396,71.90345119627355
more-itertools,11.1.0,132,20260926,722,295,4723,3487,73.83019267414778
more-itertools,11.1.0,133,20260926,722,295,4723,3653,77.34490789752276
more-itertools,11.1.0,134,20260926,722,295,4723,3654,77.3660808807961
more-itertools,11.1.0,135,20260926,722,295,4723,3467,73.40673300868092
more-itertools,11.1.0,136,20260926,722,295,4723,3395,71.8822782130002
more-itertools,11.1.0,137,20260926,722,295,4723,3548,75.12174465382172
more-itertools,11.1.0,138,20260926,722,295,4723,3285,69.55325005293246
more-itertools,11.1.0,139,20260926,722,295,4723,3691,78.1494812619098
more-itertools,11.1.0,140,20260926,722,295,4723,3536,74.8676688545416
more-itertools,11.1.0,141,20260926,722,295,4723,3450,73.04679229303409
more-itertools,11.1.0,142,20260926,722,295,4723,3567,75.52403133601524
more-itertools,11.1.0,143,20260926,722,295,4723,3446,72.96210035994072
more-itertools,11.1.0,144,20260926,722,295,4723,3487,73.83019267414778
more-itertools,11.1.0,145,20260926,722,295,4723,3413,72.2633919119204
more-itertools,11.1.0,146,20260926,722,295,4723,3572,75.62989625238195
more-itertools,11.1.0,147,20260926,722,295,4723,3604,76.30743171712895
more-itertools,11.1.0,148,20260926,722,295,4723,3367,71.2894346813466
more-itertools,11.1.0,149,20260926,722,295,4723,3557,75.31230150328182
more-itertools,11.1.0,150,20260926,722,295,4723,3441,72.856235443574
more-itertools,11.1.0,151,20260926,722,295,4723,3686,78.04361634554309
more-itertools,11.1.0,152,20260926,722,295,4723,3583,75.86279906838874
more-itertools,11.1.0,153,20260926,722,295,4723,3323,70.3578234173195
more-itertools,11.1.0,154,20260926,722,295,4723,3426,72.53864069447386
more-itertools,11.1.0,155,20260926,722,295,4723,3621,76.66737243277578
more-itertools,11.1.0,156,20260926,722,295,4723,3633,76.9214482320559
more-itertools,11.1.0,157,20260926,722,295,4723,3460,73.25852212576753
more-itertools,11.1.0,158,20260926,722,295,4723,3702,78.38238407791658
more-itertools,11.1.0,159,20260926,722,295,4723,3607,76.37095066694897
more-itertools,11.1.0,160,20260926,722,295,4723,3555,75.26995553673513
more-itertools,11.1.0,161,20260926,722,295,4723,3495,73.99957654033453
more-itertools,11.1.0,162,20260926,722,295,4723,3317,70.23078551767944
more-itertools,11.1.0,163,20260926,722,295,4723,3517,74.46538217234809
more-itertools,11.1.0,164,20260926,722,295,4723,3480,73.68198179123438
more-itertools,11.1.0,165,20260926,722,295,4723,3625,76.75206436586915
more-itertools,11.1.0,166,20260926,722,295,4723,3200,67.75354647469828
more-itertools,11.1.0,167,20260926,722,295,4723,3455,73.1526572094008
more-itertools,11.1.0,168,20260926,722,295,4723,3418,72.3692568282871
more-itertools,11.1.0,169,20260926,722,295,4723,3576,75.71458818547534
more-itertools,11.1.0,170,20260926,722,295,4723,3380,71.56468346390007
more-itertools,11.1.0,171,20260926,722,295,4723,3405,72.09400804573364
more-itertools,11.1.0,172,20260926,722,295,4723,3614,76.51916154986237
more-itertools,11.1.0,173,20260926,722,295,4723,3404,72.0728350624603
more-itertools,11.1.0,174,20260926,722,295,4723,3362,71.18356976497988
more-itertools,11.1.0,175,20260926,722,295,4723,3384,71.64937539699343
more-itertools,11.1.0,176,20260926,722,295,4723,3385,71.67054838026678
more-itertools,11.1.0,177,20260926,722,295,4723,3405,72.09400804573364
more-itertools,11.1.0,178,20260926,722,295,4723,3561,75.39699343637518
more-itertools,11.1.0,179,20260926,722,295,4723,3608,76.39212365022232
more-itertools,11.1.0,180,20260926,722,295,4723,3580,75.7992801185687
more-itertools,11.1.0,181,20260926,722,295,4723,3405,72.09400804573364
more-itertools,11.1.0,182,20260926,722,295,4723,3581,75.82045310184205
more-itertools,11.1.0,183,20260926,722,295,4723,3501,74.12661443997459
more-itertools,11.1.0,184,20260926,722,295,4723,3395,71.8822782130002
more-itertools,11.1.0,185,20260926,722,295,4723,3515,74.4230362058014
more-itertools,11.1.0,186,20260926,722,295,4723,3598,76.18039381748889
more-itertools,11.1.0,187,20260926,722,295,4723,3340,70.71776413296634
more-itertools,11.1.0,188,20260926,722,295,4723,3479,73.66080880796105
more-itertools,11.1.0,189,20260926,722,295,4723,3365,71.24708871479992
more-itertools,11.1.0,190,20260926,722,295,4723,3589,75.9898369680288
more-itertools,11.1.0,191,20260926,722,295,4723,3264,69.10861740419224
more-itertools,11.1.0,192,20260926,722,295,4723,3426,72.53864069447386
more-itertools,11.1.0,193,20260926,722,295,4723,3602,76.26508575058226
more-itertools,11.1.0,194,20260926,722,295,4723,3400,71.98814312936693
more-itertools,11.1.0,195,20260926,722,295,4723,3542,74.99470675418166
more-itertools,11.1.0,196,20260926,722,295,4723,3310,70.08257463476603
more-itertools,11.1.0,197,20260926,722,295,4723,3647,77.2178699978827
more-itertools,11.1.0,198,20260926,722,295,4723,3343,70.78128308278636
more-itertools,11.1.0,199,20260926,722,295,4723,3540,74.95236078763497
more-itertools,11.1.0,200,20260926,722,295,4723,3677,77.85305949608299
more-itertools,11.1.0,201,20260926,722,295,4723,3301,69.89201778530595
more-itertools,11.1.0,202,20260926,722,295,4723,3278,69.40503917001905
more-itertools,11.1.0,203,20260926,722,295,4723,3441,72.856235443574
more-itertools,11.1.0,204,20260926,722,295,4723,3237,68.53694685581199
more-itertools,11.1.0,205,20260926,722,295,4723,3514,74.40186322252805
more-itertools,11.1.0,206,20260926,722,295,4723,3493,73.95723057378785
more-itertools,11.1.0,207,20260926,722,295,4723,3501,74.12661443997459
more-itertools,11.1.0,208,20260926,722,295,4723,3518,74.48655515562143
more-itertools,11.1.0,209,20260926,722,295,4723,3488,73.85136565742113
more-itertools,11.1.0,210,20260926,722,295,4723,3384,71.64937539699343
more-itertools,11.1.0,211,20260926,722,295,4723,3478,73.6396358246877
more-itertools,11.1.0,212,20260926,722,295,4723,3548,75.12174465382172
more-itertools,11.1.0,213,20260926,722,295,4723,3417,72.34808384501376
more-itertools,11.1.0,214,20260926,722,295,4723,3481,73.70315477450772
more-itertools,11.1.0,215,20260926,722,295,4723,3575,75.69341520220199
more-itertools,11.1.0,216,20260926,722,295,4723,3487,73.83019267414778
more-itertools,11.1.0,217,20260926,722,295,4723,3555,75.26995553673513
more-itertools,11.1.0,218,20260926,722,295,4723,3733,79.03874655939022
more-itertools,11.1.0,219,20260926,722,295,4723,3550,75.16409062036841
more-itertools,11.1.0,220,20260926,722,295,4723,3399,71.96697014609359
more-itertools,11.1.0,221,20260926,722,295,4723,3680,77.91657844590303
more-itertools,11.1.0,222,20260926,722,295,4723,3607,76.37095066694897
more-itertools,11.1.0,223,20260926,722,295,4723,3631,76.8791022655092
more-itertools,11.1.0,224,20260926,722,295,4723,3442,72.87740842684734
more-itertools,11.1.0,225,20260926,722,295,4723,3563,75.43933940292187
more-itertools,11.1.0,226,20260926,722,295,4723,3538,74.9100148210883
more-itertools,11.1.0,227,20260926,722,295,4723,3509,74.29599830616134
more-itertools,11.1.0,228,20260926,722,295,4723,3319,70.27313148422613
more-itertools,11.1.0,229,20260926,722,295,4723,3479,73.66080880796105
more-itertools,11.1.0,230,20260926,722,295,4723,3605,76.32860470040228
more-itertools,11.1.0,231,20260926,722,295,4723,3433,72.68685157738726
more-itertools,11.1.0,232,20260926,722,295,4723,3345,70.82362904933305
more-itertools,11.1.0,233,20260926,722,295,4723,3624,76.73089138259581
more-itertools,11.1.0,234,20260926,722,295,4723,3293,69.7226339191192
more-itertools,11.1.0,235,20260926,722,295,4723,3481,73.70315477450772
more-itertools,11.1.0,236,20260926,722,295,4723,3438,72.79271649375397
more-itertools,11.1.0,237,20260926,722,295,4723,3536,74.8676688545416
more-itertools,11.1.0,238,20260926,722,295,4723,3583,75.86279906838874
more-itertools,11.1.0,239,20260926,722,295,4723,3472,73.51259792504764
more-itertools,11.1.0,240,20260926,722,295,4723,3443,72.89858141012068
more-itertools,11.1.0,241,20260926,722,295,4723,3464,73.3432140588609
more-itertools,11.1.0,242,20260926,722,295,4723,3603,76.2862587338556
more-itertools,11.1.0,243,20260926,722,295,4723,3418,72.3692568282871
more-itertools,11.1.0,244,20260926,722,295,4723,3391,71.79758627990684
more-itertools,11.1.0,245,20260926,722,295,4723,3361,71.16239678170655
more-itertools,11.1.0,246,20260926,722,295,4723,3655,77.38725386406945
more-itertools,11.1.0,247,20260926,722,295,4723,3472,73.51259792504764
more-itertools,11.1.0,248,20260926,722,295,4723,3537,74.88884183781495
more-itertools,11.1.0,249,20260926,722,295,4723,3306,69.99788270167267
more-itertools,11.1.0,250,20260926,722,295,4723,3646,77.19669701460936
more-itertools,11.1.0,251,20260926,722,295,4723,3336,70.63307219987296
more-itertools,11.1.0,252,20260926,722,295,4723,3575,75.69341520220199
more-itertools,11.1.0,253,20260926,722,295,4723,3480,73.68198179123438
more-itertools,11.1.0,254,20260926,722,295,4723,3451,73.06796527630743
more-itertools,11.1.0,255,20260926,722,295,4723,3504,74.19013338979462
more-itertools,11.1.0,256,20260926,722,295,4723,3285,69.55325005293246
more-itertools,11.1.0,257,20260926,722,295,4723,3437,72.77154351048063
more-itertools,11.1.0,258,20260926,722,295,4723,3388,71.73406733008682
more-itertools,11.1.0,259,20260926,722,295,4723,3460,73.25852212576753
more-itertools,11.1.0,260,20260926,722,295,4723,3446,72.96210035994072
more-itertools,11.1.0,261,20260926,722,295,4723,3632,76.90027524878255
more-itertools,11.1.0,262,20260926,722,295,4723,3492,73.93605759051451
more-itertools,11.1.0,263,20260926,722,295,4723,3374,71.43764556426001
more-itertools,11.1.0,264,20260926,722,295,4723,3544,75.03705272072835
more-itertools,11.1.0,265,20260926,722,295,4723,3516,74.44420918907474
more-itertools,11.1.0,266,20260926,722,295,4723,3461,73.27969510904086
more-itertools,11.1.0,267,20260926,722,295,4723,3528,74.69828498835486
more-itertools,11.1.0,268,20260926,722,295,4723,3439,72.81388947702732
more-itertools,11.1.0,269,20260926,722,295,4723,3593,76.07452890112216
more-itertools,11.1.0,270,20260926,722,295,4723,3550,75.16409062036841
more-itertools,11.1.0,271,20260926,722,295,4723,3517,74.46538217234809
more-itertools,11.1.0,272,20260926,722,295,4723,3603,76.2862587338556
more-itertools,11.1.0,273,20260926,722,295,4723,3455,73.1526572094008
more-itertools,11.1.0,274,20260926,722,295,4723,3380,71.56468346390007
more-itertools,11.1.0,275,20260926,722,295,4723,3555,75.26995553673513
more-itertools,11.1.0,276,20260926,722,295,4723,3797,80.39381748888418
more-itertools,11.1.0,277,20260926,722,295,4723,3608,76.39212365022232
more-itertools,11.1.0,278,20260926,722,295,4723,3453,73.11031124285412
more-itertools,11.1.0,279,20260926,722,295,4723,3544,75.03705272072835
more-itertools,11.1.0,280,20260926,722,295,4723,3496,74.02074952360788
more-itertools,11.1.0,281,20260926,722,295,4723,3612,76.47681558331568
more-itertools,11.1.0,282,20260926,722,295,4723,3341,70.73893711623968
more-itertools,11.1.0,283,20260926,722,295,4723,3355,71.03535888206649
more-itertools,11.1.0,284,20260926,722,295,4723,3656,77.4084268473428
more-itertools,11.1.0,285,20260926,722,295,4723,3157,66.84310819394453
more-itertools,11.1.0,286,20260926,722,295,4723,3342,70.76011009951303
more-itertools,11.1.0,287,20260926,722,295,4723,3453,73.11031124285412
more-itertools,11.1.0,288,20260926,722,295,4723,3478,73.6396358246877
more-itertools,11.1.0,289,20260926,722,295,4723,3520,74.52890112216811
more-itertools,11.1.0,290,20260926,722,295,4723,3705,78.4459030277366
more-itertools,11.1.0,291,20260926,722,295,4723,3421,72.43277577810713
more-itertools,11.1.0,292,20260926,722,295,4723,3587,75.9474910014821
more-itertools,11.1.0,293,20260926,722,295,4723,3504,74.19013338979462
more-itertools,11.1.0,294,20260926,722,295,4723,3321,70.31547745077282
more-itertools,11.1.0,295,20260926,722,295,4723,3332,70.54838026677959
more-itertools,11.1.0,296,20260926,722,295,4723,3588,75.96866398475545
more-itertools,11.1.0,297,20260926,722,295,4723,3484,73.76667372432776
more-itertools,11.1.0,298,20260926,722,295,4723,3647,77.2178699978827
more-itertools,11.1.0,299,20260926,722,295,4723,3339,70.69659114969299
more-itertools,11.1.0,300,20260926,722,295,4723,3585,75.90514503493542
more-itertools,11.1.0,301,20260926,722,295,4723,3548,75.12174465382172
more-itertools,11.1.0,302,20260926,722,295,4723,3562,75.41816641964853
more-itertools,11.1.0,303,20260926,722,295,4723,3536,74.8676688545416
more-itertools,11.1.0,304,20260926,722,295,4723,3573,75.6510692356553
more-itertools,11.1.0,305,20260926,722,295,4723,3612,76.47681558331568
more-itertools,11.1.0,306,20260926,722,295,4723,3583,75.86279906838874
more-itertools,11.1.0,307,20260926,722,295,4723,3229,68.36756298962524
more-itertools,11.1.0,308,20260926,722,295,4723,3647,77.2178699978827
more-itertools,11.1.0,309,20260926,722,295,4723,3363,71.20474274825322
more-itertools,11.1.0,310,20260926,722,295,4723,3337,70.6542451831463
more-itertools,11.1.0,311,20260926,722,295,4723,3704,78.42473004446326
more-itertools,11.1.0,312,20260926,722,295,4723,3583,75.86279906838874
more-itertools,11.1.0,313,20260926,722,295,4723,3562,75.41816641964853
more-itertools,11.1.0,314,20260926,722,295,4723,3488,73.85136565742113
more-itertools,11.1.0,315,20260926,722,295,4723,3180,67.33008680923142
more-itertools,11.1.0,316,20260926,722,295,4723,3462,73.3008680923142
more-itertools,11.1.0,317,20260926,722,295,4723,3539,74.93118780436163
more-itertools,11.1.0,318,20260926,722,295,4723,3671,77.72602159644293
more-itertools,11.1.0,319,20260926,722,295,4723,3472,73.51259792504764
more-itertools,11.1.0,320,20260926,722,295,4723,3592,76.05335591784882
more-itertools,11.1.0,321,20260926,722,295,4723,3368,71.31060766461995
more-itertools,11.1.0,322,20260926,722,295,4723,3426,72.53864069447386
more-itertools,11.1.0,323,20260926,722,295,4723,3707,78.4882489942833
more-itertools,11.1.0,324,20260926,722,295,4723,3317,70.23078551767944
more-itertools,11.1.0,325,20260926,722,295,4723,3366,71.26826169807326
more-itertools,11.1.0,326,20260926,722,295,4723,3383,71.62820241372009
more-itertools,11.1.0,327,20260926,722,295,4723,3354,71.01418589879314
more-itertools,11.1.0,328,20260926,722,295,4723,3338,70.67541816641965
more-itertools,11.1.0,329,20260926,722,295,4723,3586,75.92631801820876
more-itertools,11.1.0,330,20260926,722,295,4723,3191,67.5629896252382
more-itertools,11.1.0,331,20260926,722,295,4723,3527,74.67711200508151
more-itertools,11.1.0,332,20260926,722,295,4723,3554,75.24878255346178
more-itertools,11.1.0,333,20260926,722,295,4723,3455,73.1526572094008
more-itertools,11.1.0,334,20260926,722,295,4723,3478,73.6396358246877
more-itertools,11.1.0,335,20260926,722,295,4723,3371,71.37412661443997
more-itertools,11.1.0,336,20260926,722,295,4723,3447,72.98327334321407
more-itertools,11.1.0,337,20260926,722,295,4723,3463,73.32204107558755
more-itertools,11.1.0,338,20260926,722,295,4723,3719,78.74232479356341
more-itertools,11.1.0,339,20260926,722,295,4723,3573,75.6510692356553
more-itertools,11.1.0,340,20260926,722,295,4723,3307,70.01905568494601
more-itertools,11.1.0,341,20260926,722,295,4723,3188,67.49947067541817
more-itertools,11.1.0,342,20260926,722,295,4723,3510,74.31717128943468
more-itertools,11.1.0,343,20260926,722,295,4723,3266,69.15096337073894
more-itertools,11.1.0,344,20260926,722,295,4723,3455,73.1526572094008
more-itertools,11.1.0,345,20260926,722,295,4723,3515,74.4230362058014
more-itertools,11.1.0,346,20260926,722,295,4723,3349,70.90832098242642
more-itertools,11.1.0,347,20260926,722,295,4723,3481,73.70315477450772
more-itertools,11.1.0,348,20260926,722,295,4723,3484,73.76667372432776
more-itertools,11.1.0,349,20260926,722,295,4723,3469,73.44907897522761
more-itertools,11.1.0,350,20260926,722,295,4723,3352,70.97183993224645
more-itertools,11.1.0,351,20260926,722,295,4723,3582,75.8416260851154
more-itertools,11.1.0,352,20260926,722,295,4723,3506,74.23247935634132
more-itertools,11.1.0,353,20260926,722,295,4723,3446,72.96210035994072
more-itertools,11.1.0,354,20260926,722,295,4723,3464,73.3432140588609
more-itertools,11.1.0,355,20260926,722,295,4723,3634,76.94262121532924
more-itertools,11.1.0,356,20260926,722,295,4723,3440,72.83506246030066
more-itertools,11.1.0,357,20260926,722,295,4723,3450,73.04679229303409
more-itertools,11.1.0,358,20260926,722,295,4723,3295,69.7649798856659
more-itertools,11.1.0,359,20260926,722,295,4723,3255,68.91806055473216
more-itertools,11.1.0,360,20260926,722,295,4723,3284,69.53207706965911
more-itertools,11.1.0,361,20260926,722,295,4723,3543,75.01587973745501
more-itertools,11.1.0,362,20260926,722,295,4723,3436,72.75037052720728
more-itertools,11.1.0,363,20260926,722,295,4723,3692,78.17065424518314
more-itertools,11.1.0,364,20260926,722,295,4723,3408,72.15752699555367
more-itertools,11.1.0,365,20260926,722,295,4723,3345,70.82362904933305
more-itertools,11.1.0,366,20260926,722,295,4723,3374,71.43764556426001
more-itertools,11.1.0,367,20260926,722,295,4723,3452,73.08913825958078
more-itertools,11.1.0,368,20260926,722,295,4723,3570,75.58755028583528
more-itertools,11.1.0,369,20260926,722,295,4723,3440,72.83506246030066
more-itertools,11.1.0,370,20260926,722,295,4723,3313,70.14609358458607
more-itertools,11.1.0,371,20260926,722,295,4723,3558,75.33347448655516
more-itertools,11.1.0,372,20260926,722,295,4723,3605,76.32860470040228
more-itertools,11.1.0,373,20260926,722,295,4723,3743,79.25047639212364
more-itertools,11.1.0,374,20260926,722,295,4723,3774,79.9068388735973
more-itertools,11.1.0,375,20260926,722,295,4723,3347,70.86597501587974
more-itertools,11.1.0,376,20260926,722,295,4723,3382,71.60702943044674
more-itertools,11.1.0,377,20260926,722,295,4723,3420,72.4116027948338
more-itertools,11.1.0,378,20260926,722,295,4723,3648,77.23904298115605
more-itertools,11.1.0,379,20260926,722,295,4723,3227,68.32521702307855
more-itertools,11.1.0,380,20260926,722,295,4723,3517,74.46538217234809
more-itertools,11.1.0,381,20260926,722,295,4723,3465,73.36438704213424
more-itertools,11.1.0,382,20260926,722,295,4723,3480,73.68198179123438
more-itertools,11.1.0,383,20260926,722,295,4723,3410,72.19987296210036
more-itertools,11.1.0,384,20260926,722,295,4723,3408,72.15752699555367
more-itertools,11.1.0,385,20260926,722,295,4723,3465,73.36438704213424
more-itertools,11.1.0,386,20260926,722,295,4723,3327,70.44251535041288
more-itertools,11.1.0,387,20260926,722,295,4723,3376,71.47999153080669
more-itertools,11.1.0,388,20260926,722,295,4723,3702,78.38238407791658
more-itertools,11.1.0,389,20260926,722,295,4723,3606,76.34977768367563
more-itertools,11.1.0,390,20260926,722,295,4723,3646,77.19669701460936
more-itertools,11.1.0,391,20260926,722,295,4723,3364,71.22591573152657
more-itertools,11.1.0,392,20260926,722,295,4723,3463,73.32204107558755
more-itertools,11.1.0,393,20260926,722,295,4723,3620,76.64619944950243
more-itertools,11.1.0,394,20260926,722,295,4723,3424,72.49629472792716
more-itertools,11.1.0,395,20260926,722,295,4723,3670,77.7048486131696
more-itertools,11.1.0,396,20260926,722,295,4723,3474,73.55494389159432
more-itertools,11.1.0,397,20260926,722,295,4723,3417,72.34808384501376
more-itertools,11.1.0,398,20260926,722,295,4723,3486,73.80901969087445
more-itertools,11.1.0,399,20260926,722,295,4723,3237,68.53694685581199
more-itertools,11.1.0,400,20260926,722,295,4723,3544,75.03705272072835
more-itertools,11.1.0,401,20260926,722,295,4723,3569,75.56637730256193
more-itertools,11.1.0,402,20260926,722,295,4723,3419,72.39042981156045
more-itertools,11.1.0,403,20260926,722,295,4723,3702,78.38238407791658
more-itertools,11.1.0,404,20260926,722,295,4723,3349,70.90832098242642
more-itertools,11.1.0,405,20260926,722,295,4723,3398,71.94579716282024
more-itertools,11.1.0,406,20260926,722,295,4723,3650,77.28138894770274
more-itertools,11.1.0,407,20260926,722,295,4723,3558,75.33347448655516
more-itertools,11.1.0,408,20260926,722,295,4723,3539,74.93118780436163
more-itertools,11.1.0,409,20260926,722,295,4723,3618,76.60385348295574
more-itertools,11.1.0,410,20260926,722,295,4723,3536,74.8676688545416
more-itertools,11.1.0,411,20260926,722,295,4723,3516,74.44420918907474
more-itertools,11.1.0,412,20260926,722,295,4723,3101,65.6574211306373
more-itertools,11.1.0,413,20260926,722,295,4723,3646,77.19669701460936
more-itertools,11.1.0,414,20260926,722,295,4723,3404,72.0728350624603
more-itertools,11.1.0,415,20260926,722,295,4723,3345,70.82362904933305
more-itertools,11.1.0,416,20260926,722,295,4723,3456,73.17383019267415
more-itertools,11.1.0,417,20260926,722,295,4723,3560,75.37582045310184
more-itertools,11.1.0,418,20260926,722,295,4723,3542,74.99470675418166
more-itertools,11.1.0,419,20260926,722,295,4723,3409,72.17869997882701
more-itertools,11.1.0,420,20260926,722,295,4723,3537,74.88884183781495
more-itertools,11.1.0,421,20260926,722,295,4723,3386,71.69172136354013
more-itertools,11.1.0,422,20260926,722,295,4723,3510,74.31717128943468
more-itertools,11.1.0,423,20260926,722,295,4723,3392,71.81875926318018
more-itertools,11.1.0,424,20260926,722,295,4723,3388,71.73406733008682
more-itertools,11.1.0,425,20260926,722,295,4723,3589,75.9898369680288
more-itertools,11.1.0,426,20260926,722,295,4723,3292,69.70146093584586
more-itertools,11.1.0,427,20260926,722,295,4723,3463,73.32204107558755
more-itertools,11.1.0,428,20260926,722,295,4723,3320,70.29430446749947
more-itertools,11.1.0,429,20260926,722,295,4723,3593,76.07452890112216
more-itertools,11.1.0,430,20260926,722,295,4723,3550,75.16409062036841
more-itertools,11.1.0,431,20260926,722,295,4723,3595,76.11687486766886
more-itertools,11.1.0,432,20260926,722,295,4723,3390,71.77641329663349
more-itertools,11.1.0,433,20260926,722,295,4723,3491,73.91488460724116
more-itertools,11.1.0,434,20260926,722,295,4723,3412,72.24221892864705
more-itertools,11.1.0,435,20260926,722,295,4723,3515,74.4230362058014
more-itertools,11.1.0,436,20260926,722,295,4723,3651,77.30256193097607
more-itertools,11.1.0,437,20260926,722,295,4723,3491,73.91488460724116
more-itertools,11.1.0,438,20260926,722,295,4723,3468,73.42790599195426
more-itertools,11.1.0,439,20260926,722,295,4723,3364,71.22591573152657
more-itertools,11.1.0,440,20260926,722,295,4723,3299,69.84967181875926
more-itertools,11.1.0,441,20260926,722,295,4723,3499,74.08426847342791
more-itertools,11.1.0,442,20260926,722,295,4723,3449,73.02561930976074
more-itertools,11.1.0,443,20260926,722,295,4723,3395,71.8822782130002
more-itertools,11.1.0,444,20260926,722,295,4723,3680,77.91657844590303
more-itertools,11.1.0,445,20260926,722,295,4723,3578,75.75693415202203
more-itertools,11.1.0,446,20260926,722,295,4723,3475,73.57611687486767
more-itertools,11.1.0,447,20260926,722,295,4723,3356,71.05653186533982
more-itertools,11.1.0,448,20260926,722,295,4723,3472,73.51259792504764
more-itertools,11.1.0,449,20260926,722,295,4723,3387,71.71289434681347
more-itertools,11.1.0,450,20260926,722,295,4723,3427,72.5598136777472
more-itertools,11.1.0,451,20260926,722,295,4723,3372,71.39529959771332
more-itertools,11.1.0,452,20260926,722,295,4723,3461,73.27969510904086
more-itertools,11.1.0,453,20260926,722,295,4723,3598,76.18039381748889
more-itertools,11.1.0,454,20260926,722,295,4723,3627,76.79441033241584
more-itertools,11.1.0,455,20260926,722,295,4723,3365,71.24708871479992
more-itertools,11.1.0,456,20260926,722,295,4723,3581,75.82045310184205
more-itertools,11.1.0,457,20260926,722,295,4723,3495,73.99957654033453
more-itertools,11.1.0,458,20260926,722,295,4723,3299,69.84967181875926
more-itertools,11.1.0,459,20260926,722,295,4723,3404,72.0728350624603
more-itertools,11.1.0,460,20260926,722,295,4723,3514,74.40186322252805
more-itertools,11.1.0,461,20260926,722,295,4723,3317,70.23078551767944
more-itertools,11.1.0,462,20260926,722,295,4723,3580,75.7992801185687
more-itertools,11.1.0,463,20260926,722,295,4723,3493,73.95723057378785
more-itertools,11.1.0,464,20260926,722,295,4723,3604,76.30743171712895
more-itertools,11.1.0,465,20260926,722,295,4723,3641,77.09083209824264
more-itertools,11.1.0,466,20260926,722,295,4723,3537,74.88884183781495
more-itertools,11.1.0,467,20260926,722,295,4723,3576,75.71458818547534
more-itertools,11.1.0,468,20260926,722,295,4723,3487,73.83019267414778
more-itertools,11.1.0,469,20260926,722,295,4723,3697,78.27651916154986
more-itertools,11.1.0,470,20260926,722,295,4723,3426,72.53864069447386
more-itertools,11.1.0,471,20260926,722,295,4723,3416,72.32691086174042
more-itertools,11.1.0,472,20260926,722,295,4723,3498,74.06309549015457
more-itertools,11.1.0,473,20260926,722,295,4723,3453,73.11031124285412
more-itertools,11.1.0,474,20260926,722,295,4723,3182,67.37243277577811
more-itertools,11.1.0,475,20260926,722,295,4723,3519,74.50772813889478
more-itertools,11.1.0,476,20260926,722,295,4723,3443,72.89858141012068
more-itertools,11.1.0,477,20260926,722,295,4723,3478,73.6396358246877
more-itertools,11.1.0,478,20260926,722,295,4723,3599,76.20156680076222
more-itertools,11.1.0,479,20260926,722,295,4723,3355,71.03535888206649
more-itertools,11.1.0,480,20260926,722,295,4723,3176,67.24539487613805
more-itertools,11.1.0,481,20260926,722,295,4723,3371,71.37412661443997
more-itertools,11.1.0,482,20260926,722,295,4723,3519,74.50772813889478
more-itertools,11.1.0,483,20260926,722,295,4723,3721,78.7846707601101
more-itertools,11.1.0,484,20260926,722,295,4723,3126,66.18674571247088
more-itertools,11.1.0,485,20260926,722,295,4723,3785,80.13974168960407
more-itertools,11.1.0,486,20260926,722,295,4723,3416,72.32691086174042
more-itertools,11.1.0,487,20260926,722,295,4723,3473,73.53377090832099
more-itertools,11.1.0,488,20260926,722,295,4723,3446,72.96210035994072
more-itertools,11.1.0,489,20260926,722,295,4723,3540,74.95236078763497
more-itertools,11.1.0,490,20260926,722,295,4723,3307,70.01905568494601
more-itertools,11.1.0,491,20260926,722,295,4723,3346,70.8448020326064
more-itertools,11.1.0,492,20260926,722,295,4723,3371,71.37412661443997
more-itertools,11.1.0,493,20260926,722,295,4723,3353,70.9930129155198
more-itertools,11.1.0,494,20260926,722,295,4723,3389,71.75524031336015
more-itertools,11.1.0,495,20260926,722,295,4723,3356,71.05653186533982
more-itertools,11.1.0,496,20260926,722,295,4723,3434,72.7080245606606
more-itertools,11.1.0,497,20260926,722,295,4723,3445,72.94092737666737
more-itertools,11.1.0,498,20260926,722,295,4723,3487,73.83019267414778
more-itertools,11.1.0,499,20260926,722,295,4723,3320,70.29430446749947
more-itertools,11.1.0,500,20260926,722,295,4723,3230,68.38873597289859
more-itertools,11.1.0,501,20260926,722,295,4723,3387,71.71289434681347
more-itertools,11.1.0,502,20260926,722,295,4723,3380,71.56468346390007
more-itertools,11.1.0,503,20260926,722,295,4723,3368,71.31060766461995
more-itertools,11.1.0,504,20260926,722,295,4723,3675,77.81071352953632
more-itertools,11.1.0,505,20260926,722,295,4723,3474,73.55494389159432
more-itertools,11.1.0,506,20260926,722,295,4723,3500,74.10544145670124
more-itertools,11.1.0,507,20260926,722,295,4723,3588,75.96866398475545
more-itertools,11.1.0,508,20260926,722,295,4723,3287,69.59559601947915
more-itertools,11.1.0,509,20260926,722,295,4723,3731,78.99640059284353
more-itertools,11.1.0,510,20260926,722,295,4723,3216,68.09231420707178
more-itertools,11.1.0,511,20260926,722,295,4723,3501,74.12661443997459
more-itertools,11.1.0,512,20260926,722,295,4723,3436,72.75037052720728
more-itertools,11.1.0,513,20260926,722,295,4723,3402,72.03048909591361
more-itertools,11.1.0,514,20260926,722,295,4723,3534,74.82532288799491
more-itertools,11.1.0,515,20260926,722,295,4723,3443,72.89858141012068
more-itertools,11.1.0,516,20260926,722,295,4723,3582,75.8416260851154
more-itertools,11.1.0,517,20260926,722,295,4723,3596,76.1380478509422
more-itertools,11.1.0,518,20260926,722,295,4723,3476,73.59728985814101
more-itertools,11.1.0,519,20260926,722,295,4723,3246,68.72750370527207
more-itertools,11.1.0,520,20260926,722,295,4723,3374,71.43764556426001
more-itertools,11.1.0,521,20260926,722,295,4723,3510,74.31717128943468
more-itertools,11.1.0,522,20260926,722,295,4723,3473,73.53377090832099
more-itertools,11.1.0,523,20260926,722,295,4723,3670,77.7048486131696
more-itertools,11.1.0,524,20260926,722,295,4723,3418,72.3692568282871
more-itertools,11.1.0,525,20260926,722,295,4723,3433,72.68685157738726
more-itertools,11.1.0,526,20260926,722,295,4723,3358,71.09887783188651
more-itertools,11.1.0,527,20260926,722,295,4723,3700,78.34003811136989
more-itertools,11.1.0,528,20260926,722,295,4723,3459,73.23734914249418
more-itertools,11.1.0,529,20260926,722,295,4723,3597,76.15922083421555
more-itertools,11.1.0,530,20260926,722,295,4723,3503,74.16896040652128
more-itertools,11.1.0,531,20260926,722,295,4723,3494,73.97840355706118
more-itertools,11.1.0,532,20260926,722,295,4723,3657,77.42959983061614
more-itertools,11.1.0,533,20260926,722,295,4723,3603,76.2862587338556
more-itertools,11.1.0,534,20260926,722,295,4723,3560,75.37582045310184
more-itertools,11.1.0,535,20260926,722,295,4723,3514,74.40186322252805
more-itertools,11.1.0,536,20260926,722,295,4723,3539,74.93118780436163
more-itertools,11.1.0,537,20260926,722,295,4723,3363,71.20474274825322
more-itertools,11.1.0,538,20260926,722,295,4723,3256,68.93923353800551
more-itertools,11.1.0,539,20260926,722,295,4723,3257,68.96040652127884
more-itertools,11.1.0,540,20260926,722,295,4723,3331,70.52720728350624
more-itertools,11.1.0,541,20260926,722,295,4723,3621,76.66737243277578
more-itertools,11.1.0,542,20260926,722,295,4723,3488,73.85136565742113
more-itertools,11.1.0,543,20260926,722,295,4723,3656,77.4084268473428
more-itertools,11.1.0,544,20260926,722,295,4723,3459,73.23734914249418
more-itertools,11.1.0,545,20260926,722,295,4723,3642,77.11200508151599
more-itertools,11.1.0,546,20260926,722,295,4723,3237,68.53694685581199
more-itertools,11.1.0,547,20260926,722,295,4723,3402,72.03048909591361
more-itertools,11.1.0,548,20260926,722,295,4723,3493,73.95723057378785
more-itertools,11.1.0,549,20260926,722,295,4723,3331,70.52720728350624
more-itertools,11.1.0,550,20260926,722,295,4723,3557,75.31230150328182
more-itertools,11.1.0,551,20260926,722,295,4723,3407,72.13635401228034
more-itertools,11.1.0,552,20260926,722,295,4723,3539,74.93118780436163
more-itertools,11.1.0,553,20260926,722,295,4723,3497,74.04192250688122
more-itertools,11.1.0,554,20260926,722,295,4723,3596,76.1380478509422
more-itertools,11.1.0,555,20260926,722,295,4723,3417,72.34808384501376
more-itertools,11.1.0,556,20260926,722,295,4723,3439,72.81388947702732
more-itertools,11.1.0,557,20260926,722,295,4723,3518,74.48655515562143
more-itertools,11.1.0,558,20260926,722,295,4723,3352,70.97183993224645
more-itertools,11.1.0,559,20260926,722,295,4723,3596,76.1380478509422
more-itertools,11.1.0,560,20260926,722,295,4723,3414,72.28456489519374
more-itertools,11.1.0,561,20260926,722,295,4723,3375,71.45881854753334
more-itertools,11.1.0,562,20260926,722,295,4723,3557,75.31230150328182
more-itertools,11.1.0,563,20260926,722,295,4723,3497,74.04192250688122
more-itertools,11.1.0,564,20260926,722,295,4723,3438,72.79271649375397
more-itertools,11.1.0,565,20260926,722,295,4723,3490,73.89371162396782
more-itertools,11.1.0,566,20260926,722,295,4723,3485,73.7878467076011
more-itertools,11.1.0,567,20260926,722,295,4723,3512,74.35951725598137
more-itertools,11.1.0,568,20260926,722,295,4723,3641,77.09083209824264
more-itertools,11.1.0,569,20260926,722,295,4723,3284,69.53207706965911
more-itertools,11.1.0,570,20260926,722,295,4723,3492,73.93605759051451
more-itertools,11.1.0,571,20260926,722,295,4723,3638,77.0273131484226
more-itertools,11.1.0,572,20260926,722,295,4723,3471,73.4914249417743
more-itertools,11.1.0,573,20260926,722,295,4723,3357,71.07770484861317
more-itertools,11.1.0,574,20260926,722,295,4723,3551,75.18526360364176
more-itertools,11.1.0,575,20260926,722,295,4723,3386,71.69172136354013
more-itertools,11.1.0,576,20260926,722,295,4723,3602,76.26508575058226
more-itertools,11.1.0,577,20260926,722,295,4723,3677,77.85305949608299
more-itertools,11.1.0,578,20260926,722,295,4723,3342,70.76011009951303
more-itertools,11.1.0,579,20260926,722,295,4723,3382,71.60702943044674
more-itertools,11.1.0,580,20260926,722,295,4723,3650,77.28138894770274
more-itertools,11.1.0,581,20260926,722,295,4723,3494,73.97840355706118
more-itertools,11.1.0,582,20260926,722,295,4723,3443,72.89858141012068
more-itertools,11.1.0,583,20260926,722,295,4723,3605,76.32860470040228
more-itertools,11.1.0,584,20260926,722,295,4723,3479,73.66080880796105
more-itertools,11.1.0,585,20260926,722,295,4723,3396,71.90345119627355
more-itertools,11.1.0,586,20260926,722,295,4723,3475,73.57611687486767
more-itertools,11.1.0,587,20260926,722,295,4723,3336,70.63307219987296
more-itertools,11.1.0,588,20260926,722,295,4723,3647,77.2178699978827
more-itertools,11.1.0,589,20260926,722,295,4723,3368,71.31060766461995
more-itertools,11.1.0,590,20260926,722,295,4723,3459,73.23734914249418
more-itertools,11.1.0,591,20260926,722,295,4723,3612,76.47681558331568
more-itertools,11.1.0,592,20260926,722,295,4723,3361,71.16239678170655
more-itertools,11.1.0,593,20260926,722,295,4723,3533,74.80414990472157
more-itertools,11.1.0,594,20260926,722,295,4723,3410,72.19987296210036
more-itertools,11.1.0,595,20260926,722,295,4723,3435,72.72919754393394
more-itertools,11.1.0,596,20260926,722,295,4723,3684,78.0012703789964
more-itertools,11.1.0,597,20260926,722,295,4723,3450,73.04679229303409
more-itertools,11.1.0,598,20260926,722,295,4723,3506,74.23247935634132
more-itertools,11.1.0,599,20260926,722,295,4723,3487,73.83019267414778
more-itertools,11.1.0,600,20260926,722,295,4723,3546,75.07939868727503
more-itertools,11.1.0,601,20260926,722,295,4723,3470,73.47025195850095
more-itertools,11.1.0,602,20260926,722,295,4723,3624,76.73089138259581
more-itertools,11.1.0,603,20260926,722,295,4723,3558,75.33347448655516
more-itertools,11.1.0,604,20260926,722,295,4723,3485,73.7878467076011
more-itertools,11.1.0,605,20260926,722,295,4723,3525,74.63476603853483
more-itertools,11.1.0,606,20260926,722,295,4723,3590,76.01100995130214
more-itertools,11.1.0,607,20260926,722,295,4723,3588,75.96866398475545
more-itertools,11.1.0,608,20260926,722,295,4723,3489,73.87253864069447
more-itertools,11.1.0,609,20260926,722,295,4723,3496,74.02074952360788
more-itertools,11.1.0,610,20260926,722,295,4723,3383,71.62820241372009
more-itertools,11.1.0,611,20260926,722,295,4723,3565,75.48168536946856
more-itertools,11.1.0,612,20260926,722,295,4723,3278,69.40503917001905
more-itertools,11.1.0,613,20260926,722,295,4723,3563,75.43933940292187
more-itertools,11.1.0,614,20260926,722,295,4723,3537,74.88884183781495
more-itertools,11.1.0,615,20260926,722,295,4723,3478,73.6396358246877
more-itertools,11.1.0,616,20260926,722,295,4723,3331,70.52720728350624
more-itertools,11.1.0,617,20260926,722,295,4723,3371,71.37412661443997
more-itertools,11.1.0,618,20260926,722,295,4723,3425,72.51746771120051
more-itertools,11.1.0,619,20260926,722,295,4723,3582,75.8416260851154
more-itertools,11.1.0,620,20260926,722,295,4723,3418,72.3692568282871
more-itertools,11.1.0,621,20260926,722,295,4723,3574,75.67224221892864
more-itertools,11.1.0,622,20260926,722,295,4723,3492,73.93605759051451
more-itertools,11.1.0,623,20260926,722,295,4723,3426,72.53864069447386
more-itertools,11.1.0,624,20260926,722,295,4723,3421,72.43277577810713
more-itertools,11.1.0,625,20260926,722,295,4723,3708,78.50942197755664
more-itertools,11.1.0,626,20260926,722,295,4723,3411,72.2210459453737
more-itertools,11.1.0,627,20260926,722,295,4723,3546,75.07939868727503
more-itertools,11.1.0,628,20260926,722,295,4723,3216,68.09231420707178
more-itertools,11.1.0,629,20260926,722,295,4723,3608,76.39212365022232
more-itertools,11.1.0,630,20260926,722,295,4723,3504,74.19013338979462
more-itertools,11.1.0,631,20260926,722,295,4723,3402,72.03048909591361
more-itertools,11.1.0,632,20260926,722,295,4723,3447,72.98327334321407
more-itertools,11.1.0,633,20260926,722,295,4723,3459,73.23734914249418
more-itertools,11.1.0,634,20260926,722,295,4723,3422,72.45394876138047
more-itertools,11.1.0,635,20260926,722,295,4723,3462,73.3008680923142
more-itertools,11.1.0,636,20260926,722,295,4723,3421,72.43277577810713
more-itertools,11.1.0,637,20260926,722,295,4723,3389,71.75524031336015
more-itertools,11.1.0,638,20260926,722,295,4723,3473,73.53377090832099
more-itertools,11.1.0,639,20260926,722,295,4723,3557,75.31230150328182
more-itertools,11.1.0,640,20260926,722,295,4723,3644,77.15435104806267
more-itertools,11.1.0,641,20260926,722,295,4723,3507,74.25365233961465
more-itertools,11.1.0,642,20260926,722,295,4723,3710,78.55176794410332
more-itertools,11.1.0,643,20260926,722,295,4723,3679,77.89540546262968
more-itertools,11.1.0,644,20260926,722,295,4723,3383,71.62820241372009
more-itertools,11.1.0,645,20260926,722,295,4723,3646,77.19669701460936
more-itertools,11.1.0,646,20260926,722,295,4723,3576,75.71458818547534
more-itertools,11.1.0,647,20260926,722,295,4723,3622,76.68854541604912
more-itertools,11.1.0,648,20260926,722,295,4723,3696,78.25534617827653
more-itertools,11.1.0,649,20260926,722,295,4723,3470,73.47025195850095
more-itertools,11.1.0,650,20260926,722,295,4723,3230,68.38873597289859
more-itertools,11.1.0,651,20260926,722,295,4723,3415,72.30573787846707
more-itertools,11.1.0,652,20260926,722,295,4723,3451,73.06796527630743
more-itertools,11.1.0,653,20260926,722,295,4723,3573,75.6510692356553
more-itertools,11.1.0,654,20260926,722,295,4723,3617,76.58268049968241
more-itertools,11.1.0,655,20260926,722,295,4723,3370,71.35295363116663
more-itertools,11.1.0,656,20260926,722,295,4723,3581,75.82045310184205
more-itertools,11.1.0,657,20260926,722,295,4723,3257,68.96040652127884
more-itertools,11.1.0,658,20260926,722,295,4723,3166,67.03366504340461
more-itertools,11.1.0,659,20260926,722,295,4723,3237,68.53694685581199
more-itertools,11.1.0,660,20260926,722,295,4723,3568,75.54520431928859
more-itertools,11.1.0,661,20260926,722,295,4723,3536,74.8676688545416
more-itertools,11.1.0,662,20260926,722,295,4723,3244,68.68515773872538
more-itertools,11.1.0,663,20260926,722,295,4723,3463,73.32204107558755
more-itertools,11.1.0,664,20260926,722,295,4723,3505,74.21130637306797
more-itertools,11.1.0,665,20260926,722,295,4723,3517,74.46538217234809
more-itertools,11.1.0,666,20260926,722,295,4723,3374,71.43764556426001
more-itertools,11.1.0,667,20260926,722,295,4723,3368,71.31060766461995
more-itertools,11.1.0,668,20260926,722,295,4723,3429,72.60215964429388
more-itertools,11.1.0,669,20260926,722,295,4723,3257,68.96040652127884
more-itertools,11.1.0,670,20260926,722,295,4723,3586,75.92631801820876
more-itertools,11.1.0,671,20260926,722,295,4723,3280,69.44738513656574
more-itertools,11.1.0,672,20260926,722,295,4723,3525,74.63476603853483
more-itertools,11.1.0,673,20260926,722,295,4723,3613,76.49798856658903
more-itertools,11.1.0,674,20260926,722,295,4723,3509,74.29599830616134
more-itertools,11.1.0,675,20260926,722,295,4723,3541,74.97353377090832
more-itertools,11.1.0,676,20260926,722,295,4723,3395,71.8822782130002
more-itertools,11.1.0,677,20260926,722,295,4723,3573,75.6510692356553
more-itertools,11.1.0,678,20260926,722,295,4723,3770,79.82214694050391
more-itertools,11.1.0,679,20260926,722,295,4723,3434,72.7080245606606
more-itertools,11.1.0,680,20260926,722,295,4723,3261,69.04509845437222
more-itertools,11.1.0,681,20260926,722,295,4723,3346,70.8448020326064
more-itertools,11.1.0,682,20260926,722,295,4723,3563,75.43933940292187
more-itertools,11.1.0,683,20260926,722,295,4723,3658,77.45077281388947
more-itertools,11.1.0,684,20260926,722,295,4723,3451,73.06796527630743
more-itertools,11.1.0,685,20260926,722,295,4723,3407,72.13635401228034
more-itertools,11.1.0,686,20260926,722,295,4723,3611,76.45564260004235
more-itertools,11.1.0,687,20260926,722,295,4723,3497,74.04192250688122
more-itertools,11.1.0,688,20260926,722,295,4723,3443,72.89858141012068
more-itertools,11.1.0,689,20260926,722,295,4723,3317,70.23078551767944
more-itertools,11.1.0,690,20260926,722,295,4723,3293,69.7226339191192
more-itertools,11.1.0,691,20260926,722,295,4723,3457,73.19500317594749
more-itertools,11.1.0,692,20260926,722,295,4723,3587,75.9474910014821
more-itertools,11.1.0,693,20260926,722,295,4723,3441,72.856235443574
more-itertools,11.1.0,694,20260926,722,295,4723,3437,72.77154351048063
more-itertools,11.1.0,695,20260926,722,295,4723,3432,72.66567859411391
more-itertools,11.1.0,696,20260926,722,295,4723,3514,74.40186322252805
more-itertools,11.1.0,697,20260926,722,295,4723,3250,68.81219563836545
more-itertools,11.1.0,698,20260926,722,295,4723,3387,71.71289434681347
more-itertools,11.1.0,699,20260926,722,295,4723,3559,75.35464746982849
more-itertools,11.1.0,700,20260926,722,295,4723,3566,75.5028583527419
more-itertools,11.1.0,701,20260926,722,295,4723,3621,76.66737243277578
more-itertools,11.1.0,702,20260926,722,295,4723,3521,74.55007410544145
more-itertools,11.1.0,703,20260926,722,295,4723,3478,73.6396358246877
more-itertools,11.1.0,704,20260926,722,295,4723,3457,73.19500317594749
more-itertools,11.1.0,705,20260926,722,295,4723,3300,69.87084480203261
more-itertools,11.1.0,706,20260926,722,295,4723,3273,69.29917425365234
more-itertools,11.1.0,707,20260926,722,295,4723,3534,74.82532288799491
more-itertools,11.1.0,708,20260926,722,295,4723,3466,73.38556002540759
more-itertools,11.1.0,709,20260926,722,295,4723,3489,73.87253864069447
more-itertools,11.1.0,710,20260926,722,295,4723,3629,76.83675629896253
more-itertools,11.1.0,711,20260926,722,295,4723,3618,76.60385348295574
more-itertools,11.1.0,712,20260926,722,295,4723,3476,73.59728985814101
more-itertools,11.1.0,713,20260926,722,295,4723,3151,66.71607029430447
more-itertools,11.1.0,714,20260926,722,295,4723,3663,77.5566377302562
more-itertools,11.1.0,715,20260926,722,295,4723,3353,70.9930129155198
more-itertools,11.1.0,716,20260926,722,295,4723,3303,69.93436375185263
more-itertools,11.1.0,717,20260926,722,295,4723,3502,74.14778742324793
more-itertools,11.1.0,718,20260926,722,295,4723,3450,73.04679229303409
more-itertools,11.1.0,719,20260926,722,295,4723,3504,74.19013338979462
more-itertools,11.1.0,720,20260926,722,295,4723,3382,71.60702943044674
more-itertools,11.1.0,721,20260926,722,295,4723,3486,73.80901969087445
more-itertools,11.1.0,722,20260926,722,295,4723,3503,74.16896040652128
more-itertools,11.1.0,723,20260926,722,295,4723,3589,75.9898369680288
more-itertools,11.1.0,724,20260926,722,295,4723,3449,73.02561930976074
more-itertools,11.1.0,725,20260926,722,295,4723,3270,69.23565530383232
more-itertools,11.1.0,726,20260926,722,295,4723,3438,72.79271649375397
more-itertools,11.1.0,727,20260926,722,295,4723,3428,72.58098666102053
more-itertools,11.1.0,728,20260926,722,295,4723,3436,72.75037052720728
more-itertools,11.1.0,729,20260926,722,295,4723,3369,71.33178064789328
more-itertools,11.1.0,730,20260926,722,295,4723,3502,74.14778742324793
more-itertools,11.1.0,731,20260926,722,295,4723,3641,77.09083209824264
more-itertools,11.1.0,732,20260926,722,295,4723,3600,76.22273978403557
more-itertools,11.1.0,733,20260926,722,295,4723,3723,78.82701672665678
more-itertools,11.1.0,734,20260926,722,295,4723,3553,75.22760957018843
more-itertools,11.1.0,735,20260926,722,295,4723,3361,71.16239678170655
more-itertools,11.1.0,736,20260926,722,295,4723,3678,77.87423247935634
more-itertools,11.1.0,737,20260926,722,295,4723,3718,78.72115181029007
more-itertools,11.1.0,738,20260926,722,295,4723,3269,69.21448232055897
more-itertools,11.1.0,739,20260926,722,295,4723,3501,74.12661443997459
more-itertools,11.1.0,740,20260926,722,295,4723,3254,68.89688757145882
more-itertools,11.1.0,741,20260926,722,295,4723,3369,71.33178064789328
more-itertools,11.1.0,742,20260926,722,295,4723,3561,75.39699343637518
more-itertools,11.1.0,743,20260926,722,295,4723,3335,70.61189921659962
more-itertools,11.1.0,744,20260926,722,295,4723,3344,70.8024560660597
more-itertools,11.1.0,745,20260926,722,295,4723,3360,71.1412237984332
more-itertools,11.1.0,746,20260926,722,295,4723,3412,72.24221892864705
more-itertools,11.1.0,747,20260926,722,295,4723,3553,75.22760957018843
more-itertools,11.1.0,748,20260926,722,295,4723,3575,75.69341520220199
more-itertools,11.1.0,749,20260926,722,295,4723,3361,71.16239678170655
more-itertools,11.1.0,750,20260926,722,295,4723,3371,71.37412661443997
more-itertools,11.1.0,751,20260926,722,295,4723,3411,72.2210459453737
more-itertools,11.1.0,752,20260926,722,295,4723,3438,72.79271649375397
more-itertools,11.1.0,753,20260926,722,295,4723,3436,72.75037052720728
more-itertools,11.1.0,754,20260926,722,295,4723,3457,73.19500317594749
more-itertools,11.1.0,755,20260926,722,295,4723,3401,72.00931611264028
more-itertools,11.1.0,756,20260926,722,295,4723,3503,74.16896040652128
more-itertools,11.1.0,757,20260926,722,295,4723,3488,73.85136565742113
more-itertools,11.1.0,758,20260926,722,295,4723,3521,74.55007410544145
more-itertools,11.1.0,759,20260926,722,295,4723,3351,70.95066694897311
more-itertools,11.1.0,760,20260926,722,295,4723,3559,75.35464746982849
more-itertools,11.1.0,761,20260926,722,295,4723,3596,76.1380478509422
more-itertools,11.1.0,762,20260926,722,295,4723,3476,73.59728985814101
more-itertools,11.1.0,763,20260926,722,295,4723,3571,75.60872326910862
more-itertools,11.1.0,764,20260926,722,295,4723,3508,74.27482532288799
more-itertools,11.1.0,765,20260926,722,295,4723,3451,73.06796527630743
more-itertools,11.1.0,766,20260926,722,295,4723,3413,72.2633919119204
more-itertools,11.1.0,767,20260926,722,295,4723,3465,73.36438704213424
more-itertools,11.1.0,768,20260926,722,295,4723,3427,72.5598136777472
more-itertools,11.1.0,769,20260926,722,295,4723,3565,75.48168536946856
more-itertools,11.1.0,770,20260926,722,295,4723,3556,75.29112852000847
more-itertools,11.1.0,771,20260926,722,295,4723,3525,74.63476603853483
more-itertools,11.1.0,772,20260926,722,295,4723,3426,72.53864069447386
more-itertools,11.1.0,773,20260926,722,295,4723,3390,71.77641329663349
more-itertools,11.1.0,774,20260926,722,295,4723,3331,70.52720728350624
more-itertools,11.1.0,775,20260926,722,295,4723,3518,74.48655515562143
more-itertools,11.1.0,776,20260926,722,295,4723,3461,73.27969510904086
more-itertools,11.1.0,777,20260926,722,295,4723,3572,75.62989625238195
more-itertools,11.1.0,778,20260926,722,295,4723,3435,72.72919754393394
more-itertools,11.1.0,779,20260926,722,295,4723,3450,73.04679229303409
more-itertools,11.1.0,780,20260926,722,295,4723,3480,73.68198179123438
more-itertools,11.1.0,781,20260926,722,295,4723,3428,72.58098666102053
more-itertools,11.1.0,782,20260926,722,295,4723,3368,71.31060766461995
more-itertools,11.1.0,783,20260926,722,295,4723,3452,73.08913825958078
more-itertools,11.1.0,784,20260926,722,295,4723,3388,71.73406733008682
more-itertools,11.1.0,785,20260926,722,295,4723,3615,76.54033453313572
more-itertools,11.1.0,786,20260926,722,295,4723,3414,72.28456489519374
more-itertools,11.1.0,787,20260926,722,295,4723,3617,76.58268049968241
more-itertools,11.1.0,788,20260926,722,295,4723,3392,71.81875926318018
more-itertools,11.1.0,789,20260926,722,295,4723,3475,73.57611687486767
more-itertools,11.1.0,790,20260926,722,295,4723,3414,72.28456489519374
more-itertools,11.1.0,791,20260926,722,295,4723,3571,75.60872326910862
more-itertools,11.1.0,792,20260926,722,295,4723,3266,69.15096337073894
more-itertools,11.1.0,793,20260926,722,295,4723,3486,73.80901969087445
more-itertools,11.1.0,794,20260926,722,295,4723,3523,74.59242007198814
more-itertools,11.1.0,795,20260926,722,295,4723,3365,71.24708871479992
more-itertools,11.1.0,796,20260926,722,295,4723,3380,71.56468346390007
more-itertools,11.1.0,797,20260926,722,295,4723,3520,74.52890112216811
more-itertools,11.1.0,798,20260926,722,295,4723,3430,72.62333262756722
more-itertools,11.1.0,799,20260926,722,295,4723,3507,74.25365233961465
more-itertools,11.1.0,800,20260926,722,295,4723,3401,72.00931611264028
more-itertools,11.1.0,801,20260926,722,295,4723,3529,74.7194579716282
more-itertools,11.1.0,802,20260926,722,295,4723,3614,76.51916154986237
more-itertools,11.1.0,803,20260926,722,295,4723,3611,76.45564260004235
more-itertools,11.1.0,804,20260926,722,295,4723,3385,71.67054838026678
more-itertools,11.1.0,805,20260926,722,295,4723,3384,71.64937539699343
more-itertools,11.1.0,806,20260926,722,295,4723,3793,80.30912555579081
more-itertools,11.1.0,807,20260926,722,295,4723,3465,73.36438704213424
more-itertools,11.1.0,808,20260926,722,295,4723,3412,72.24221892864705
more-itertools,11.1.0,809,20260926,722,295,4723,3215,68.07114122379843
more-itertools,11.1.0,810,20260926,722,295,4723,3276,69.36269320347238
more-itertools,11.1.0,811,20260926,722,295,4723,3523,74.59242007198814
more-itertools,11.1.0,812,20260926,722,295,4723,3446,72.96210035994072
more-itertools,11.1.0,813,20260926,722,295,4723,3225,68.28287105653186
more-itertools,11.1.0,814,20260926,722,295,4723,3367,71.2894346813466
more-itertools,11.1.0,815,20260926,722,295,4723,3364,71.22591573152657
more-itertools,11.1.0,816,20260926,722,295,4723,3542,74.99470675418166
more-itertools,11.1.0,817,20260926,722,295,4723,3501,74.12661443997459
more-itertools,11.1.0,818,20260926,722,295,4723,3591,76.03218293457549
more-itertools,11.1.0,819,20260926,722,295,4723,3523,74.59242007198814
more-itertools,11.1.0,820,20260926,722,295,4723,3394,71.86110522972687
more-itertools,11.1.0,821,20260926,722,295,4723,3582,75.8416260851154
more-itertools,11.1.0,822,20260926,722,295,4723,3290,69.65911496929917
more-itertools,11.1.0,823,20260926,722,295,4723,3283,69.51090408638578
more-itertools,11.1.0,824,20260926,722,295,4723,3511,74.33834427270803
more-itertools,11.1.0,825,20260926,722,295,4723,3378,71.52233749735338
more-itertools,11.1.0,826,20260926,722,295,4723,3351,70.95066694897311
more-itertools,11.1.0,827,20260926,722,295,4723,3402,72.03048909591361
more-itertools,11.1.0,828,20260926,722,295,4723,3433,72.68685157738726
more-itertools,11.1.0,829,20260926,722,295,4723,3574,75.67224221892864
more-itertools,11.1.0,830,20260926,722,295,4723,3374,71.43764556426001
more-itertools,11.1.0,831,20260926,722,295,4723,3511,74.33834427270803
more-itertools,11.1.0,832,20260926,722,295,4723,3522,74.5712470887148
more-itertools,11.1.0,833,20260926,722,295,4723,3413,72.2633919119204
more-itertools,11.1.0,834,20260926,722,295,4723,3547,75.10057167054838
more-itertools,11.1.0,835,20260926,722,295,4723,3552,75.2064365869151
more-itertools,11.1.0,836,20260926,722,295,4723,3497,74.04192250688122
more-itertools,11.1.0,837,20260926,722,295,4723,3499,74.08426847342791
more-itertools,11.1.0,838,20260926,722,295,4723,3551,75.18526360364176
more-itertools,11.1.0,839,20260926,722,295,4723,3630,76.85792928223587
more-itertools,11.1.0,840,20260926,722,295,4723,3471,73.4914249417743
more-itertools,11.1.0,841,20260926,722,295,4723,3496,74.02074952360788
more-itertools,11.1.0,842,20260926,722,295,4723,3503,74.16896040652128
more-itertools,11.1.0,843,20260926,722,295,4723,3370,71.35295363116663
more-itertools,11.1.0,844,20260926,722,295,4723,3650,77.28138894770274
more-itertools,11.1.0,845,20260926,722,295,4723,3393,71.83993224645353
more-itertools,11.1.0,846,20260926,722,295,4723,3264,69.10861740419224
more-itertools,11.1.0,847,20260926,722,295,4723,3480,73.68198179123438
more-itertools,11.1.0,848,20260926,722,295,4723,3437,72.77154351048063
more-itertools,11.1.0,849,20260926,722,295,4723,3617,76.58268049968241
more-itertools,11.1.0,850,20260926,722,295,4723,3415,72.30573787846707
more-itertools,11.1.0,851,20260926,722,295,4723,3410,72.19987296210036
more-itertools,11.1.0,852,20260926,722,295,4723,3628,76.81558331568918
more-itertools,11.1.0,853,20260926,722,295,4723,3479,73.66080880796105
more-itertools,11.1.0,854,20260926,722,295,4723,3343,70.78128308278636
more-itertools,11.1.0,855,20260926,722,295,4723,3233,68.45225492271861
more-itertools,11.1.0,856,20260926,722,295,4723,3467,73.40673300868092
more-itertools,11.1.0,857,20260926,722,295,4723,3293,69.7226339191192
more-itertools,11.1.0,858,20260926,722,295,4723,3398,71.94579716282024
more-itertools,11.1.0,859,20260926,722,295,4723,3260,69.02392547109888
more-itertools,11.1.0,860,20260926,722,295,4723,3342,70.76011009951303
more-itertools,11.1.0,861,20260926,722,295,4723,3545,75.0582257040017
more-itertools,11.1.0,862,20260926,722,295,4723,3470,73.47025195850095
more-itertools,11.1.0,863,20260926,722,295,4723,3421,72.43277577810713
more-itertools,11.1.0,864,20260926,722,295,4723,3421,72.43277577810713
more-itertools,11.1.0,865,20260926,722,295,4723,3337,70.6542451831463
more-itertools,11.1.0,866,20260926,722,295,4723,3370,71.35295363116663
more-itertools,11.1.0,867,20260926,722,295,4723,3410,72.19987296210036
more-itertools,11.1.0,868,20260926,722,295,4723,3435,72.72919754393394
more-itertools,11.1.0,869,20260926,722,295,4723,3445,72.94092737666737
more-itertools,11.1.0,870,20260926,722,295,4723,3401,72.00931611264028
more-itertools,11.1.0,871,20260926,722,295,4723,3570,75.58755028583528
more-itertools,11.1.0,872,20260926,722,295,4723,3329,70.48486131695957
more-itertools,11.1.0,873,20260926,722,295,4723,3394,71.86110522972687
more-itertools,11.1.0,874,20260926,722,295,4723,3668,77.66250264662291
more-itertools,11.1.0,875,20260926,722,295,4723,3406,72.11518102900699
more-itertools,11.1.0,876,20260926,722,295,4723,3508,74.27482532288799
more-itertools,11.1.0,877,20260926,722,295,4723,3434,72.7080245606606
more-itertools,11.1.0,878,20260926,722,295,4723,3619,76.62502646622909
more-itertools,11.1.0,879,20260926,722,295,4723,3553,75.22760957018843
more-itertools,11.1.0,880,20260926,722,295,4723,3372,71.39529959771332
more-itertools,11.1.0,881,20260926,722,295,4723,3456,73.17383019267415
more-itertools,11.1.0,882,20260926,722,295,4723,3542,74.99470675418166
more-itertools,11.1.0,883,20260926,722,295,4723,3302,69.9131907685793
more-itertools,11.1.0,884,20260926,722,295,4723,3398,71.94579716282024
more-itertools,11.1.0,885,20260926,722,295,4723,3568,75.54520431928859
more-itertools,11.1.0,886,20260926,722,295,4723,3583,75.86279906838874
more-itertools,11.1.0,887,20260926,722,295,4723,3533,74.80414990472157
more-itertools,11.1.0,888,20260926,722,295,4723,3342,70.76011009951303
more-itertools,11.1.0,889,20260926,722,295,4723,3471,73.4914249417743
more-itertools,11.1.0,890,20260926,722,295,4723,3280,69.44738513656574
more-itertools,11.1.0,891,20260926,722,295,4723,3464,73.3432140588609
more-itertools,11.1.0,892,20260926,722,295,4723,3645,77.17552403133601
more-itertools,11.1.0,893,20260926,722,295,4723,3567,75.52403133601524
more-itertools,11.1.0,894,20260926,722,295,4723,3617,76.58268049968241
more-itertools,11.1.0,895,20260926,722,295,4723,3617,76.58268049968241
more-itertools,11.1.0,896,20260926,722,295,4723,3655,77.38725386406945
more-itertools,11.1.0,897,20260926,722,295,4723,3457,73.19500317594749
more-itertools,11.1.0,898,20260926,722,295,4723,3352,70.97183993224645
more-itertools,11.1.0,899,20260926,722,295,4723,3604,76.30743171712895
more-itertools,11.1.0,900,20260926,722,295,4723,3206,67.88058437433834
more-itertools,11.1.0,901,20260926,722,295,4723,3430,72.62333262756722
more-itertools,11.1.0,902,20260926,722,295,4723,3366,71.26826169807326
more-itertools,11.1.0,903,20260926,722,295,4723,3549,75.14291763709507
more-itertools,11.1.0,904,20260926,722,295,4723,3578,75.75693415202203
more-itertools,11.1.0,905,20260926,722,295,4723,3577,75.73576116874868
more-itertools,11.1.0,906,20260926,722,295,4723,3678,77.87423247935634
more-itertools,11.1.0,907,20260926,722,295,4723,3628,76.81558331568918
more-itertools,11.1.0,908,20260926,722,295,4723,3568,75.54520431928859
more-itertools,11.1.0,909,20260926,722,295,4723,3444,72.91975439339403
more-itertools,11.1.0,910,20260926,722,295,4723,3426,72.53864069447386
more-itertools,11.1.0,911,20260926,722,295,4723,3555,75.26995553673513
more-itertools,11.1.0,912,20260926,722,295,4723,3672,77.74719457971628
more-itertools,11.1.0,913,20260926,722,295,4723,3373,71.41647258098666
more-itertools,11.1.0,914,20260926,722,295,4723,3246,68.72750370527207
more-itertools,11.1.0,915,20260926,722,295,4723,3495,73.99957654033453
more-itertools,11.1.0,916,20260926,722,295,4723,3532,74.78297692144824
more-itertools,11.1.0,917,20260926,722,295,4723,3442,72.87740842684734
more-itertools,11.1.0,918,20260926,722,295,4723,3454,73.13148422612745
more-itertools,11.1.0,919,20260926,722,295,4723,3214,68.04996824052509
more-itertools,11.1.0,920,20260926,722,295,4723,3547,75.10057167054838
more-itertools,11.1.0,921,20260926,722,295,4723,3572,75.62989625238195
more-itertools,11.1.0,922,20260926,722,295,4723,3476,73.59728985814101
more-itertools,11.1.0,923,20260926,722,295,4723,3390,71.77641329663349
more-itertools,11.1.0,924,20260926,722,295,4723,3674,77.78954054626297
more-itertools,11.1.0,925,20260926,722,295,4723,3650,77.28138894770274
more-itertools,11.1.0,926,20260926,722,295,4723,3375,71.45881854753334
more-itertools,11.1.0,927,20260926,722,295,4723,3567,75.52403133601524
more-itertools,11.1.0,928,20260926,722,295,4723,3342,70.76011009951303
more-itertools,11.1.0,929,20260926,722,295,4723,3647,77.2178699978827
more-itertools,11.1.0,930,20260926,722,295,4723,3382,71.60702943044674
more-itertools,11.1.0,931,20260926,722,295,4723,3396,71.90345119627355
more-itertools,11.1.0,932,20260926,722,295,4723,3614,76.51916154986237
more-itertools,11.1.0,933,20260926,722,295,4723,3497,74.04192250688122
more-itertools,11.1.0,934,20260926,722,295,4723,3509,74.29599830616134
more-itertools,11.1.0,935,20260926,722,295,4723,3386,71.69172136354013
more-itertools,11.1.0,936,20260926,722,295,4723,3483,73.74550074105441
more-itertools,11.1.0,937,20260926,722,295,4723,3470,73.47025195850095
more-itertools,11.1.0,938,20260926,722,295,4723,3601,76.24391276730891
more-itertools,11.1.0,939,20260926,722,295,4723,3493,73.95723057378785
more-itertools,11.1.0,940,20260926,722,295,4723,3579,75.77810713529536
more-itertools,11.1.0,941,20260926,722,295,4723,3593,76.07452890112216
more-itertools,11.1.0,942,20260926,722,295,4723,3609,76.41329663349566
more-itertools,11.1.0,943,20260926,722,295,4723,3542,74.99470675418166
more-itertools,11.1.0,944,20260926,722,295,4723,3461,73.27969510904086
more-itertools,11.1.0,945,20260926,722,295,4723,3548,75.12174465382172
more-itertools,11.1.0,946,20260926,722,295,4723,3622,76.68854541604912
more-itertools,11.1.0,947,20260926,722,295,4723,3302,69.9131907685793
more-itertools,11.1.0,948,20260926,722,295,4723,3497,74.04192250688122
more-itertools,11.1.0,949,20260926,722,295,4723,3275,69.34152022019903
more-itertools,11.1.0,950,20260926,722,295,4723,3289,69.63794198602584
more-itertools,11.1.0,951,20260926,722,295,4723,3554,75.24878255346178
more-itertools,11.1.0,952,20260926,722,295,4723,3413,72.2633919119204
more-itertools,11.1.0,953,20260926,722,295,4723,3325,70.40016938386619
more-itertools,11.1.0,954,20260926,722,295,4723,3479,73.66080880796105
more-itertools,11.1.0,955,20260926,722,295,4723,3607,76.37095066694897
more-itertools,11.1.0,956,20260926,722,295,4723,3354,71.01418589879314
more-itertools,11.1.0,957,20260926,722,295,4723,3534,74.82532288799491
more-itertools,11.1.0,958,20260926,722,295,4723,3535,74.84649587126826
more-itertools,11.1.0,959,20260926,722,295,4723,3518,74.48655515562143
more-itertools,11.1.0,960,20260926,722,295,4723,3392,71.81875926318018
more-itertools,11.1.0,961,20260926,722,295,4723,3484,73.76667372432776
more-itertools,11.1.0,962,20260926,722,295,4723,3485,73.7878467076011
more-itertools,11.1.0,963,20260926,722,295,4723,3332,70.54838026677959
more-itertools,11.1.0,964,20260926,722,295,4723,3274,69.32034723692568
more-itertools,11.1.0,965,20260926,722,295,4723,3274,69.32034723692568
more-itertools,11.1.0,966,20260926,722,295,4723,3474,73.55494389159432
more-itertools,11.1.0,967,20260926,722,295,4723,3455,73.1526572094008
more-itertools,11.1.0,968,20260926,722,295,4723,3107,65.78445903027736
more-itertools,11.1.0,969,20260926,722,295,4723,3325,70.40016938386619
more-itertools,11.1.0,970,20260926,722,295,4723,3597,76.15922083421555
more-itertools,11.1.0,971,20260926,722,295,4723,3391,71.79758627990684
more-itertools,11.1.0,972,20260926,722,295,4723,3542,74.99470675418166
more-itertools,11.1.0,973,20260926,722,295,4723,3395,71.8822782130002
more-itertools,11.1.0,974,20260926,722,295,4723,3543,75.01587973745501
more-itertools,11.1.0,975,20260926,722,295,4723,3435,72.72919754393394
more-itertools,11.1.0,976,20260926,722,295,4723,3283,69.51090408638578
more-itertools,11.1.0,977,20260926,722,295,4723,3417,72.34808384501376
more-itertools,11.1.0,978,20260926,722,295,4723,3421,72.43277577810713
more-itertools,11.1.0,979,20260926,722,295,4723,3302,69.9131907685793
more-itertools,11.1.0,980,20260926,722,295,4723,3681,77.93775142917637
more-itertools,11.1.0,981,20260926,722,295,4723,3538,74.9100148210883
more-itertools,11.1.0,982,20260926,722,295,4723,3482,73.72432775778107
more-itertools,11.1.0,983,20260926,722,295,4723,3363,71.20474274825322
more-itertools,11.1.0,984,20260926,722,295,4723,3314,70.16726656785941
more-itertools,11.1.0,985,20260926,722,295,4723,3442,72.87740842684734
more-itertools,11.1.0,986,20260926,722,295,4723,3438,72.79271649375397
more-itertools,11.1.0,987,20260926,722,295,4723,3601,76.24391276730891
more-itertools,11.1.0,988,20260926,722,295,4723,3425,72.51746771120051
more-itertools,11.1.0,989,20260926,722,295,4723,3626,76.77323734914249
more-itertools,11.1.0,990,20260926,722,295,4723,3291,69.68028795257251
more-itertools,11.1.0,991,20260926,722,295,4723,3241,68.62163878890536
more-itertools,11.1.0,992,20260926,722,295,4723,3738,79.14461147575693
more-itertools,11.1.0,993,20260926,722,295,4723,3707,78.4882489942833
more-itertools,11.1.0,994,20260926,722,295,4723,3473,73.53377090832099
more-itertools,11.1.0,995,20260926,722,295,4723,3532,74.78297692144824
more-itertools,11.1.0,996,20260926,722,295,4723,3566,75.5028583527419
more-itertools,11.1.0,997,20260926,722,295,4723,3499,74.08426847342791
more-itertools,11.1.0,998,20260926,722,295,4723,3551,75.18526360364176
more-itertools,11.1.0,999,20260926,722,295,4723,3399,71.96697014609359
more-itertools,11.1.0,1000,20260926,722,295,4723,3603,76.2862587338556
